ISO-10303-21;
HEADER;
FILE_DESCRIPTION(('Designed by EasyEDA Pro'),'2;1');
FILE_NAME('Open CASCADE Shape Model','2026-04-26T14:39:02',('Author'),(
    'Open CASCADE'),'Open CASCADE STEP processor 7.8','Open CASCADE 7.8'
  ,'Unknown');
FILE_SCHEMA(('AUTOMOTIVE_DESIGN { 1 0 10303 214 1 1 1 1 }'));
ENDSEC;
DATA;
#1 = APPLICATION_PROTOCOL_DEFINITION('international standard',
  'automotive_design',2000,#2);
#2 = APPLICATION_CONTEXT(
  'core data for automotive mechanical design processes');
#3 = SHAPE_DEFINITION_REPRESENTATION(#4,#10);
#4 = PRODUCT_DEFINITION_SHAPE('','',#5);
#5 = PRODUCT_DEFINITION('design','',#6,#9);
#6 = PRODUCT_DEFINITION_FORMATION('','',#7);
#7 = PRODUCT('EasyEDA PCB Model~5c17','EasyEDA PCB Model~5c17','',(#8));
#8 = PRODUCT_CONTEXT('',#2,'mechanical');
#9 = PRODUCT_DEFINITION_CONTEXT('part definition',#2,'design');
#10 = SHAPE_REPRESENTATION('',(#11,#15,#19,#23,#27,#31),#35);
#11 = AXIS2_PLACEMENT_3D('',#12,#13,#14);
#12 = CARTESIAN_POINT('',(0.,0.,0.));
#13 = DIRECTION('',(0.,0.,1.));
#14 = DIRECTION('',(1.,0.,-0.));
#15 = AXIS2_PLACEMENT_3D('',#16,#17,#18);
#16 = CARTESIAN_POINT('',(0.,0.,0.));
#17 = DIRECTION('',(0.,0.,1.));
#18 = DIRECTION('',(1.,0.,-0.));
#19 = AXIS2_PLACEMENT_3D('',#20,#21,#22);
#20 = CARTESIAN_POINT('',(0.,0.,1.610050800102));
#21 = DIRECTION('',(0.,0.,1.));
#22 = DIRECTION('',(1.,0.,-0.));
#23 = AXIS2_PLACEMENT_3D('',#24,#25,#26);
#24 = CARTESIAN_POINT('',(0.,0.,-1.E-02));
#25 = DIRECTION('',(0.,0.,1.));
#26 = DIRECTION('',(1.,0.,-0.));
#27 = AXIS2_PLACEMENT_3D('',#28,#29,#30);
#28 = CARTESIAN_POINT('',(0.,0.,0.));
#29 = DIRECTION('',(0.,0.,1.));
#30 = DIRECTION('',(1.,0.,-0.));
#31 = AXIS2_PLACEMENT_3D('',#32,#33,#34);
#32 = CARTESIAN_POINT('',(0.,0.,0.));
#33 = DIRECTION('',(0.,0.,1.));
#34 = DIRECTION('',(1.,0.,-0.));
#35 = ( GEOMETRIC_REPRESENTATION_CONTEXT(3) 
GLOBAL_UNCERTAINTY_ASSIGNED_CONTEXT((#39)) GLOBAL_UNIT_ASSIGNED_CONTEXT(
(#36,#37,#38)) REPRESENTATION_CONTEXT('Context #1',
  '3D Context with UNIT and UNCERTAINTY') );
#36 = ( LENGTH_UNIT() NAMED_UNIT(*) SI_UNIT(.MILLI.,.METRE.) );
#37 = ( NAMED_UNIT(*) PLANE_ANGLE_UNIT() SI_UNIT($,.RADIAN.) );
#38 = ( NAMED_UNIT(*) SI_UNIT($,.STERADIAN.) SOLID_ANGLE_UNIT() );
#39 = UNCERTAINTY_MEASURE_WITH_UNIT(LENGTH_MEASURE(1.E-07),#36,
  'distance_accuracy_value','confusion accuracy');
#40 = PRODUCT_RELATED_PRODUCT_CATEGORY('part',$,(#7));
#41 = SHAPE_DEFINITION_REPRESENTATION(#42,#48);
#42 = PRODUCT_DEFINITION_SHAPE('','',#43);
#43 = PRODUCT_DEFINITION('design','',#44,#47);
#44 = PRODUCT_DEFINITION_FORMATION('','',#45);
#45 = PRODUCT('Board~5c17','Board~5c17','',(#46));
#46 = PRODUCT_CONTEXT('',#2,'mechanical');
#47 = PRODUCT_DEFINITION_CONTEXT('part definition',#2,'design');
#48 = ADVANCED_BREP_SHAPE_REPRESENTATION('',(#11,#49),#137);
#49 = MANIFOLD_SOLID_BREP('',#50);
#50 = CLOSED_SHELL('',(#51,#93,#117,#127));
#51 = ADVANCED_FACE('',(#52),#88,.T.);
#52 = FACE_BOUND('',#53,.T.);
#53 = EDGE_LOOP('',(#54,#64,#73,#81));
#54 = ORIENTED_EDGE('',*,*,#55,.T.);
#55 = EDGE_CURVE('',#56,#58,#60,.T.);
#56 = VERTEX_POINT('',#57);
#57 = CARTESIAN_POINT('',(-49.98739903479,9.584480137747E-16,0.));
#58 = VERTEX_POINT('',#59);
#59 = CARTESIAN_POINT('',(-49.98739903479,9.584480137747E-16,
    1.600050800102));
#60 = LINE('',#61,#62);
#61 = CARTESIAN_POINT('',(-49.98739903479,9.584480137747E-16,0.));
#62 = VECTOR('',#63,1.);
#63 = DIRECTION('',(0.,0.,1.));
#64 = ORIENTED_EDGE('',*,*,#65,.T.);
#65 = EDGE_CURVE('',#58,#66,#68,.T.);
#66 = VERTEX_POINT('',#67);
#67 = CARTESIAN_POINT('',(49.987399034798,-8.610561546627E-15,
    1.600050800102));
#68 = CIRCLE('',#69,49.987399034798);
#69 = AXIS2_PLACEMENT_3D('',#70,#71,#72);
#70 = CARTESIAN_POINT('',(0.,-1.167140695752E-14,1.600050800102));
#71 = DIRECTION('',(0.,0.,-1.));
#72 = DIRECTION('',(-1.,1.110223024625E-16,0.));
#73 = ORIENTED_EDGE('',*,*,#74,.F.);
#74 = EDGE_CURVE('',#75,#66,#77,.T.);
#75 = VERTEX_POINT('',#76);
#76 = CARTESIAN_POINT('',(49.987399034798,-8.610561546627E-15,0.));
#77 = LINE('',#78,#79);
#78 = CARTESIAN_POINT('',(49.987399034798,-8.610561546627E-15,0.));
#79 = VECTOR('',#80,1.);
#80 = DIRECTION('',(0.,0.,1.));
#81 = ORIENTED_EDGE('',*,*,#82,.F.);
#82 = EDGE_CURVE('',#56,#75,#83,.T.);
#83 = CIRCLE('',#84,49.987399034798);
#84 = AXIS2_PLACEMENT_3D('',#85,#86,#87);
#85 = CARTESIAN_POINT('',(0.,-1.167140695752E-14,0.));
#86 = DIRECTION('',(0.,0.,-1.));
#87 = DIRECTION('',(-1.,1.110223024625E-16,0.));
#88 = CYLINDRICAL_SURFACE('',#89,49.987399034798);
#89 = AXIS2_PLACEMENT_3D('',#90,#91,#92);
#90 = CARTESIAN_POINT('',(0.,-1.167140695752E-14,0.));
#91 = DIRECTION('',(0.,0.,-1.));
#92 = DIRECTION('',(-1.,1.110223024625E-16,0.));
#93 = ADVANCED_FACE('',(#94),#112,.T.);
#94 = FACE_BOUND('',#95,.T.);
#95 = EDGE_LOOP('',(#96,#97,#104,#105));
#96 = ORIENTED_EDGE('',*,*,#74,.T.);
#97 = ORIENTED_EDGE('',*,*,#98,.T.);
#98 = EDGE_CURVE('',#66,#58,#99,.T.);
#99 = CIRCLE('',#100,49.987399034798);
#100 = AXIS2_PLACEMENT_3D('',#101,#102,#103);
#101 = CARTESIAN_POINT('',(2.548665787819E-31,4.019293429314E-15,
    1.600050800102));
#102 = DIRECTION('',(-0.,0.,-1.));
#103 = DIRECTION('',(1.,-2.028708123986E-16,-0.));
#104 = ORIENTED_EDGE('',*,*,#55,.F.);
#105 = ORIENTED_EDGE('',*,*,#106,.F.);
#106 = EDGE_CURVE('',#75,#56,#107,.T.);
#107 = CIRCLE('',#108,49.987399034798);
#108 = AXIS2_PLACEMENT_3D('',#109,#110,#111);
#109 = CARTESIAN_POINT('',(2.548665787819E-31,4.019293429314E-15,0.));
#110 = DIRECTION('',(-0.,0.,-1.));
#111 = DIRECTION('',(1.,-2.028708123986E-16,-0.));
#112 = CYLINDRICAL_SURFACE('',#113,49.987399034798);
#113 = AXIS2_PLACEMENT_3D('',#114,#115,#116);
#114 = CARTESIAN_POINT('',(2.548665787819E-31,4.019293429314E-15,0.));
#115 = DIRECTION('',(-0.,0.,-1.));
#116 = DIRECTION('',(1.,-2.028708123986E-16,-0.));
#117 = ADVANCED_FACE('',(#118),#122,.T.);
#118 = FACE_BOUND('',#119,.T.);
#119 = EDGE_LOOP('',(#120,#121));
#120 = ORIENTED_EDGE('',*,*,#82,.T.);
#121 = ORIENTED_EDGE('',*,*,#106,.T.);
#122 = PLANE('',#123);
#123 = AXIS2_PLACEMENT_3D('',#124,#125,#126);
#124 = CARTESIAN_POINT('',(0.,-8.463243780721E-16,0.));
#125 = DIRECTION('',(-0.,-0.,-1.));
#126 = DIRECTION('',(-1.,0.,0.));
#127 = ADVANCED_FACE('',(#128),#132,.F.);
#128 = FACE_BOUND('',#129,.F.);
#129 = EDGE_LOOP('',(#130,#131));
#130 = ORIENTED_EDGE('',*,*,#65,.T.);
#131 = ORIENTED_EDGE('',*,*,#98,.T.);
#132 = PLANE('',#133);
#133 = AXIS2_PLACEMENT_3D('',#134,#135,#136);
#134 = CARTESIAN_POINT('',(0.,-8.463243780721E-16,1.600050800102));
#135 = DIRECTION('',(-0.,-0.,-1.));
#136 = DIRECTION('',(-1.,0.,0.));
#137 = ( GEOMETRIC_REPRESENTATION_CONTEXT(3) 
GLOBAL_UNCERTAINTY_ASSIGNED_CONTEXT((#141)) GLOBAL_UNIT_ASSIGNED_CONTEXT
((#138,#139,#140)) REPRESENTATION_CONTEXT('Context #1',
  '3D Context with UNIT and UNCERTAINTY') );
#138 = ( LENGTH_UNIT() NAMED_UNIT(*) SI_UNIT(.MILLI.,.METRE.) );
#139 = ( NAMED_UNIT(*) PLANE_ANGLE_UNIT() SI_UNIT($,.RADIAN.) );
#140 = ( NAMED_UNIT(*) SI_UNIT($,.STERADIAN.) SOLID_ANGLE_UNIT() );
#141 = UNCERTAINTY_MEASURE_WITH_UNIT(LENGTH_MEASURE(1.E-07),#138,
  'distance_accuracy_value','confusion accuracy');
#142 = CONTEXT_DEPENDENT_SHAPE_REPRESENTATION(#143,#145);
#143 = ( REPRESENTATION_RELATIONSHIP('','',#48,#10) 
REPRESENTATION_RELATIONSHIP_WITH_TRANSFORMATION(#144) 
SHAPE_REPRESENTATION_RELATIONSHIP() );
#144 = ITEM_DEFINED_TRANSFORMATION('','',#11,#15);
#145 = PRODUCT_DEFINITION_SHAPE('Placement','Placement of an item',#146
  );
#146 = NEXT_ASSEMBLY_USAGE_OCCURRENCE('1','=>[0:1:1:2]','',#5,#43,$);
#147 = PRODUCT_RELATED_PRODUCT_CATEGORY('part',$,(#45));
#148 = SHAPE_DEFINITION_REPRESENTATION(#149,#155);
#149 = PRODUCT_DEFINITION_SHAPE('','',#150);
#150 = PRODUCT_DEFINITION('design','',#151,#154);
#151 = PRODUCT_DEFINITION_FORMATION('','',#152);
#152 = PRODUCT('TopCopper~5c17','TopCopper~5c17','',(#153));
#153 = PRODUCT_CONTEXT('',#2,'mechanical');
#154 = PRODUCT_DEFINITION_CONTEXT('part definition',#2,'design');
#155 = MANIFOLD_SURFACE_SHAPE_REPRESENTATION('',(#11,#156),#204);
#156 = SHELL_BASED_SURFACE_MODEL('',(#157));
#157 = OPEN_SHELL('',(#158));
#158 = ADVANCED_FACE('',(#159,#179),#199,.T.);
#159 = FACE_BOUND('',#160,.T.);
#160 = EDGE_LOOP('',(#161,#172));
#161 = ORIENTED_EDGE('',*,*,#162,.T.);
#162 = EDGE_CURVE('',#163,#165,#167,.T.);
#163 = VERTEX_POINT('',#164);
#164 = CARTESIAN_POINT('',(49.987399034798,-1.167140696338E-14,0.));
#165 = VERTEX_POINT('',#166);
#166 = CARTESIAN_POINT('',(-49.98739903479,-3.632820098506E-15,0.));
#167 = CIRCLE('',#168,49.987399034798);
#168 = AXIS2_PLACEMENT_3D('',#169,#170,#171);
#169 = CARTESIAN_POINT('',(0.,-5.719746876109E-16,0.));
#170 = DIRECTION('',(-0.,0.,-1.));
#171 = DIRECTION('',(1.,-1.110223024625E-16,-0.));
#172 = ORIENTED_EDGE('',*,*,#173,.T.);
#173 = EDGE_CURVE('',#165,#163,#174,.T.);
#174 = CIRCLE('',#175,49.987399034798);
#175 = AXIS2_PLACEMENT_3D('',#176,#177,#178);
#176 = CARTESIAN_POINT('',(-1.699110525213E-31,-1.473225236881E-14,0.));
#177 = DIRECTION('',(0.,0.,-1.));
#178 = DIRECTION('',(-1.,1.722546424199E-16,0.));
#179 = FACE_BOUND('',#180,.T.);
#180 = EDGE_LOOP('',(#181,#192));
#181 = ORIENTED_EDGE('',*,*,#182,.T.);
#182 = EDGE_CURVE('',#183,#185,#187,.T.);
#183 = VERTEX_POINT('',#184);
#184 = CARTESIAN_POINT('',(48.250095250191,8.311302906373E-15,0.));
#185 = VERTEX_POINT('',#186);
#186 = CARTESIAN_POINT('',(-48.25009525019,-9.251373105826E-16,0.));
#187 = CIRCLE('',#188,48.250095250191);
#188 = AXIS2_PLACEMENT_3D('',#189,#190,#191);
#189 = CARTESIAN_POINT('',(2.46008732996E-31,-3.879603551044E-15,0.));
#190 = DIRECTION('',(0.,0.,1.));
#191 = DIRECTION('',(1.,2.028708123986E-16,-0.));
#192 = ORIENTED_EDGE('',*,*,#193,.T.);
#193 = EDGE_CURVE('',#185,#183,#194,.T.);
#194 = CIRCLE('',#195,48.250095250191);
#195 = AXIS2_PLACEMENT_3D('',#196,#197,#198);
#196 = CARTESIAN_POINT('',(0.,1.126576913938E-14,0.));
#197 = DIRECTION('',(0.,0.,1.));
#198 = DIRECTION('',(-1.,-1.110223024625E-16,0.));
#199 = PLANE('',#200);
#200 = AXIS2_PLACEMENT_3D('',#201,#202,#203);
#201 = CARTESIAN_POINT('',(-1.516206616291E-15,-5.983713439913E-15,0.));
#202 = DIRECTION('',(-0.,-0.,-1.));
#203 = DIRECTION('',(-1.,0.,0.));
#204 = ( GEOMETRIC_REPRESENTATION_CONTEXT(3) 
GLOBAL_UNCERTAINTY_ASSIGNED_CONTEXT((#208)) GLOBAL_UNIT_ASSIGNED_CONTEXT
((#205,#206,#207)) REPRESENTATION_CONTEXT('Context #1',
  '3D Context with UNIT and UNCERTAINTY') );
#205 = ( LENGTH_UNIT() NAMED_UNIT(*) SI_UNIT(.MILLI.,.METRE.) );
#206 = ( NAMED_UNIT(*) PLANE_ANGLE_UNIT() SI_UNIT($,.RADIAN.) );
#207 = ( NAMED_UNIT(*) SI_UNIT($,.STERADIAN.) SOLID_ANGLE_UNIT() );
#208 = UNCERTAINTY_MEASURE_WITH_UNIT(LENGTH_MEASURE(1.E-07),#205,
  'distance_accuracy_value','confusion accuracy');
#209 = CONTEXT_DEPENDENT_SHAPE_REPRESENTATION(#210,#212);
#210 = ( REPRESENTATION_RELATIONSHIP('','',#155,#10) 
REPRESENTATION_RELATIONSHIP_WITH_TRANSFORMATION(#211) 
SHAPE_REPRESENTATION_RELATIONSHIP() );
#211 = ITEM_DEFINED_TRANSFORMATION('','',#11,#19);
#212 = PRODUCT_DEFINITION_SHAPE('Placement','Placement of an item',#213
  );
#213 = NEXT_ASSEMBLY_USAGE_OCCURRENCE('2','=>[0:1:1:3]','',#5,#150,$);
#214 = PRODUCT_RELATED_PRODUCT_CATEGORY('part',$,(#152));
#215 = SHAPE_DEFINITION_REPRESENTATION(#216,#222);
#216 = PRODUCT_DEFINITION_SHAPE('','',#217);
#217 = PRODUCT_DEFINITION('design','',#218,#221);
#218 = PRODUCT_DEFINITION_FORMATION('','',#219);
#219 = PRODUCT('BottomCopper~5c17','BottomCopper~5c17','',(#220));
#220 = PRODUCT_CONTEXT('',#2,'mechanical');
#221 = PRODUCT_DEFINITION_CONTEXT('part definition',#2,'design');
#222 = SHAPE_REPRESENTATION('',(#11,#223,#271,#6361,#8723,#9181,#10935),
  #11441);
#223 = SHELL_BASED_SURFACE_MODEL('',(#224));
#224 = OPEN_SHELL('',(#225));
#225 = ADVANCED_FACE('',(#226,#246),#266,.T.);
#226 = FACE_BOUND('',#227,.T.);
#227 = EDGE_LOOP('',(#228,#239));
#228 = ORIENTED_EDGE('',*,*,#229,.T.);
#229 = EDGE_CURVE('',#230,#232,#234,.T.);
#230 = VERTEX_POINT('',#231);
#231 = CARTESIAN_POINT('',(49.987399034798,-1.167140696338E-14,0.));
#232 = VERTEX_POINT('',#233);
#233 = CARTESIAN_POINT('',(-49.98739903479,-3.632820098506E-15,0.));
#234 = CIRCLE('',#235,49.987399034798);
#235 = AXIS2_PLACEMENT_3D('',#236,#237,#238);
#236 = CARTESIAN_POINT('',(0.,-5.719746876109E-16,0.));
#237 = DIRECTION('',(-0.,0.,-1.));
#238 = DIRECTION('',(1.,-1.110223024625E-16,-0.));
#239 = ORIENTED_EDGE('',*,*,#240,.T.);
#240 = EDGE_CURVE('',#232,#230,#241,.T.);
#241 = CIRCLE('',#242,49.987399034798);
#242 = AXIS2_PLACEMENT_3D('',#243,#244,#245);
#243 = CARTESIAN_POINT('',(-1.699110525213E-31,-1.473225236881E-14,0.));
#244 = DIRECTION('',(0.,0.,-1.));
#245 = DIRECTION('',(-1.,1.722546424199E-16,0.));
#246 = FACE_BOUND('',#247,.T.);
#247 = EDGE_LOOP('',(#248,#259));
#248 = ORIENTED_EDGE('',*,*,#249,.T.);
#249 = EDGE_CURVE('',#250,#252,#254,.T.);
#250 = VERTEX_POINT('',#251);
#251 = CARTESIAN_POINT('',(47.500093980188,8.182111708166E-15,0.));
#252 = VERTEX_POINT('',#253);
#253 = CARTESIAN_POINT('',(-47.50009398018,-9.107569432831E-16,0.));
#254 = CIRCLE('',#255,47.500093980188);
#255 = AXIS2_PLACEMENT_3D('',#256,#257,#258);
#256 = CARTESIAN_POINT('',(2.421847641267E-31,-3.819298849565E-15,0.));
#257 = DIRECTION('',(0.,0.,1.));
#258 = DIRECTION('',(1.,2.028708123986E-16,-0.));
#259 = ORIENTED_EDGE('',*,*,#260,.T.);
#260 = EDGE_CURVE('',#252,#250,#261,.T.);
#261 = CIRCLE('',#262,47.500093980188);
#262 = AXIS2_PLACEMENT_3D('',#263,#264,#265);
#263 = CARTESIAN_POINT('',(0.,1.109065360607E-14,0.));
#264 = DIRECTION('',(0.,0.,1.));
#265 = DIRECTION('',(-1.,-1.110223024625E-16,0.));
#266 = PLANE('',#267);
#267 = AXIS2_PLACEMENT_3D('',#268,#269,#270);
#268 = CARTESIAN_POINT('',(-1.516206616291E-15,-5.983713439913E-15,0.));
#269 = DIRECTION('',(-0.,-0.,-1.));
#270 = DIRECTION('',(-1.,0.,0.));
#271 = SHELL_BASED_SURFACE_MODEL('',(#272));
#272 = OPEN_SHELL('',(#273));
#273 = ADVANCED_FACE('',(#274),#6356,.T.);
#274 = FACE_BOUND('',#275,.T.);
#275 = EDGE_LOOP('',(#276,#286,#294,#302,#310,#318,#326,#334,#342,#350,
    #358,#366,#374,#382,#390,#398,#406,#414,#422,#430,#438,#446,#454,
    #462,#470,#478,#486,#494,#502,#510,#518,#526,#534,#542,#550,#558,
    #566,#574,#582,#590,#598,#606,#614,#622,#630,#638,#646,#654,#662,
    #670,#678,#686,#694,#702,#710,#718,#726,#734,#742,#750,#758,#766,
    #774,#782,#790,#798,#806,#814,#822,#830,#838,#846,#854,#862,#870,
    #878,#886,#894,#902,#910,#918,#926,#934,#942,#950,#958,#966,#974,
    #982,#990,#998,#1006,#1014,#1022,#1030,#1038,#1046,#1054,#1062,#1070
    ,#1078,#1086,#1094,#1102,#1110,#1118,#1126,#1134,#1142,#1150,#1158,
    #1166,#1174,#1182,#1190,#1198,#1206,#1214,#1222,#1230,#1238,#1246,
    #1254,#1262,#1270,#1278,#1286,#1294,#1302,#1310,#1318,#1326,#1334,
    #1342,#1350,#1358,#1366,#1374,#1382,#1390,#1398,#1406,#1414,#1422,
    #1430,#1438,#1446,#1454,#1462,#1470,#1478,#1486,#1494,#1502,#1510,
    #1518,#1526,#1534,#1542,#1550,#1558,#1566,#1574,#1582,#1590,#1598,
    #1606,#1614,#1622,#1630,#1638,#1646,#1654,#1662,#1670,#1678,#1686,
    #1694,#1702,#1710,#1718,#1726,#1734,#1742,#1750,#1758,#1766,#1774,
    #1782,#1790,#1798,#1806,#1814,#1822,#1830,#1838,#1846,#1854,#1862,
    #1870,#1878,#1886,#1894,#1902,#1910,#1918,#1926,#1934,#1942,#1950,
    #1958,#1966,#1974,#1982,#1990,#1998,#2006,#2014,#2022,#2030,#2038,
    #2046,#2054,#2062,#2070,#2078,#2086,#2094,#2102,#2110,#2118,#2126,
    #2134,#2142,#2150,#2158,#2166,#2174,#2182,#2190,#2198,#2206,#2214,
    #2222,#2230,#2238,#2246,#2254,#2262,#2270,#2278,#2286,#2294,#2302,
    #2310,#2318,#2326,#2334,#2342,#2350,#2358,#2366,#2374,#2382,#2390,
    #2398,#2406,#2414,#2422,#2430,#2438,#2446,#2454,#2462,#2470,#2478,
    #2486,#2494,#2502,#2510,#2518,#2526,#2534,#2542,#2550,#2558,#2566,
    #2574,#2582,#2590,#2598,#2606,#2614,#2622,#2630,#2638,#2646,#2654,
    #2662,#2670,#2678,#2686,#2694,#2702,#2710,#2718,#2726,#2734,#2742,
    #2750,#2758,#2766,#2774,#2782,#2790,#2798,#2806,#2814,#2822,#2830,
    #2838,#2846,#2854,#2862,#2870,#2878,#2886,#2894,#2902,#2910,#2918,
    #2926,#2934,#2942,#2950,#2958,#2966,#2974,#2982,#2990,#2998,#3006,
    #3014,#3022,#3030,#3038,#3046,#3054,#3062,#3070,#3078,#3086,#3094,
    #3102,#3110,#3118,#3126,#3134,#3142,#3150,#3158,#3166,#3174,#3182,
    #3190,#3198,#3206,#3214,#3222,#3230,#3238,#3246,#3254,#3262,#3270,
    #3278,#3286,#3294,#3302,#3310,#3318,#3326,#3334,#3342,#3350,#3358,
    #3366,#3374,#3382,#3390,#3398,#3406,#3414,#3422,#3430,#3438,#3446,
    #3454,#3462,#3470,#3478,#3486,#3494,#3502,#3510,#3518,#3526,#3534,
    #3542,#3550,#3558,#3566,#3574,#3582,#3590,#3598,#3606,#3614,#3622,
    #3630,#3638,#3646,#3654,#3662,#3670,#3678,#3686,#3694,#3702,#3710,
    #3718,#3726,#3734,#3742,#3750,#3758,#3766,#3774,#3782,#3790,#3798,
    #3806,#3814,#3822,#3830,#3838,#3846,#3854,#3862,#3870,#3878,#3886,
    #3894,#3902,#3910,#3918,#3926,#3934,#3942,#3950,#3958,#3966,#3974,
    #3982,#3990,#3998,#4006,#4014,#4022,#4030,#4038,#4046,#4054,#4062,
    #4070,#4078,#4086,#4094,#4102,#4110,#4118,#4126,#4134,#4142,#4150,
    #4158,#4166,#4174,#4182,#4190,#4198,#4206,#4214,#4222,#4230,#4238,
    #4246,#4254,#4262,#4270,#4278,#4286,#4294,#4302,#4310,#4318,#4326,
    #4334,#4342,#4350,#4358,#4366,#4374,#4382,#4390,#4398,#4406,#4414,
    #4422,#4430,#4438,#4446,#4454,#4462,#4470,#4478,#4486,#4494,#4502,
    #4510,#4518,#4526,#4534,#4542,#4550,#4558,#4566,#4574,#4582,#4590,
    #4598,#4606,#4614,#4622,#4630,#4638,#4646,#4654,#4662,#4670,#4678,
    #4686,#4694,#4702,#4710,#4718,#4726,#4734,#4742,#4750,#4758,#4766,
    #4774,#4782,#4790,#4798,#4806,#4814,#4822,#4830,#4838,#4846,#4854,
    #4862,#4870,#4878,#4886,#4894,#4902,#4910,#4918,#4926,#4934,#4942,
    #4950,#4958,#4966,#4974,#4982,#4990,#4998,#5006,#5014,#5022,#5030,
    #5038,#5046,#5054,#5062,#5070,#5078,#5086,#5094,#5102,#5110,#5118,
    #5126,#5134,#5142,#5150,#5158,#5166,#5174,#5182,#5190,#5198,#5206,
    #5214,#5222,#5230,#5238,#5246,#5254,#5262,#5270,#5278,#5286,#5294,
    #5302,#5310,#5318,#5326,#5334,#5342,#5350,#5358,#5366,#5374,#5382,
    #5390,#5398,#5406,#5414,#5422,#5430,#5438,#5446,#5454,#5462,#5470,
    #5478,#5486,#5494,#5502,#5510,#5518,#5526,#5534,#5542,#5550,#5558,
    #5566,#5574,#5582,#5590,#5598,#5606,#5614,#5622,#5630,#5638,#5646,
    #5654,#5662,#5670,#5678,#5686,#5694,#5702,#5710,#5718,#5726,#5734,
    #5742,#5750,#5758,#5766,#5774,#5782,#5790,#5798,#5806,#5814,#5822,
    #5830,#5838,#5846,#5854,#5862,#5870,#5878,#5886,#5894,#5902,#5910,
    #5918,#5926,#5934,#5942,#5950,#5958,#5966,#5974,#5982,#5990,#5998,
    #6006,#6014,#6022,#6030,#6038,#6046,#6054,#6062,#6070,#6078,#6086,
    #6094,#6102,#6110,#6118,#6126,#6134,#6142,#6150,#6158,#6166,#6174,
    #6182,#6190,#6198,#6206,#6214,#6222,#6230,#6238,#6246,#6254,#6262,
    #6270,#6278,#6286,#6294,#6302,#6310,#6318,#6326,#6334,#6342,#6350));
#276 = ORIENTED_EDGE('',*,*,#277,.T.);
#277 = EDGE_CURVE('',#278,#280,#282,.T.);
#278 = VERTEX_POINT('',#279);
#279 = CARTESIAN_POINT('',(1.820464204933,25.755409875675,0.));
#280 = VERTEX_POINT('',#281);
#281 = CARTESIAN_POINT('',(1.995085956351,25.76239795411,0.));
#282 = LINE('',#283,#284);
#283 = CARTESIAN_POINT('',(1.820464204933,25.755409875675,0.));
#284 = VECTOR('',#285,1.);
#285 = DIRECTION('',(0.999200225382,3.998636762362E-02,0.));
#286 = ORIENTED_EDGE('',*,*,#287,.T.);
#287 = EDGE_CURVE('',#280,#288,#290,.T.);
#288 = VERTEX_POINT('',#289);
#289 = CARTESIAN_POINT('',(2.08785876634,25.728092841793,0.));
#290 = LINE('',#291,#292);
#291 = CARTESIAN_POINT('',(1.995085956351,25.76239795411,0.));
#292 = VECTOR('',#293,1.);
#293 = DIRECTION('',(0.937930351746,-0.346823665966,0.));
#294 = ORIENTED_EDGE('',*,*,#295,.T.);
#295 = EDGE_CURVE('',#288,#296,#298,.T.);
#296 = VERTEX_POINT('',#297);
#297 = CARTESIAN_POINT('',(2.36608256484,25.683393845137,0.));
#298 = LINE('',#299,#300);
#299 = CARTESIAN_POINT('',(2.08785876634,25.728092841793,0.));
#300 = VECTOR('',#301,1.);
#301 = DIRECTION('',(0.987339010917,-0.158624328277,0.));
#302 = ORIENTED_EDGE('',*,*,#303,.T.);
#303 = EDGE_CURVE('',#296,#304,#306,.T.);
#304 = VERTEX_POINT('',#305);
#305 = CARTESIAN_POINT('',(3.082683004276,25.667705961983,0.));
#306 = LINE('',#307,#308);
#307 = CARTESIAN_POINT('',(2.36608256484,25.683393845137,0.));
#308 = VECTOR('',#309,1.);
#309 = DIRECTION('',(0.999760454242,-2.188684840866E-02,0.));
#310 = ORIENTED_EDGE('',*,*,#311,.T.);
#311 = EDGE_CURVE('',#304,#312,#314,.T.);
#312 = VERTEX_POINT('',#313);
#313 = CARTESIAN_POINT('',(4.036412920142,25.667705961983,0.));
#314 = LINE('',#315,#316);
#315 = CARTESIAN_POINT('',(3.082683004276,25.667705961983,0.));
#316 = VECTOR('',#317,1.);
#317 = DIRECTION('',(1.,0.,0.));
#318 = ORIENTED_EDGE('',*,*,#319,.T.);
#319 = EDGE_CURVE('',#312,#320,#322,.T.);
#320 = VERTEX_POINT('',#321);
#321 = CARTESIAN_POINT('',(4.107769900739,25.37152437498,0.));
#322 = LINE('',#323,#324);
#323 = CARTESIAN_POINT('',(4.036412920142,25.667705961983,0.));
#324 = VECTOR('',#325,1.);
#325 = DIRECTION('',(0.234221392666,-0.972183284786,0.));
#326 = ORIENTED_EDGE('',*,*,#327,.T.);
#327 = EDGE_CURVE('',#320,#328,#330,.T.);
#328 = VERTEX_POINT('',#329);
#329 = CARTESIAN_POINT('',(4.151312508765,24.935870183378,0.));
#330 = LINE('',#331,#332);
#331 = CARTESIAN_POINT('',(4.107769900739,25.37152437498,0.));
#332 = VECTOR('',#333,1.);
#333 = DIRECTION('',(9.945213368057E-02,-0.995042347394,0.));
#334 = ORIENTED_EDGE('',*,*,#335,.T.);
#335 = EDGE_CURVE('',#328,#336,#338,.T.);
#336 = VERTEX_POINT('',#337);
#337 = CARTESIAN_POINT('',(4.140827827279,24.229150017481,0.));
#338 = LINE('',#339,#340);
#339 = CARTESIAN_POINT('',(4.151312508765,24.935870183378,0.));
#340 = VECTOR('',#341,1.);
#341 = DIRECTION('',(-1.483405788586E-02,-0.99988996931,0.));
#342 = ORIENTED_EDGE('',*,*,#343,.T.);
#343 = EDGE_CURVE('',#336,#344,#346,.T.);
#344 = VERTEX_POINT('',#345);
#345 = CARTESIAN_POINT('',(4.106314031984,22.395732348074,0.));
#346 = LINE('',#347,#348);
#347 = CARTESIAN_POINT('',(4.140827827279,24.229150017481,0.));
#348 = VECTOR('',#349,1.);
#349 = DIRECTION('',(-1.882150591686E-02,-0.999822859768,0.));
#350 = ORIENTED_EDGE('',*,*,#351,.T.);
#351 = EDGE_CURVE('',#344,#352,#354,.T.);
#352 = VERTEX_POINT('',#353);
#353 = CARTESIAN_POINT('',(4.101072904465,18.54551289033,0.));
#354 = LINE('',#355,#356);
#355 = CARTESIAN_POINT('',(4.106314031984,22.395732348074,0.));
#356 = VECTOR('',#357,1.);
#357 = DIRECTION('',(-1.361252967786E-03,-0.999999073495,0.));
#358 = ORIENTED_EDGE('',*,*,#359,.T.);
#359 = EDGE_CURVE('',#352,#360,#362,.T.);
#360 = VERTEX_POINT('',#361);
#361 = CARTESIAN_POINT('',(4.1243237351,17.471266507261,0.));
#362 = LINE('',#363,#364);
#363 = CARTESIAN_POINT('',(4.101072904465,18.54551289033,0.));
#364 = VECTOR('',#365,1.);
#365 = DIRECTION('',(2.163878502626E-02,-0.999765854079,0.));
#366 = ORIENTED_EDGE('',*,*,#367,.T.);
#367 = EDGE_CURVE('',#360,#368,#370,.T.);
#368 = VERTEX_POINT('',#369);
#369 = CARTESIAN_POINT('',(4.169011702374,17.073872520724,0.));
#370 = LINE('',#371,#372);
#371 = CARTESIAN_POINT('',(4.1243237351,17.471266507261,0.));
#372 = VECTOR('',#373,1.);
#373 = DIRECTION('',(0.111748209792,-0.993736553423,0.));
#374 = ORIENTED_EDGE('',*,*,#375,.T.);
#375 = EDGE_CURVE('',#368,#376,#378,.T.);
#376 = VERTEX_POINT('',#377);
#377 = CARTESIAN_POINT('',(4.244087745203,16.741968815066,0.));
#378 = LINE('',#379,#380);
#379 = CARTESIAN_POINT('',(4.169011702374,17.073872520724,0.));
#380 = VECTOR('',#381,1.);
#381 = DIRECTION('',(0.2206244757,-0.975358826649,0.));
#382 = ORIENTED_EDGE('',*,*,#383,.T.);
#383 = EDGE_CURVE('',#376,#384,#386,.T.);
#384 = VERTEX_POINT('',#385);
#385 = CARTESIAN_POINT('',(4.355811644277,16.454808498451,0.));
#386 = LINE('',#387,#388);
#387 = CARTESIAN_POINT('',(4.244087745203,16.741968815066,0.));
#388 = VECTOR('',#389,1.);
#389 = DIRECTION('',(0.362588457607,-0.931949360432,0.));
#390 = ORIENTED_EDGE('',*,*,#391,.T.);
#391 = EDGE_CURVE('',#384,#392,#394,.T.);
#392 = VERTEX_POINT('',#393);
#393 = CARTESIAN_POINT('',(4.510443180286,16.19164467904,0.));
#394 = LINE('',#395,#396);
#395 = CARTESIAN_POINT('',(4.355811644277,16.454808498451,0.));
#396 = VECTOR('',#397,1.);
#397 = DIRECTION('',(0.50660455905,-0.862178531831,0.));
#398 = ORIENTED_EDGE('',*,*,#399,.T.);
#399 = EDGE_CURVE('',#392,#400,#402,.T.);
#400 = VERTEX_POINT('',#401);
#401 = CARTESIAN_POINT('',(4.973468285863,15.654318964479,0.));
#402 = LINE('',#403,#404);
#403 = CARTESIAN_POINT('',(4.510443180286,16.19164467904,0.));
#404 = VECTOR('',#405,1.);
#405 = DIRECTION('',(0.652788595981,-0.757540130262,0.));
#406 = ORIENTED_EDGE('',*,*,#407,.T.);
#407 = EDGE_CURVE('',#400,#408,#410,.T.);
#408 = VERTEX_POINT('',#409);
#409 = CARTESIAN_POINT('',(5.543414212672,15.006704089512,0.));
#410 = LINE('',#411,#412);
#411 = CARTESIAN_POINT('',(4.973468285863,15.654318964479,0.));
#412 = VECTOR('',#413,1.);
#413 = DIRECTION('',(0.660657184834,-0.75068774076,0.));
#414 = ORIENTED_EDGE('',*,*,#415,.T.);
#415 = EDGE_CURVE('',#408,#416,#418,.T.);
#416 = VERTEX_POINT('',#417);
#417 = CARTESIAN_POINT('',(5.906990743404,14.528761876547,0.));
#418 = LINE('',#419,#420);
#419 = CARTESIAN_POINT('',(5.543414212672,15.006704089512,0.));
#420 = VECTOR('',#421,1.);
#421 = DIRECTION('',(0.605442567871,-0.79588899792,0.));
#422 = ORIENTED_EDGE('',*,*,#423,.T.);
#423 = EDGE_CURVE('',#416,#424,#426,.T.);
#424 = VERTEX_POINT('',#425);
#425 = CARTESIAN_POINT('',(6.084645554729,14.254162158043,0.));
#426 = LINE('',#427,#428);
#427 = CARTESIAN_POINT('',(5.906990743404,14.528761876547,0.));
#428 = VECTOR('',#429,1.);
#429 = DIRECTION('',(0.54319231127,-0.839608309259,0.));
#430 = ORIENTED_EDGE('',*,*,#431,.T.);
#431 = EDGE_CURVE('',#424,#432,#434,.T.);
#432 = VERTEX_POINT('',#433);
#433 = CARTESIAN_POINT('',(6.306384071967,13.890358559517,0.));
#434 = LINE('',#435,#436);
#435 = CARTESIAN_POINT('',(6.084645554729,14.254162158043,0.));
#436 = VECTOR('',#437,1.);
#437 = DIRECTION('',(0.52044838772,-0.85389312898,0.));
#438 = ORIENTED_EDGE('',*,*,#439,.T.);
#439 = EDGE_CURVE('',#432,#440,#442,.T.);
#440 = VERTEX_POINT('',#441);
#441 = CARTESIAN_POINT('',(6.53646957007,13.580094935667,0.));
#442 = LINE('',#443,#444);
#443 = CARTESIAN_POINT('',(6.306384071967,13.890358559517,0.));
#444 = VECTOR('',#445,1.);
#445 = DIRECTION('',(0.59566308069,-0.803234395617,0.));
#446 = ORIENTED_EDGE('',*,*,#447,.T.);
#447 = EDGE_CURVE('',#440,#448,#450,.T.);
#448 = VERTEX_POINT('',#449);
#449 = CARTESIAN_POINT('',(6.88477161111,13.143940020011,0.));
#450 = LINE('',#451,#452);
#451 = CARTESIAN_POINT('',(6.53646957007,13.580094935667,0.));
#452 = VECTOR('',#453,1.);
#453 = DIRECTION('',(0.624015435321,-0.781412014549,0.));
#454 = ORIENTED_EDGE('',*,*,#455,.T.);
#455 = EDGE_CURVE('',#448,#456,#458,.T.);
#456 = VERTEX_POINT('',#457);
#457 = CARTESIAN_POINT('',(7.407855549131,12.433714785732,0.));
#458 = LINE('',#459,#460);
#459 = CARTESIAN_POINT('',(6.88477161111,13.143940020011,0.));
#460 = VECTOR('',#461,1.);
#461 = DIRECTION('',(0.593022738456,-0.805185712537,0.));
#462 = ORIENTED_EDGE('',*,*,#463,.T.);
#463 = EDGE_CURVE('',#456,#464,#466,.T.);
#464 = VERTEX_POINT('',#465);
#465 = CARTESIAN_POINT('',(7.768658649884,11.900591458458,0.));
#466 = LINE('',#467,#468);
#467 = CARTESIAN_POINT('',(7.407855549131,12.433714785732,0.));
#468 = VECTOR('',#469,1.);
#469 = DIRECTION('',(0.560480778795,-0.82816743271,0.));
#470 = ORIENTED_EDGE('',*,*,#471,.T.);
#471 = EDGE_CURVE('',#464,#472,#474,.T.);
#472 = VERTEX_POINT('',#473);
#473 = CARTESIAN_POINT('',(7.887897637317,11.670577963407,0.));
#474 = LINE('',#475,#476);
#475 = CARTESIAN_POINT('',(7.768658649884,11.900591458458,0.));
#476 = VECTOR('',#477,1.);
#477 = DIRECTION('',(0.460234211799,-0.88779753902,0.));
#478 = ORIENTED_EDGE('',*,*,#479,.T.);
#479 = EDGE_CURVE('',#472,#480,#482,.T.);
#480 = VERTEX_POINT('',#481);
#481 = CARTESIAN_POINT('',(8.159600660322,11.28763242323,0.));
#482 = LINE('',#483,#484);
#483 = CARTESIAN_POINT('',(7.887897637317,11.670577963407,0.));
#484 = VECTOR('',#485,1.);
#485 = DIRECTION('',(0.578655249355,-0.815572254551,0.));
#486 = ORIENTED_EDGE('',*,*,#487,.T.);
#487 = EDGE_CURVE('',#480,#488,#490,.T.);
#488 = VERTEX_POINT('',#489);
#489 = CARTESIAN_POINT('',(8.454746809961,10.9221140654,0.));
#490 = LINE('',#491,#492);
#491 = CARTESIAN_POINT('',(8.159600660322,11.28763242323,0.));
#492 = VECTOR('',#493,1.);
#493 = DIRECTION('',(0.628233768243,-0.778024634854,0.));
#494 = ORIENTED_EDGE('',*,*,#495,.T.);
#495 = EDGE_CURVE('',#488,#496,#498,.T.);
#496 = VERTEX_POINT('',#497);
#497 = CARTESIAN_POINT('',(8.644315177294,10.744382117391,0.));
#498 = LINE('',#499,#500);
#499 = CARTESIAN_POINT('',(8.454746809961,10.9221140654,0.));
#500 = VECTOR('',#501,1.);
#501 = DIRECTION('',(0.72951492307,-0.68396489458,0.));
#502 = ORIENTED_EDGE('',*,*,#503,.T.);
#503 = EDGE_CURVE('',#496,#504,#506,.T.);
#504 = VERTEX_POINT('',#505);
#505 = CARTESIAN_POINT('',(8.761541729479,10.655725283912,0.));
#506 = LINE('',#507,#508);
#507 = CARTESIAN_POINT('',(8.644315177294,10.744382117391,0.));
#508 = VECTOR('',#509,1.);
#509 = DIRECTION('',(0.797586912875,-0.603204042104,0.));
#510 = ORIENTED_EDGE('',*,*,#511,.T.);
#511 = EDGE_CURVE('',#504,#512,#514,.T.);
#512 = VERTEX_POINT('',#513);
#513 = CARTESIAN_POINT('',(8.9787379362,10.30768015519,0.));
#514 = LINE('',#515,#516);
#515 = CARTESIAN_POINT('',(8.761541729479,10.655725283912,0.));
#516 = VECTOR('',#517,1.);
#517 = DIRECTION('',(0.529416883608,-0.848361811582,0.));
#518 = ORIENTED_EDGE('',*,*,#519,.T.);
#519 = EDGE_CURVE('',#512,#520,#522,.T.);
#520 = VERTEX_POINT('',#521);
#521 = CARTESIAN_POINT('',(9.197040603175,9.929123946634,0.));
#522 = LINE('',#523,#524);
#523 = CARTESIAN_POINT('',(8.9787379362,10.30768015519,0.));
#524 = VECTOR('',#525,1.);
#525 = DIRECTION('',(0.499559087253,-0.866279815269,0.));
#526 = ORIENTED_EDGE('',*,*,#527,.T.);
#527 = EDGE_CURVE('',#520,#528,#530,.T.);
#528 = VERTEX_POINT('',#529);
#529 = CARTESIAN_POINT('',(9.640187640733,9.251403865076,0.));
#530 = LINE('',#531,#532);
#531 = CARTESIAN_POINT('',(9.197040603175,9.929123946634,0.));
#532 = VECTOR('',#533,1.);
#533 = DIRECTION('',(0.547268714386,-0.836956960813,0.));
#534 = ORIENTED_EDGE('',*,*,#535,.T.);
#535 = EDGE_CURVE('',#528,#536,#538,.T.);
#536 = VERTEX_POINT('',#537);
#537 = CARTESIAN_POINT('',(11.387424263039,6.882057049024,0.));
#538 = LINE('',#539,#540);
#539 = CARTESIAN_POINT('',(9.640187640733,9.251403865076,0.));
#540 = VECTOR('',#541,1.);
#541 = DIRECTION('',(0.593507678181,-0.804828326999,0.));
#542 = ORIENTED_EDGE('',*,*,#543,.T.);
#543 = EDGE_CURVE('',#536,#544,#546,.T.);
#544 = VERTEX_POINT('',#545);
#545 = CARTESIAN_POINT('',(12.852494108966,4.962576605558,0.));
#546 = LINE('',#547,#548);
#547 = CARTESIAN_POINT('',(11.387424263039,6.882057049024,0.));
#548 = VECTOR('',#549,1.);
#549 = DIRECTION('',(0.606726494718,-0.794910662029,0.));
#550 = ORIENTED_EDGE('',*,*,#551,.T.);
#551 = EDGE_CURVE('',#544,#552,#554,.T.);
#552 = VERTEX_POINT('',#553);
#553 = CARTESIAN_POINT('',(13.236413979107,4.57053172919,0.));
#554 = LINE('',#555,#556);
#555 = CARTESIAN_POINT('',(12.852494108966,4.962576605558,0.));
#556 = VECTOR('',#557,1.);
#557 = DIRECTION('',(0.699664421952,-0.714471620608,0.));
#558 = ORIENTED_EDGE('',*,*,#559,.T.);
#559 = EDGE_CURVE('',#552,#560,#562,.T.);
#560 = VERTEX_POINT('',#561);
#561 = CARTESIAN_POINT('',(13.396814319233,4.271515646988,0.));
#562 = LINE('',#563,#564);
#563 = CARTESIAN_POINT('',(13.236413979107,4.57053172919,0.));
#564 = VECTOR('',#565,1.);
#565 = DIRECTION('',(0.472709436747,-0.881218354558,0.));
#566 = ORIENTED_EDGE('',*,*,#567,.T.);
#567 = EDGE_CURVE('',#560,#568,#570,.T.);
#568 = VERTEX_POINT('',#569);
#569 = CARTESIAN_POINT('',(13.626732392428,3.871320218278,0.));
#570 = LINE('',#571,#572);
#571 = CARTESIAN_POINT('',(13.396814319233,4.271515646988,0.));
#572 = VECTOR('',#573,1.);
#573 = DIRECTION('',(0.498154714369,-0.867088161926,0.));
#574 = ORIENTED_EDGE('',*,*,#575,.T.);
#575 = EDGE_CURVE('',#568,#576,#578,.T.);
#576 = VERTEX_POINT('',#577);
#577 = CARTESIAN_POINT('',(14.124108114677,3.164628728208,0.));
#578 = LINE('',#579,#580);
#579 = CARTESIAN_POINT('',(13.626732392428,3.871320218278,0.));
#580 = VECTOR('',#581,1.);
#581 = DIRECTION('',(0.575550910116,-0.817765950541,0.));
#582 = ORIENTED_EDGE('',*,*,#583,.T.);
#583 = EDGE_CURVE('',#576,#584,#586,.T.);
#584 = VERTEX_POINT('',#585);
#585 = CARTESIAN_POINT('',(14.874016404788,2.154057294525,0.));
#586 = LINE('',#587,#588);
#587 = CARTESIAN_POINT('',(14.124108114677,3.164628728208,0.));
#588 = VECTOR('',#589,1.);
#589 = DIRECTION('',(0.595913285708,-0.803048788005,0.));
#590 = ORIENTED_EDGE('',*,*,#591,.T.);
#591 = EDGE_CURVE('',#584,#592,#594,.T.);
#592 = VERTEX_POINT('',#593);
#593 = CARTESIAN_POINT('',(15.536572569576,1.236607299988,0.));
#594 = LINE('',#595,#596);
#595 = CARTESIAN_POINT('',(14.874016404788,2.154057294525,0.));
#596 = VECTOR('',#597,1.);
#597 = DIRECTION('',(0.585463486189,-0.810698776575,0.));
#598 = ORIENTED_EDGE('',*,*,#599,.T.);
#599 = EDGE_CURVE('',#592,#600,#602,.T.);
#600 = VERTEX_POINT('',#601);
#601 = CARTESIAN_POINT('',(16.224383204373,0.35730939024,0.));
#602 = LINE('',#603,#604);
#603 = CARTESIAN_POINT('',(15.536572569576,1.236607299988,0.));
#604 = VECTOR('',#605,1.);
#605 = DIRECTION('',(0.616121834636,-0.787650864841,0.));
#606 = ORIENTED_EDGE('',*,*,#607,.T.);
#607 = EDGE_CURVE('',#600,#608,#610,.T.);
#608 = VERTEX_POINT('',#609);
#609 = CARTESIAN_POINT('',(16.38317966242,0.19437913204,0.));
#610 = LINE('',#611,#612);
#611 = CARTESIAN_POINT('',(16.224383204373,0.35730939024,0.));
#612 = VECTOR('',#613,1.);
#613 = DIRECTION('',(0.697963700588,-0.716133138922,0.));
#614 = ORIENTED_EDGE('',*,*,#615,.T.);
#615 = EDGE_CURVE('',#608,#616,#618,.T.);
#616 = VERTEX_POINT('',#617);
#617 = CARTESIAN_POINT('',(16.629837799855,-0.128898078374,0.));
#618 = LINE('',#619,#620);
#619 = CARTESIAN_POINT('',(16.38317966242,0.19437913204,0.));
#620 = VECTOR('',#621,1.);
#621 = DIRECTION('',(0.606590298922,-0.795014596881,0.));
#622 = ORIENTED_EDGE('',*,*,#623,.T.);
#623 = EDGE_CURVE('',#616,#624,#626,.T.);
#624 = VERTEX_POINT('',#625);
#625 = CARTESIAN_POINT('',(17.097457991191,-0.854857518296,0.));
#626 = LINE('',#627,#628);
#627 = CARTESIAN_POINT('',(16.629837799855,-0.128898078374,0.));
#628 = VECTOR('',#629,1.);
#629 = DIRECTION('',(0.5415210371,-0.84068719889,0.));
#630 = ORIENTED_EDGE('',*,*,#631,.T.);
#631 = EDGE_CURVE('',#624,#632,#634,.T.);
#632 = VERTEX_POINT('',#633);
#633 = CARTESIAN_POINT('',(17.324464326876,-1.203480575222,0.));
#634 = LINE('',#635,#636);
#635 = CARTESIAN_POINT('',(17.097457991191,-0.854857518296,0.));
#636 = VECTOR('',#637,1.);
#637 = DIRECTION('',(0.545666373859,-0.838002510999,0.));
#638 = ORIENTED_EDGE('',*,*,#639,.T.);
#639 = EDGE_CURVE('',#632,#640,#642,.T.);
#640 = VERTEX_POINT('',#641);
#641 = CARTESIAN_POINT('',(17.414854668308,-1.287527769525,0.));
#642 = LINE('',#643,#644);
#643 = CARTESIAN_POINT('',(17.324464326876,-1.203480575222,0.));
#644 = VECTOR('',#645,1.);
#645 = DIRECTION('',(0.732335585796,-0.680943896203,0.));
#646 = ORIENTED_EDGE('',*,*,#647,.T.);
#647 = EDGE_CURVE('',#640,#648,#650,.T.);
#648 = VERTEX_POINT('',#649);
#649 = CARTESIAN_POINT('',(17.473013895332,-1.291824180437,0.));
#650 = LINE('',#651,#652);
#651 = CARTESIAN_POINT('',(17.414854668308,-1.287527769525,0.));
#652 = VECTOR('',#653,1.);
#653 = DIRECTION('',(0.997282489298,-7.367249513844E-02,0.));
#654 = ORIENTED_EDGE('',*,*,#655,.T.);
#655 = EDGE_CURVE('',#648,#656,#658,.T.);
#656 = VERTEX_POINT('',#657);
#657 = CARTESIAN_POINT('',(18.122649224916,-0.408721209041,0.));
#658 = LINE('',#659,#660);
#659 = CARTESIAN_POINT('',(17.473013895332,-1.291824180437,0.));
#660 = VECTOR('',#661,1.);
#661 = DIRECTION('',(0.592565038471,0.805522609976,0.));
#662 = ORIENTED_EDGE('',*,*,#663,.T.);
#663 = EDGE_CURVE('',#656,#664,#666,.T.);
#664 = VERTEX_POINT('',#665);
#665 = CARTESIAN_POINT('',(18.678220874213,0.419125649729,0.));
#666 = LINE('',#667,#668);
#667 = CARTESIAN_POINT('',(18.122649224916,-0.408721209041,0.));
#668 = VECTOR('',#669,1.);
#669 = DIRECTION('',(0.557248627002,0.830345691688,0.));
#670 = ORIENTED_EDGE('',*,*,#671,.T.);
#671 = EDGE_CURVE('',#664,#672,#674,.T.);
#672 = VERTEX_POINT('',#673);
#673 = CARTESIAN_POINT('',(18.950337303284,0.857307725765,0.));
#674 = LINE('',#675,#676);
#675 = CARTESIAN_POINT('',(18.678220874213,0.419125649729,0.));
#676 = VECTOR('',#677,1.);
#677 = DIRECTION('',(0.527560669909,0.849517356836,0.));
#678 = ORIENTED_EDGE('',*,*,#679,.T.);
#679 = EDGE_CURVE('',#672,#680,#682,.T.);
#680 = VERTEX_POINT('',#681);
#681 = CARTESIAN_POINT('',(19.131676675784,1.085591296412,0.));
#682 = LINE('',#683,#684);
#683 = CARTESIAN_POINT('',(18.950337303284,0.857307725765,0.));
#684 = VECTOR('',#685,1.);
#685 = DIRECTION('',(0.621998587907,0.783018362902,0.));
#686 = ORIENTED_EDGE('',*,*,#687,.T.);
#687 = EDGE_CURVE('',#680,#688,#690,.T.);
#688 = VERTEX_POINT('',#689);
#689 = CARTESIAN_POINT('',(19.243039716556,1.184302591701,0.));
#690 = LINE('',#691,#692);
#691 = CARTESIAN_POINT('',(19.131676675784,1.085591296412,0.));
#692 = VECTOR('',#693,1.);
#693 = DIRECTION('',(0.748336446963,0.663319351555,0.));
#694 = ORIENTED_EDGE('',*,*,#695,.T.);
#695 = EDGE_CURVE('',#688,#696,#698,.T.);
#696 = VERTEX_POINT('',#697);
#697 = CARTESIAN_POINT('',(19.404678455041,1.348346795485,0.));
#698 = LINE('',#699,#700);
#699 = CARTESIAN_POINT('',(19.243039716556,1.184302591701,0.));
#700 = VECTOR('',#701,1.);
#701 = DIRECTION('',(0.701865009579,0.712309980506,0.));
#702 = ORIENTED_EDGE('',*,*,#703,.T.);
#703 = EDGE_CURVE('',#696,#704,#706,.T.);
#704 = VERTEX_POINT('',#705);
#705 = CARTESIAN_POINT('',(19.680419087394,1.718358986266,0.));
#706 = LINE('',#707,#708);
#707 = CARTESIAN_POINT('',(19.404678455041,1.348346795485,0.));
#708 = VECTOR('',#709,1.);
#709 = DIRECTION('',(0.59754440844,0.80183581857,0.));
#710 = ORIENTED_EDGE('',*,*,#711,.T.);
#711 = EDGE_CURVE('',#704,#712,#714,.T.);
#712 = VERTEX_POINT('',#713);
#713 = CARTESIAN_POINT('',(19.941379012209,2.111158533195,0.));
#714 = LINE('',#715,#716);
#715 = CARTESIAN_POINT('',(19.680419087394,1.718358986266,0.));
#716 = VECTOR('',#717,1.);
#717 = DIRECTION('',(0.553368790472,0.832936361153,0.));
#718 = ORIENTED_EDGE('',*,*,#719,.T.);
#719 = EDGE_CURVE('',#712,#720,#722,.T.);
#720 = VERTEX_POINT('',#721);
#721 = CARTESIAN_POINT('',(20.058675628077,2.343564805418,0.));
#722 = LINE('',#723,#724);
#723 = CARTESIAN_POINT('',(19.941379012209,2.111158533195,0.));
#724 = VECTOR('',#725,1.);
#725 = DIRECTION('',(0.450570740823,0.892740728047,0.));
#726 = ORIENTED_EDGE('',*,*,#727,.T.);
#727 = EDGE_CURVE('',#720,#728,#730,.T.);
#728 = VERTEX_POINT('',#729);
#729 = CARTESIAN_POINT('',(20.132823023789,2.512425720935,0.));
#730 = LINE('',#731,#732);
#731 = CARTESIAN_POINT('',(20.058675628077,2.343564805418,0.));
#732 = VECTOR('',#733,1.);
#733 = DIRECTION('',(0.402050684391,0.915617413105,0.));
#734 = ORIENTED_EDGE('',*,*,#735,.T.);
#735 = EDGE_CURVE('',#728,#736,#738,.T.);
#736 = VERTEX_POINT('',#737);
#737 = CARTESIAN_POINT('',(20.306872133496,2.763873017957,0.));
#738 = LINE('',#739,#740);
#739 = CARTESIAN_POINT('',(20.132823023789,2.512425720935,0.));
#740 = VECTOR('',#741,1.);
#741 = DIRECTION('',(0.569144129115,0.822237776008,0.));
#742 = ORIENTED_EDGE('',*,*,#743,.T.);
#743 = EDGE_CURVE('',#736,#744,#746,.T.);
#744 = VERTEX_POINT('',#745);
#745 = CARTESIAN_POINT('',(21.154709435439,3.874119420151,0.));
#746 = LINE('',#747,#748);
#747 = CARTESIAN_POINT('',(20.306872133496,2.763873017957,0.));
#748 = VECTOR('',#749,1.);
#749 = DIRECTION('',(0.606919380519,0.794763402246,0.));
#750 = ORIENTED_EDGE('',*,*,#751,.T.);
#751 = EDGE_CURVE('',#744,#752,#754,.T.);
#752 = VERTEX_POINT('',#753);
#753 = CARTESIAN_POINT('',(21.703787910088,4.665918558661,0.));
#754 = LINE('',#755,#756);
#755 = CARTESIAN_POINT('',(21.154709435439,3.874119420151,0.));
#756 = VECTOR('',#757,1.);
#757 = DIRECTION('',(0.569848124519,0.821750031933,0.));
#758 = ORIENTED_EDGE('',*,*,#759,.T.);
#759 = EDGE_CURVE('',#752,#760,#762,.T.);
#760 = VERTEX_POINT('',#761);
#761 = CARTESIAN_POINT('',(21.974695968091,5.076821099973,0.));
#762 = LINE('',#763,#764);
#763 = CARTESIAN_POINT('',(21.703787910088,4.665918558661,0.));
#764 = VECTOR('',#765,1.);
#765 = DIRECTION('',(0.550435073189,0.834877973241,0.));
#766 = ORIENTED_EDGE('',*,*,#767,.T.);
#767 = EDGE_CURVE('',#760,#768,#770,.T.);
#768 = VERTEX_POINT('',#769);
#769 = CARTESIAN_POINT('',(22.347107195721,5.55633386592,0.));
#770 = LINE('',#771,#772);
#771 = CARTESIAN_POINT('',(21.974695968091,5.076821099973,0.));
#772 = VECTOR('',#773,1.);
#773 = DIRECTION('',(0.613383060179,0.789785554113,0.));
#774 = ORIENTED_EDGE('',*,*,#775,.T.);
#775 = EDGE_CURVE('',#768,#776,#778,.T.);
#776 = VERTEX_POINT('',#777);
#777 = CARTESIAN_POINT('',(22.822283345898,6.120462379583,0.));
#778 = LINE('',#779,#780);
#779 = CARTESIAN_POINT('',(22.347107195721,5.55633386592,0.));
#780 = VECTOR('',#781,1.);
#781 = DIRECTION('',(0.644231374571,0.764830658393,0.));
#782 = ORIENTED_EDGE('',*,*,#783,.T.);
#783 = EDGE_CURVE('',#776,#784,#786,.T.);
#784 = VERTEX_POINT('',#785);
#785 = CARTESIAN_POINT('',(23.123359430961,6.472056693344,0.));
#786 = LINE('',#787,#788);
#787 = CARTESIAN_POINT('',(22.822283345898,6.120462379583,0.));
#788 = VECTOR('',#789,1.);
#789 = DIRECTION('',(0.650429555179,0.759566582828,0.));
#790 = ORIENTED_EDGE('',*,*,#791,.T.);
#791 = EDGE_CURVE('',#784,#792,#794,.T.);
#792 = VERTEX_POINT('',#793);
#793 = CARTESIAN_POINT('',(23.593054235274,7.101109484967,0.));
#794 = LINE('',#795,#796);
#795 = CARTESIAN_POINT('',(23.123359430961,6.472056693344,0.));
#796 = VECTOR('',#797,1.);
#797 = DIRECTION('',(0.598290911689,0.801278968269,0.));
#798 = ORIENTED_EDGE('',*,*,#799,.T.);
#799 = EDGE_CURVE('',#792,#800,#802,.T.);
#800 = VERTEX_POINT('',#801);
#801 = CARTESIAN_POINT('',(24.034730845389,7.735105547984,0.));
#802 = LINE('',#803,#804);
#803 = CARTESIAN_POINT('',(23.593054235274,7.101109484967,0.));
#804 = VECTOR('',#805,1.);
#805 = DIRECTION('',(0.571618928661,0.820519226098,0.));
#806 = ORIENTED_EDGE('',*,*,#807,.T.);
#807 = EDGE_CURVE('',#800,#808,#810,.T.);
#808 = VERTEX_POINT('',#809);
#809 = CARTESIAN_POINT('',(24.251752347859,8.101529675924,0.));
#810 = LINE('',#811,#812);
#811 = CARTESIAN_POINT('',(24.034730845389,7.735105547984,0.));
#812 = VECTOR('',#813,1.);
#813 = DIRECTION('',(0.5095960544,0.860413773332,0.));
#814 = ORIENTED_EDGE('',*,*,#815,.T.);
#815 = EDGE_CURVE('',#808,#816,#818,.T.);
#816 = VERTEX_POINT('',#817);
#817 = CARTESIAN_POINT('',(24.450020744231,8.464426952882,0.));
#818 = LINE('',#819,#820);
#819 = CARTESIAN_POINT('',(24.251752347859,8.101529675924,0.));
#820 = VECTOR('',#821,1.);
#821 = DIRECTION('',(0.479456659692,0.877565559646,0.));
#822 = ORIENTED_EDGE('',*,*,#823,.T.);
#823 = EDGE_CURVE('',#816,#824,#826,.T.);
#824 = VERTEX_POINT('',#825);
#825 = CARTESIAN_POINT('',(24.833626692671,9.021073005825,0.));
#826 = LINE('',#827,#828);
#827 = CARTESIAN_POINT('',(24.450020744231,8.464426952882,0.));
#828 = VECTOR('',#829,1.);
#829 = DIRECTION('',(0.567444334816,0.82341176023,0.));
#830 = ORIENTED_EDGE('',*,*,#831,.T.);
#831 = EDGE_CURVE('',#824,#832,#834,.T.);
#832 = VERTEX_POINT('',#833);
#833 = CARTESIAN_POINT('',(25.247329087958,9.558452211834,0.));
#834 = LINE('',#835,#836);
#835 = CARTESIAN_POINT('',(24.833626692671,9.021073005825,0.));
#836 = VECTOR('',#837,1.);
#837 = DIRECTION('',(0.61001991808,0.792386079854,0.));
#838 = ORIENTED_EDGE('',*,*,#839,.T.);
#839 = EDGE_CURVE('',#832,#840,#842,.T.);
#840 = VERTEX_POINT('',#841);
#841 = CARTESIAN_POINT('',(25.535886824866,9.863548947987,0.));
#842 = LINE('',#843,#844);
#843 = CARTESIAN_POINT('',(25.247329087958,9.558452211834,0.));
#844 = VECTOR('',#845,1.);
#845 = DIRECTION('',(0.687140428052,0.726524625967,0.));
#846 = ORIENTED_EDGE('',*,*,#847,.T.);
#847 = EDGE_CURVE('',#840,#848,#850,.T.);
#848 = VERTEX_POINT('',#849);
#849 = CARTESIAN_POINT('',(25.70156468923,10.066697329158,0.));
#850 = LINE('',#851,#852);
#851 = CARTESIAN_POINT('',(25.535886824866,9.863548947987,0.));
#852 = VECTOR('',#853,1.);
#853 = DIRECTION('',(0.632015757844,0.774955535394,0.));
#854 = ORIENTED_EDGE('',*,*,#855,.T.);
#855 = EDGE_CURVE('',#848,#856,#858,.T.);
#856 = VERTEX_POINT('',#857);
#857 = CARTESIAN_POINT('',(26.186233103692,10.788922294083,0.));
#858 = LINE('',#859,#860);
#859 = CARTESIAN_POINT('',(25.70156468923,10.066697329158,0.));
#860 = VECTOR('',#861,1.);
#861 = DIRECTION('',(0.557232836511,0.830356288538,0.));
#862 = ORIENTED_EDGE('',*,*,#863,.T.);
#863 = EDGE_CURVE('',#856,#864,#866,.T.);
#864 = VERTEX_POINT('',#865);
#865 = CARTESIAN_POINT('',(26.70320239294,11.559569701497,0.));
#866 = LINE('',#867,#868);
#867 = CARTESIAN_POINT('',(26.186233103692,10.788922294083,0.));
#868 = VECTOR('',#869,1.);
#869 = DIRECTION('',(0.557088461323,0.830453157174,0.));
#870 = ORIENTED_EDGE('',*,*,#871,.T.);
#871 = EDGE_CURVE('',#864,#872,#874,.T.);
#872 = VERTEX_POINT('',#873);
#873 = CARTESIAN_POINT('',(26.79663034387,11.692971854121,0.));
#874 = LINE('',#875,#876);
#875 = CARTESIAN_POINT('',(26.70320239294,11.559569701497,0.));
#876 = VECTOR('',#877,1.);
#877 = DIRECTION('',(0.573653717813,0.819097925793,0.));
#878 = ORIENTED_EDGE('',*,*,#879,.T.);
#879 = EDGE_CURVE('',#872,#880,#882,.T.);
#880 = VERTEX_POINT('',#881);
#881 = CARTESIAN_POINT('',(26.901355836341,11.767465034938,0.));
#882 = LINE('',#883,#884);
#883 = CARTESIAN_POINT('',(26.79663034387,11.692971854121,0.));
#884 = VECTOR('',#885,1.);
#885 = DIRECTION('',(0.814875500128,0.579636023113,0.));
#886 = ORIENTED_EDGE('',*,*,#887,.T.);
#887 = EDGE_CURVE('',#880,#888,#890,.T.);
#888 = VERTEX_POINT('',#889);
#889 = CARTESIAN_POINT('',(27.088394631712,11.946691986155,0.));
#890 = LINE('',#891,#892);
#891 = CARTESIAN_POINT('',(26.901355836341,11.767465034938,0.));
#892 = VECTOR('',#893,1.);
#893 = DIRECTION('',(0.722023997178,0.691868013063,0.));
#894 = ORIENTED_EDGE('',*,*,#895,.T.);
#895 = EDGE_CURVE('',#888,#896,#898,.T.);
#896 = VERTEX_POINT('',#897);
#897 = CARTESIAN_POINT('',(27.387948424008,12.324541501015,0.));
#898 = LINE('',#899,#900);
#899 = CARTESIAN_POINT('',(27.088394631712,11.946691986155,0.));
#900 = VECTOR('',#901,1.);
#901 = DIRECTION('',(0.621241977408,0.783618788382,0.));
#902 = ORIENTED_EDGE('',*,*,#903,.T.);
#903 = EDGE_CURVE('',#896,#904,#906,.T.);
#904 = VERTEX_POINT('',#905);
#905 = CARTESIAN_POINT('',(27.679775192885,12.739763338755,0.));
#906 = LINE('',#907,#908);
#907 = CARTESIAN_POINT('',(27.387948424008,12.324541501015,0.));
#908 = VECTOR('',#909,1.);
#909 = DIRECTION('',(0.575010492913,0.818146034055,0.));
#910 = ORIENTED_EDGE('',*,*,#911,.T.);
#911 = EDGE_CURVE('',#904,#912,#914,.T.);
#912 = VERTEX_POINT('',#913);
#913 = CARTESIAN_POINT('',(27.843632917998,13.031107258613,0.));
#914 = LINE('',#915,#916);
#915 = CARTESIAN_POINT('',(27.679775192885,12.739763338755,0.));
#916 = VECTOR('',#917,1.);
#917 = DIRECTION('',(0.490208446562,0.871605231122,0.));
#918 = ORIENTED_EDGE('',*,*,#919,.T.);
#919 = EDGE_CURVE('',#912,#920,#922,.T.);
#920 = VERTEX_POINT('',#921);
#921 = CARTESIAN_POINT('',(28.059970162154,13.393135161703,0.));
#922 = LINE('',#923,#924);
#923 = CARTESIAN_POINT('',(27.843632917998,13.031107258613,0.));
#924 = VECTOR('',#925,1.);
#925 = DIRECTION('',(0.512961554491,0.85841158171,0.));
#926 = ORIENTED_EDGE('',*,*,#927,.T.);
#927 = EDGE_CURVE('',#920,#928,#930,.T.);
#928 = VERTEX_POINT('',#929);
#929 = CARTESIAN_POINT('',(28.345810580692,13.711315519614,0.));
#930 = LINE('',#931,#932);
#931 = CARTESIAN_POINT('',(28.059970162154,13.393135161703,0.));
#932 = VECTOR('',#933,1.);
#933 = DIRECTION('',(0.668290311619,0.743900570907,0.));
#934 = ORIENTED_EDGE('',*,*,#935,.T.);
#935 = EDGE_CURVE('',#928,#936,#938,.T.);
#936 = VERTEX_POINT('',#937);
#937 = CARTESIAN_POINT('',(28.998893892778,14.554261304169,0.));
#938 = LINE('',#939,#940);
#939 = CARTESIAN_POINT('',(28.345810580692,13.711315519614,0.));
#940 = VECTOR('',#941,1.);
#941 = DIRECTION('',(0.612454673601,0.79050570699,0.));
#942 = ORIENTED_EDGE('',*,*,#943,.T.);
#943 = EDGE_CURVE('',#936,#944,#946,.T.);
#944 = VERTEX_POINT('',#945);
#945 = CARTESIAN_POINT('',(29.604962349856,15.380583932448,0.));
#946 = LINE('',#947,#948);
#947 = CARTESIAN_POINT('',(28.998893892778,14.554261304169,0.));
#948 = VECTOR('',#949,1.);
#949 = DIRECTION('',(0.591426186653,0.806359141909,0.));
#950 = ORIENTED_EDGE('',*,*,#951,.T.);
#951 = EDGE_CURVE('',#944,#952,#954,.T.);
#952 = VERTEX_POINT('',#953);
#953 = CARTESIAN_POINT('',(29.755848587665,15.634448822262,0.));
#954 = LINE('',#955,#956);
#955 = CARTESIAN_POINT('',(29.604962349856,15.380583932448,0.));
#956 = VECTOR('',#957,1.);
#957 = DIRECTION('',(0.510924148755,0.859625798949,0.));
#958 = ORIENTED_EDGE('',*,*,#959,.T.);
#959 = EDGE_CURVE('',#952,#960,#962,.T.);
#960 = VERTEX_POINT('',#961);
#961 = CARTESIAN_POINT('',(30.008412699351,15.961070902448,0.));
#962 = LINE('',#963,#964);
#963 = CARTESIAN_POINT('',(29.755848587665,15.634448822262,0.));
#964 = VECTOR('',#965,1.);
#965 = DIRECTION('',(0.611711826152,0.791080679669,0.));
#966 = ORIENTED_EDGE('',*,*,#967,.T.);
#967 = EDGE_CURVE('',#960,#968,#970,.T.);
#968 = VERTEX_POINT('',#969);
#969 = CARTESIAN_POINT('',(30.172421167542,16.098556051658,0.));
#970 = LINE('',#971,#972);
#971 = CARTESIAN_POINT('',(30.008412699351,15.961070902448,0.));
#972 = VECTOR('',#973,1.);
#973 = DIRECTION('',(0.766353346581,0.642419293129,0.));
#974 = ORIENTED_EDGE('',*,*,#975,.T.);
#975 = EDGE_CURVE('',#968,#976,#978,.T.);
#976 = VERTEX_POINT('',#977);
#977 = CARTESIAN_POINT('',(33.207092236033,16.102103030864,0.));
#978 = LINE('',#979,#980);
#979 = CARTESIAN_POINT('',(30.172421167542,16.098556051658,0.));
#980 = VECTOR('',#981,1.);
#981 = DIRECTION('',(0.999999316933,1.168817543244E-03,0.));
#982 = ORIENTED_EDGE('',*,*,#983,.T.);
#983 = EDGE_CURVE('',#976,#984,#986,.T.);
#984 = VERTEX_POINT('',#985);
#985 = CARTESIAN_POINT('',(36.288331693114,16.147949060597,0.));
#986 = LINE('',#987,#988);
#987 = CARTESIAN_POINT('',(33.207092236033,16.102103030864,0.));
#988 = VECTOR('',#989,1.);
#989 = DIRECTION('',(0.999889324762,1.487744018311E-02,0.));
#990 = ORIENTED_EDGE('',*,*,#991,.T.);
#991 = EDGE_CURVE('',#984,#992,#994,.T.);
#992 = VERTEX_POINT('',#993);
#993 = CARTESIAN_POINT('',(36.412834631841,16.221664616406,0.));
#994 = LINE('',#995,#996);
#995 = CARTESIAN_POINT('',(36.288331693114,16.147949060597,0.));
#996 = VECTOR('',#997,1.);
#997 = DIRECTION('',(0.860485355963,0.509475173265,0.));
#998 = ORIENTED_EDGE('',*,*,#999,.T.);
#999 = EDGE_CURVE('',#992,#1000,#1002,.T.);
#1000 = VERTEX_POINT('',#1001);
#1001 = CARTESIAN_POINT('',(36.560693800037,16.246029763423,0.));
#1002 = LINE('',#1003,#1004);
#1003 = CARTESIAN_POINT('',(36.412834631841,16.221664616406,0.));
#1004 = VECTOR('',#1005,1.);
#1005 = DIRECTION('',(0.986693158237,0.162593393125,0.));
#1006 = ORIENTED_EDGE('',*,*,#1007,.T.);
#1007 = EDGE_CURVE('',#1000,#1008,#1010,.T.);
#1008 = VERTEX_POINT('',#1009);
#1009 = CARTESIAN_POINT('',(36.722905104406,16.225366968962,0.));
#1010 = LINE('',#1011,#1012);
#1011 = CARTESIAN_POINT('',(36.560693800037,16.246029763423,0.));
#1012 = VECTOR('',#1013,1.);
#1013 = DIRECTION('',(0.99198433447,-0.126360912339,0.));
#1014 = ORIENTED_EDGE('',*,*,#1015,.T.);
#1015 = EDGE_CURVE('',#1008,#1016,#1018,.T.);
#1016 = VERTEX_POINT('',#1017);
#1017 = CARTESIAN_POINT('',(36.890464451657,16.163998700336,0.));
#1018 = LINE('',#1019,#1020);
#1019 = CARTESIAN_POINT('',(36.722905104406,16.225366968962,0.));
#1020 = VECTOR('',#1021,1.);
#1021 = DIRECTION('',(0.939003329283,-0.343908051076,0.));
#1022 = ORIENTED_EDGE('',*,*,#1023,.T.);
#1023 = EDGE_CURVE('',#1016,#1024,#1026,.T.);
#1024 = VERTEX_POINT('',#1025);
#1025 = CARTESIAN_POINT('',(37.205610901629,15.93643560984,0.));
#1026 = LINE('',#1027,#1028);
#1027 = CARTESIAN_POINT('',(36.890464451657,16.163998700336,0.));
#1028 = VECTOR('',#1029,1.);
#1029 = DIRECTION('',(0.810731338298,-0.585418394912,0.));
#1030 = ORIENTED_EDGE('',*,*,#1031,.T.);
#1031 = EDGE_CURVE('',#1024,#1032,#1034,.T.);
#1032 = VERTEX_POINT('',#1033);
#1033 = CARTESIAN_POINT('',(37.335189817764,15.778885722597,0.));
#1034 = LINE('',#1035,#1036);
#1035 = CARTESIAN_POINT('',(37.205610901629,15.93643560984,0.));
#1036 = VECTOR('',#1037,1.);
#1037 = DIRECTION('',(0.635216237439,-0.772334339321,0.));
#1038 = ORIENTED_EDGE('',*,*,#1039,.T.);
#1039 = EDGE_CURVE('',#1032,#1040,#1042,.T.);
#1040 = VERTEX_POINT('',#1041);
#1041 = CARTESIAN_POINT('',(37.434100403608,15.597920230442,0.));
#1042 = LINE('',#1043,#1044);
#1043 = CARTESIAN_POINT('',(37.335189817764,15.778885722597,0.));
#1044 = VECTOR('',#1045,1.);
#1045 = DIRECTION('',(0.479607343929,-0.877483216734,0.));
#1046 = ORIENTED_EDGE('',*,*,#1047,.T.);
#1047 = EDGE_CURVE('',#1040,#1048,#1050,.T.);
#1048 = VERTEX_POINT('',#1049);
#1049 = CARTESIAN_POINT('',(37.75054803628,14.908694524794,0.));
#1050 = LINE('',#1051,#1052);
#1051 = CARTESIAN_POINT('',(37.434100403608,15.597920230442,0.));
#1052 = VECTOR('',#1053,1.);
#1053 = DIRECTION('',(0.41725667562,-0.908788680965,0.));
#1054 = ORIENTED_EDGE('',*,*,#1055,.T.);
#1055 = EDGE_CURVE('',#1048,#1056,#1058,.T.);
#1056 = VERTEX_POINT('',#1057);
#1057 = CARTESIAN_POINT('',(38.124378735946,14.116392456397,0.));
#1058 = LINE('',#1059,#1060);
#1059 = CARTESIAN_POINT('',(37.75054803628,14.908694524794,0.));
#1060 = VECTOR('',#1061,1.);
#1061 = DIRECTION('',(0.426715134411,-0.904386086837,0.));
#1062 = ORIENTED_EDGE('',*,*,#1063,.T.);
#1063 = EDGE_CURVE('',#1056,#1064,#1066,.T.);
#1064 = VERTEX_POINT('',#1065);
#1065 = CARTESIAN_POINT('',(38.237914660836,13.762420254835,0.));
#1066 = LINE('',#1067,#1068);
#1067 = CARTESIAN_POINT('',(38.124378735946,14.116392456397,0.));
#1068 = VECTOR('',#1069,1.);
#1069 = DIRECTION('',(0.305421874953,-0.95221713821,0.));
#1070 = ORIENTED_EDGE('',*,*,#1071,.T.);
#1071 = EDGE_CURVE('',#1064,#1072,#1074,.T.);
#1072 = VERTEX_POINT('',#1073);
#1073 = CARTESIAN_POINT('',(38.283483352879,13.624555702377,0.));
#1074 = LINE('',#1075,#1076);
#1075 = CARTESIAN_POINT('',(38.237914660836,13.762420254835,0.));
#1076 = VECTOR('',#1077,1.);
#1077 = DIRECTION('',(0.313833219102,-0.949478125387,0.));
#1078 = ORIENTED_EDGE('',*,*,#1079,.T.);
#1079 = EDGE_CURVE('',#1072,#1080,#1082,.T.);
#1080 = VERTEX_POINT('',#1081);
#1081 = CARTESIAN_POINT('',(38.39305203541,13.459215296071,0.));
#1082 = LINE('',#1083,#1084);
#1083 = CARTESIAN_POINT('',(38.283483352879,13.624555702377,0.));
#1084 = VECTOR('',#1085,1.);
#1085 = DIRECTION('',(0.55240055256,-0.833578808231,0.));
#1086 = ORIENTED_EDGE('',*,*,#1087,.T.);
#1087 = EDGE_CURVE('',#1080,#1088,#1090,.T.);
#1088 = VERTEX_POINT('',#1089);
#1089 = CARTESIAN_POINT('',(38.548189409985,13.208350338919,0.));
#1090 = LINE('',#1091,#1092);
#1091 = CARTESIAN_POINT('',(38.39305203541,13.459215296071,0.));
#1092 = VECTOR('',#1093,1.);
#1093 = DIRECTION('',(0.525962444648,-0.850507793509,0.));
#1094 = ORIENTED_EDGE('',*,*,#1095,.T.);
#1095 = EDGE_CURVE('',#1088,#1096,#1098,.T.);
#1096 = VERTEX_POINT('',#1097);
#1097 = CARTESIAN_POINT('',(38.60722003512,13.044448135625,0.));
#1098 = LINE('',#1099,#1100);
#1099 = CARTESIAN_POINT('',(38.548189409985,13.208350338919,0.));
#1100 = VECTOR('',#1101,1.);
#1101 = DIRECTION('',(0.33885073439,-0.940840145722,0.));
#1102 = ORIENTED_EDGE('',*,*,#1103,.T.);
#1103 = EDGE_CURVE('',#1096,#1104,#1106,.T.);
#1104 = VERTEX_POINT('',#1105);
#1105 = CARTESIAN_POINT('',(38.875439588822,12.404478677279,0.));
#1106 = LINE('',#1107,#1108);
#1107 = CARTESIAN_POINT('',(38.60722003512,13.044448135625,0.));
#1108 = VECTOR('',#1109,1.);
#1109 = DIRECTION('',(0.386537025885,-0.922273889699,0.));
#1110 = ORIENTED_EDGE('',*,*,#1111,.T.);
#1111 = EDGE_CURVE('',#1104,#1112,#1114,.T.);
#1112 = VERTEX_POINT('',#1113);
#1113 = CARTESIAN_POINT('',(38.981261835756,12.066151896589,0.));
#1114 = LINE('',#1115,#1116);
#1115 = CARTESIAN_POINT('',(38.875439588822,12.404478677279,0.));
#1116 = VECTOR('',#1117,1.);
#1117 = DIRECTION('',(0.298519460085,-0.954403547746,0.));
#1118 = ORIENTED_EDGE('',*,*,#1119,.T.);
#1119 = EDGE_CURVE('',#1112,#1120,#1122,.T.);
#1120 = VERTEX_POINT('',#1121);
#1121 = CARTESIAN_POINT('',(39.009428043277,11.885080041932,0.));
#1122 = LINE('',#1123,#1124);
#1123 = CARTESIAN_POINT('',(38.981261835756,12.066151896589,0.));
#1124 = VECTOR('',#1125,1.);
#1125 = DIRECTION('',(0.153704206752,-0.988116904433,0.));
#1126 = ORIENTED_EDGE('',*,*,#1127,.T.);
#1127 = EDGE_CURVE('',#1120,#1128,#1130,.T.);
#1128 = VERTEX_POINT('',#1129);
#1129 = CARTESIAN_POINT('',(39.018561193269,11.72622919584,0.));
#1130 = LINE('',#1131,#1132);
#1131 = CARTESIAN_POINT('',(39.009428043277,11.885080041932,0.));
#1132 = VECTOR('',#1133,1.);
#1133 = DIRECTION('',(5.740033408013E-02,-0.998351241622,0.));
#1134 = ORIENTED_EDGE('',*,*,#1135,.T.);
#1135 = EDGE_CURVE('',#1128,#1136,#1138,.T.);
#1136 = VERTEX_POINT('',#1137);
#1137 = CARTESIAN_POINT('',(39.093091967753,11.468830561818,0.));
#1138 = LINE('',#1139,#1140);
#1139 = CARTESIAN_POINT('',(39.018561193269,11.72622919584,0.));
#1140 = VECTOR('',#1141,1.);
#1141 = DIRECTION('',(0.278129156009,-0.960543685929,0.));
#1142 = ORIENTED_EDGE('',*,*,#1143,.T.);
#1143 = EDGE_CURVE('',#1136,#1144,#1146,.T.);
#1144 = VERTEX_POINT('',#1145);
#1145 = CARTESIAN_POINT('',(39.431241750673,10.436094919765,0.));
#1146 = LINE('',#1147,#1148);
#1147 = CARTESIAN_POINT('',(39.093091967753,11.468830561818,0.));
#1148 = VECTOR('',#1149,1.);
#1149 = DIRECTION('',(0.311175019034,-0.95035262273,0.));
#1150 = ORIENTED_EDGE('',*,*,#1151,.T.);
#1151 = EDGE_CURVE('',#1144,#1152,#1154,.T.);
#1152 = VERTEX_POINT('',#1153);
#1153 = CARTESIAN_POINT('',(39.630812239662,9.956582153818,0.));
#1154 = LINE('',#1155,#1156);
#1155 = CARTESIAN_POINT('',(39.431241750673,10.436094919765,0.));
#1156 = VECTOR('',#1157,1.);
#1157 = DIRECTION('',(0.384243776799,-0.923231671896,0.));
#1158 = ORIENTED_EDGE('',*,*,#1159,.T.);
#1159 = EDGE_CURVE('',#1152,#1160,#1162,.T.);
#1160 = VERTEX_POINT('',#1161);
#1161 = CARTESIAN_POINT('',(39.842720913047,9.4691099158,0.));
#1162 = LINE('',#1163,#1164);
#1163 = CARTESIAN_POINT('',(39.630812239662,9.956582153818,0.));
#1164 = VECTOR('',#1165,1.);
#1165 = DIRECTION('',(0.398669501785,-0.917094667058,0.));
#1166 = ORIENTED_EDGE('',*,*,#1167,.T.);
#1167 = EDGE_CURVE('',#1160,#1168,#1170,.T.);
#1168 = VERTEX_POINT('',#1169);
#1169 = CARTESIAN_POINT('',(40.013266535256,8.962084624036,0.));
#1170 = LINE('',#1171,#1172);
#1171 = CARTESIAN_POINT('',(39.842720913047,9.4691099158,0.));
#1172 = VECTOR('',#1173,1.);
#1173 = DIRECTION('',(0.318812812402,-0.947817699058,0.));
#1174 = ORIENTED_EDGE('',*,*,#1175,.T.);
#1175 = EDGE_CURVE('',#1168,#1176,#1178,.T.);
#1176 = VERTEX_POINT('',#1177);
#1177 = CARTESIAN_POINT('',(40.123491875257,8.500875583261,0.));
#1178 = LINE('',#1179,#1180);
#1179 = CARTESIAN_POINT('',(40.013266535256,8.962084624036,0.));
#1180 = VECTOR('',#1181,1.);
#1181 = DIRECTION('',(0.232445988646,-0.972609306126,0.));
#1182 = ORIENTED_EDGE('',*,*,#1183,.T.);
#1183 = EDGE_CURVE('',#1176,#1184,#1186,.T.);
#1184 = VERTEX_POINT('',#1185);
#1185 = CARTESIAN_POINT('',(40.154439702018,8.150852098211,0.));
#1186 = LINE('',#1187,#1188);
#1187 = CARTESIAN_POINT('',(40.123491875257,8.500875583261,0.));
#1188 = VECTOR('',#1189,1.);
#1189 = DIRECTION('',(8.807284640458E-02,-0.996114036507,0.));
#1190 = ORIENTED_EDGE('',*,*,#1191,.T.);
#1191 = EDGE_CURVE('',#1184,#1192,#1194,.T.);
#1192 = VERTEX_POINT('',#1193);
#1193 = CARTESIAN_POINT('',(40.219274390592,7.559000677423,0.));
#1194 = LINE('',#1195,#1196);
#1195 = CARTESIAN_POINT('',(40.154439702018,8.150852098211,0.));
#1196 = VECTOR('',#1197,1.);
#1197 = DIRECTION('',(0.108894119993,-0.994053354016,0.));
#1198 = ORIENTED_EDGE('',*,*,#1199,.T.);
#1199 = EDGE_CURVE('',#1192,#1200,#1202,.T.);
#1200 = VERTEX_POINT('',#1201);
#1201 = CARTESIAN_POINT('',(40.349409645741,6.924514919516,0.));
#1202 = LINE('',#1203,#1204);
#1203 = CARTESIAN_POINT('',(40.219274390592,7.559000677423,0.));
#1204 = VECTOR('',#1205,1.);
#1205 = DIRECTION('',(0.200920927703,-0.979607462615,0.));
#1206 = ORIENTED_EDGE('',*,*,#1207,.T.);
#1207 = EDGE_CURVE('',#1200,#1208,#1210,.T.);
#1208 = VERTEX_POINT('',#1209);
#1209 = CARTESIAN_POINT('',(40.445904626848,6.592581193852,0.));
#1210 = LINE('',#1211,#1212);
#1211 = CARTESIAN_POINT('',(40.349409645741,6.924514919516,0.));
#1212 = VECTOR('',#1213,1.);
#1213 = DIRECTION('',(0.279149349052,-0.960247697693,0.));
#1214 = ORIENTED_EDGE('',*,*,#1215,.T.);
#1215 = EDGE_CURVE('',#1208,#1216,#1218,.T.);
#1216 = VERTEX_POINT('',#1217);
#1217 = CARTESIAN_POINT('',(40.577282223335,5.8167456676,0.));
#1218 = LINE('',#1219,#1220);
#1219 = CARTESIAN_POINT('',(40.445904626848,6.592581193852,0.));
#1220 = VECTOR('',#1221,1.);
#1221 = DIRECTION('',(0.166960047256,-0.985963661917,0.));
#1222 = ORIENTED_EDGE('',*,*,#1223,.T.);
#1223 = EDGE_CURVE('',#1216,#1224,#1226,.T.);
#1224 = VERTEX_POINT('',#1225);
#1225 = CARTESIAN_POINT('',(40.715298581346,4.696835511737,0.));
#1226 = LINE('',#1227,#1228);
#1227 = CARTESIAN_POINT('',(40.577282223335,5.8167456676,0.));
#1228 = VECTOR('',#1229,1.);
#1229 = DIRECTION('',(0.122313441451,-0.992491522402,0.));
#1230 = ORIENTED_EDGE('',*,*,#1231,.T.);
#1231 = EDGE_CURVE('',#1224,#1232,#1234,.T.);
#1232 = VERTEX_POINT('',#1233);
#1233 = CARTESIAN_POINT('',(40.827419887095,4.217322745791,0.));
#1234 = LINE('',#1235,#1236);
#1235 = CARTESIAN_POINT('',(40.715298581346,4.696835511737,0.));
#1236 = VECTOR('',#1237,1.);
#1237 = DIRECTION('',(0.227682148125,-0.973735507941,0.));
#1238 = ORIENTED_EDGE('',*,*,#1239,.T.);
#1239 = EDGE_CURVE('',#1232,#1240,#1242,.T.);
#1240 = VERTEX_POINT('',#1241);
#1241 = CARTESIAN_POINT('',(40.894471439154,4.007147684109,0.));
#1242 = LINE('',#1243,#1244);
#1243 = CARTESIAN_POINT('',(40.827419887095,4.217322745791,0.));
#1244 = VECTOR('',#1245,1.);
#1245 = DIRECTION('',(0.30393487716,-0.952692810115,0.));
#1246 = ORIENTED_EDGE('',*,*,#1247,.T.);
#1247 = EDGE_CURVE('',#1240,#1248,#1250,.T.);
#1248 = VERTEX_POINT('',#1249);
#1249 = CARTESIAN_POINT('',(40.945095332145,3.545977521138,0.));
#1250 = LINE('',#1251,#1252);
#1251 = CARTESIAN_POINT('',(40.894471439154,4.007147684109,0.));
#1252 = VECTOR('',#1253,1.);
#1253 = DIRECTION('',(0.109117232812,-0.99402888766,0.));
#1254 = ORIENTED_EDGE('',*,*,#1255,.T.);
#1255 = EDGE_CURVE('',#1248,#1256,#1258,.T.);
#1256 = VERTEX_POINT('',#1257);
#1257 = CARTESIAN_POINT('',(40.999018284397,1.843493677409,0.));
#1258 = LINE('',#1259,#1260);
#1259 = CARTESIAN_POINT('',(40.945095332145,3.545977521138,0.));
#1260 = VECTOR('',#1261,1.);
#1261 = DIRECTION('',(3.165723153069E-02,-0.999498784237,0.));
#1262 = ORIENTED_EDGE('',*,*,#1263,.T.);
#1263 = EDGE_CURVE('',#1256,#1264,#1266,.T.);
#1264 = VERTEX_POINT('',#1265);
#1265 = CARTESIAN_POINT('',(41.02731066721,0.770640553508,0.));
#1266 = LINE('',#1267,#1268);
#1267 = CARTESIAN_POINT('',(40.999018284397,1.843493677409,0.));
#1268 = VECTOR('',#1269,1.);
#1269 = DIRECTION('',(2.636199635353E-02,-0.999652462183,0.));
#1270 = ORIENTED_EDGE('',*,*,#1271,.T.);
#1271 = EDGE_CURVE('',#1264,#1272,#1274,.T.);
#1272 = VERTEX_POINT('',#1273);
#1273 = CARTESIAN_POINT('',(41.084079842879,0.379561831923,0.));
#1274 = LINE('',#1275,#1276);
#1275 = CARTESIAN_POINT('',(41.02731066721,0.770640553508,0.));
#1276 = VECTOR('',#1277,1.);
#1277 = DIRECTION('',(0.143654855634,-0.989627850484,0.));
#1278 = ORIENTED_EDGE('',*,*,#1279,.T.);
#1279 = EDGE_CURVE('',#1272,#1280,#1282,.T.);
#1280 = VERTEX_POINT('',#1281);
#1281 = CARTESIAN_POINT('',(41.133245440666,0.191998486948,0.));
#1282 = LINE('',#1283,#1284);
#1283 = CARTESIAN_POINT('',(41.084079842879,0.379561831923,0.));
#1284 = VECTOR('',#1285,1.);
#1285 = DIRECTION('',(0.25356143491,-0.96731928479,0.));
#1286 = ORIENTED_EDGE('',*,*,#1287,.T.);
#1287 = EDGE_CURVE('',#1280,#1288,#1290,.T.);
#1288 = VERTEX_POINT('',#1289);
#1289 = CARTESIAN_POINT('',(41.150037976842,-0.184582122571,0.));
#1290 = LINE('',#1291,#1292);
#1291 = CARTESIAN_POINT('',(41.133245440666,0.191998486948,0.));
#1292 = VECTOR('',#1293,1.);
#1293 = DIRECTION('',(4.454787361045E-02,-0.999007250703,0.));
#1294 = ORIENTED_EDGE('',*,*,#1295,.T.);
#1295 = EDGE_CURVE('',#1288,#1296,#1298,.T.);
#1296 = VERTEX_POINT('',#1297);
#1297 = CARTESIAN_POINT('',(41.086001589636,-1.100446123296,0.));
#1298 = LINE('',#1299,#1300);
#1299 = CARTESIAN_POINT('',(41.150037976842,-0.184582122571,0.));
#1300 = VECTOR('',#1301,1.);
#1301 = DIRECTION('',(-6.974881861419E-02,-0.997564585529,0.));
#1302 = ORIENTED_EDGE('',*,*,#1303,.T.);
#1303 = EDGE_CURVE('',#1296,#1304,#1306,.T.);
#1304 = VERTEX_POINT('',#1305);
#1305 = CARTESIAN_POINT('',(40.873677690349,-2.965768958891,0.));
#1306 = LINE('',#1307,#1308);
#1307 = CARTESIAN_POINT('',(41.086001589636,-1.100446123296,0.));
#1308 = VECTOR('',#1309,1.);
#1309 = DIRECTION('',(-0.113096577719,-0.993583999523,0.));
#1310 = ORIENTED_EDGE('',*,*,#1311,.T.);
#1311 = EDGE_CURVE('',#1304,#1312,#1314,.T.);
#1312 = VERTEX_POINT('',#1313);
#1313 = CARTESIAN_POINT('',(40.856876964912,-3.326323365645,0.));
#1314 = LINE('',#1315,#1316);
#1315 = CARTESIAN_POINT('',(40.873677690349,-2.965768958891,0.));
#1316 = VECTOR('',#1317,1.);
#1317 = DIRECTION('',(-4.654641654558E-02,-0.998916128164,0.));
#1318 = ORIENTED_EDGE('',*,*,#1319,.T.);
#1319 = EDGE_CURVE('',#1312,#1320,#1322,.T.);
#1320 = VERTEX_POINT('',#1321);
#1321 = CARTESIAN_POINT('',(40.888702255905,-3.529897472555,0.));
#1322 = LINE('',#1323,#1324);
#1323 = CARTESIAN_POINT('',(40.856876964912,-3.326323365645,0.));
#1324 = VECTOR('',#1325,1.);
#1325 = DIRECTION('',(0.154456645793,-0.98799956709,0.));
#1326 = ORIENTED_EDGE('',*,*,#1327,.T.);
#1327 = EDGE_CURVE('',#1320,#1328,#1330,.T.);
#1328 = VERTEX_POINT('',#1329);
#1329 = CARTESIAN_POINT('',(40.910370739187,-3.830263524455,0.));
#1330 = LINE('',#1331,#1332);
#1331 = CARTESIAN_POINT('',(40.888702255905,-3.529897472555,0.));
#1332 = VECTOR('',#1333,1.);
#1333 = DIRECTION('',(7.195326680149E-02,-0.997408004478,0.));
#1334 = ORIENTED_EDGE('',*,*,#1335,.T.);
#1335 = EDGE_CURVE('',#1328,#1336,#1338,.T.);
#1336 = VERTEX_POINT('',#1337);
#1337 = CARTESIAN_POINT('',(40.853758979328,-4.363777284141,0.));
#1338 = LINE('',#1339,#1340);
#1339 = CARTESIAN_POINT('',(40.910370739187,-3.830263524455,0.));
#1340 = VECTOR('',#1341,1.);
#1341 = DIRECTION('',(-0.105518766908,-0.994417311711,0.));
#1342 = ORIENTED_EDGE('',*,*,#1343,.T.);
#1343 = EDGE_CURVE('',#1336,#1344,#1346,.T.);
#1344 = VERTEX_POINT('',#1345);
#1345 = CARTESIAN_POINT('',(40.745169065229,-4.9518920241,0.));
#1346 = LINE('',#1347,#1348);
#1347 = CARTESIAN_POINT('',(40.853758979328,-4.363777284141,0.));
#1348 = VECTOR('',#1349,1.);
#1349 = DIRECTION('',(-0.181571548353,-0.983377736594,0.));
#1350 = ORIENTED_EDGE('',*,*,#1351,.T.);
#1351 = EDGE_CURVE('',#1344,#1352,#1354,.T.);
#1352 = VERTEX_POINT('',#1353);
#1353 = CARTESIAN_POINT('',(40.610903085793,-5.416061016816,0.));
#1354 = LINE('',#1355,#1356);
#1355 = CARTESIAN_POINT('',(40.745169065229,-4.9518920241,0.));
#1356 = VECTOR('',#1357,1.);
#1357 = DIRECTION('',(-0.277869544656,-0.960618819383,0.));
#1358 = ORIENTED_EDGE('',*,*,#1359,.T.);
#1359 = EDGE_CURVE('',#1352,#1360,#1362,.T.);
#1360 = VERTEX_POINT('',#1361);
#1361 = CARTESIAN_POINT('',(40.509841529689,-5.784340250173,0.));
#1362 = LINE('',#1363,#1364);
#1363 = CARTESIAN_POINT('',(40.610903085793,-5.416061016816,0.));
#1364 = VECTOR('',#1365,1.);
#1365 = DIRECTION('',(-0.26463247526,-0.964349341804,0.));
#1366 = ORIENTED_EDGE('',*,*,#1367,.T.);
#1367 = EDGE_CURVE('',#1360,#1368,#1370,.T.);
#1368 = VERTEX_POINT('',#1369);
#1369 = CARTESIAN_POINT('',(40.442759950336,-6.234054420293,0.));
#1370 = LINE('',#1371,#1372);
#1371 = CARTESIAN_POINT('',(40.509841529689,-5.784340250173,0.));
#1372 = VECTOR('',#1373,1.);
#1373 = DIRECTION('',(-0.147532638791,-0.989057187675,0.));
#1374 = ORIENTED_EDGE('',*,*,#1375,.T.);
#1375 = EDGE_CURVE('',#1368,#1376,#1378,.T.);
#1376 = VERTEX_POINT('',#1377);
#1377 = CARTESIAN_POINT('',(40.347092387972,-6.925938154512,0.));
#1378 = LINE('',#1379,#1380);
#1379 = CARTESIAN_POINT('',(40.442759950336,-6.234054420293,0.));
#1380 = VECTOR('',#1381,1.);
#1381 = DIRECTION('',(-0.136968013468,-0.990575470768,0.));
#1382 = ORIENTED_EDGE('',*,*,#1383,.T.);
#1383 = EDGE_CURVE('',#1376,#1384,#1386,.T.);
#1384 = VERTEX_POINT('',#1385);
#1385 = CARTESIAN_POINT('',(40.220924375181,-7.305912713584,0.));
#1386 = LINE('',#1387,#1388);
#1387 = CARTESIAN_POINT('',(40.347092387972,-6.925938154512,0.));
#1388 = VECTOR('',#1389,1.);
#1389 = DIRECTION('',(-0.315125691381,-0.949049945278,0.));
#1390 = ORIENTED_EDGE('',*,*,#1391,.T.);
#1391 = EDGE_CURVE('',#1384,#1392,#1394,.T.);
#1392 = VERTEX_POINT('',#1393);
#1393 = CARTESIAN_POINT('',(40.072483996881,-7.757226112512,0.));
#1394 = LINE('',#1395,#1396);
#1395 = CARTESIAN_POINT('',(40.220924375181,-7.305912713584,0.));
#1396 = VECTOR('',#1397,1.);
#1397 = DIRECTION('',(-0.312441445433,-0.949937020637,0.));
#1398 = ORIENTED_EDGE('',*,*,#1399,.T.);
#1399 = EDGE_CURVE('',#1392,#1400,#1402,.T.);
#1400 = VERTEX_POINT('',#1401);
#1401 = CARTESIAN_POINT('',(39.915056055465,-8.349553993194,0.));
#1402 = LINE('',#1403,#1404);
#1403 = CARTESIAN_POINT('',(40.072483996881,-7.757226112512,0.));
#1404 = VECTOR('',#1405,1.);
#1405 = DIRECTION('',(-0.256861068692,-0.966448338707,0.));
#1406 = ORIENTED_EDGE('',*,*,#1407,.T.);
#1407 = EDGE_CURVE('',#1400,#1408,#1410,.T.);
#1408 = VERTEX_POINT('',#1409);
#1409 = CARTESIAN_POINT('',(39.771740335184,-8.920507353663,0.));
#1410 = LINE('',#1411,#1412);
#1411 = CARTESIAN_POINT('',(39.915056055465,-8.349553993194,0.));
#1412 = VECTOR('',#1413,1.);
#1413 = DIRECTION('',(-0.243458648279,-0.969911277684,0.));
#1414 = ORIENTED_EDGE('',*,*,#1415,.T.);
#1415 = EDGE_CURVE('',#1408,#1416,#1418,.T.);
#1416 = VERTEX_POINT('',#1417);
#1417 = CARTESIAN_POINT('',(39.695569281902,-9.413718341541,0.));
#1418 = LINE('',#1419,#1420);
#1419 = CARTESIAN_POINT('',(39.771740335184,-8.920507353663,0.));
#1420 = VECTOR('',#1421,1.);
#1421 = DIRECTION('',(-0.152629593263,-0.988283465034,0.));
#1422 = ORIENTED_EDGE('',*,*,#1423,.T.);
#1423 = EDGE_CURVE('',#1416,#1424,#1426,.T.);
#1424 = VERTEX_POINT('',#1425);
#1425 = CARTESIAN_POINT('',(39.605305419067,-9.86503174047,0.));
#1426 = LINE('',#1427,#1428);
#1427 = CARTESIAN_POINT('',(39.695569281902,-9.413718341541,0.));
#1428 = VECTOR('',#1429,1.);
#1429 = DIRECTION('',(-0.196118606715,-0.980580181372,0.));
#1430 = ORIENTED_EDGE('',*,*,#1431,.T.);
#1431 = EDGE_CURVE('',#1424,#1432,#1434,.T.);
#1432 = VERTEX_POINT('',#1433);
#1433 = CARTESIAN_POINT('',(39.474277231082,-10.21120632294,0.));
#1434 = LINE('',#1435,#1436);
#1435 = CARTESIAN_POINT('',(39.605305419067,-9.86503174047,0.));
#1436 = VECTOR('',#1437,1.);
#1437 = DIRECTION('',(-0.353994215863,-0.93524761167,0.));
#1438 = ORIENTED_EDGE('',*,*,#1439,.T.);
#1439 = EDGE_CURVE('',#1432,#1440,#1442,.T.);
#1440 = VERTEX_POINT('',#1441);
#1441 = CARTESIAN_POINT('',(39.34412256435,-10.51864648076,0.));
#1442 = LINE('',#1443,#1444);
#1443 = CARTESIAN_POINT('',(39.474277231082,-10.21120632294,0.));
#1444 = VECTOR('',#1445,1.);
#1445 = DIRECTION('',(-0.389852957429,-0.920877120784,0.));
#1446 = ORIENTED_EDGE('',*,*,#1447,.T.);
#1447 = EDGE_CURVE('',#1440,#1448,#1450,.T.);
#1448 = VERTEX_POINT('',#1449);
#1449 = CARTESIAN_POINT('',(39.292856572577,-10.66423144815,0.));
#1450 = LINE('',#1451,#1452);
#1451 = CARTESIAN_POINT('',(39.34412256435,-10.51864648076,0.));
#1452 = VECTOR('',#1453,1.);
#1453 = DIRECTION('',(-0.332146327675,-0.943227871202,0.));
#1454 = ORIENTED_EDGE('',*,*,#1455,.T.);
#1455 = EDGE_CURVE('',#1448,#1456,#1458,.T.);
#1456 = VERTEX_POINT('',#1457);
#1457 = CARTESIAN_POINT('',(39.136049801829,-11.03373491873,0.));
#1458 = LINE('',#1459,#1460);
#1459 = CARTESIAN_POINT('',(39.292856572577,-10.66423144815,0.));
#1460 = VECTOR('',#1461,1.);
#1461 = DIRECTION('',(-0.390650600937,-0.920539031213,0.));
#1462 = ORIENTED_EDGE('',*,*,#1463,.T.);
#1463 = EDGE_CURVE('',#1456,#1464,#1466,.T.);
#1464 = VERTEX_POINT('',#1465);
#1465 = CARTESIAN_POINT('',(38.827929738438,-11.70616100148,0.));
#1466 = LINE('',#1467,#1468);
#1467 = CARTESIAN_POINT('',(39.136049801829,-11.03373491873,0.));
#1468 = VECTOR('',#1469,1.);
#1469 = DIRECTION('',(-0.416570662546,-0.909103340169,0.));
#1470 = ORIENTED_EDGE('',*,*,#1471,.T.);
#1471 = EDGE_CURVE('',#1464,#1472,#1474,.T.);
#1472 = VERTEX_POINT('',#1473);
#1473 = CARTESIAN_POINT('',(38.250515204913,-13.1510123929,0.));
#1474 = LINE('',#1475,#1476);
#1475 = CARTESIAN_POINT('',(38.827929738438,-11.70616100148,0.));
#1476 = VECTOR('',#1477,1.);
#1477 = DIRECTION('',(-0.37109921809,-0.928593221132,0.));
#1478 = ORIENTED_EDGE('',*,*,#1479,.T.);
#1479 = EDGE_CURVE('',#1472,#1480,#1482,.T.);
#1480 = VERTEX_POINT('',#1481);
#1481 = CARTESIAN_POINT('',(37.625129795899,-14.4870456387,0.));
#1482 = LINE('',#1483,#1484);
#1483 = CARTESIAN_POINT('',(38.250515204913,-13.1510123929,0.));
#1484 = VECTOR('',#1485,1.);
#1485 = DIRECTION('',(-0.423944635157,-0.905688106537,0.));
#1486 = ORIENTED_EDGE('',*,*,#1487,.T.);
#1487 = EDGE_CURVE('',#1480,#1488,#1490,.T.);
#1488 = VERTEX_POINT('',#1489);
#1489 = CARTESIAN_POINT('',(37.369129833951,-15.09049091689,0.));
#1490 = LINE('',#1491,#1492);
#1491 = CARTESIAN_POINT('',(37.625129795899,-14.4870456387,0.));
#1492 = VECTOR('',#1493,1.);
#1493 = DIRECTION('',(-0.390540634223,-0.920585690211,0.));
#1494 = ORIENTED_EDGE('',*,*,#1495,.T.);
#1495 = EDGE_CURVE('',#1488,#1496,#1498,.T.);
#1496 = VERTEX_POINT('',#1497);
#1497 = CARTESIAN_POINT('',(37.233039165674,-15.40974193092,0.));
#1498 = LINE('',#1499,#1500);
#1499 = CARTESIAN_POINT('',(37.369129833951,-15.09049091689,0.));
#1500 = VECTOR('',#1501,1.);
#1501 = DIRECTION('',(-0.392138590834,-0.919906150419,0.));
#1502 = ORIENTED_EDGE('',*,*,#1503,.T.);
#1503 = EDGE_CURVE('',#1496,#1504,#1506,.T.);
#1504 = VERTEX_POINT('',#1505);
#1505 = CARTESIAN_POINT('',(36.924189651375,-16.00325351665,0.));
#1506 = LINE('',#1507,#1508);
#1507 = CARTESIAN_POINT('',(37.233039165674,-15.40974193092,0.));
#1508 = VECTOR('',#1509,1.);
#1509 = DIRECTION('',(-0.461615652756,-0.887080035358,0.));
#1510 = ORIENTED_EDGE('',*,*,#1511,.T.);
#1511 = EDGE_CURVE('',#1504,#1512,#1514,.T.);
#1512 = VERTEX_POINT('',#1513);
#1513 = CARTESIAN_POINT('',(36.384749027887,-16.91028536268,0.));
#1514 = LINE('',#1515,#1516);
#1515 = CARTESIAN_POINT('',(36.924189651375,-16.00325351665,0.));
#1516 = VECTOR('',#1517,1.);
#1517 = DIRECTION('',(-0.511162472834,-0.859484104778,0.));
#1518 = ORIENTED_EDGE('',*,*,#1519,.T.);
#1519 = EDGE_CURVE('',#1512,#1520,#1522,.T.);
#1520 = VERTEX_POINT('',#1521);
#1521 = CARTESIAN_POINT('',(36.168038110751,-17.26286568372,0.));
#1522 = LINE('',#1523,#1524);
#1523 = CARTESIAN_POINT('',(36.384749027887,-16.91028536268,0.));
#1524 = VECTOR('',#1525,1.);
#1525 = DIRECTION('',(-0.52363889136,-0.851940321534,0.));
#1526 = ORIENTED_EDGE('',*,*,#1527,.T.);
#1527 = EDGE_CURVE('',#1520,#1528,#1530,.T.);
#1528 = VERTEX_POINT('',#1529);
#1529 = CARTESIAN_POINT('',(35.947592890258,-17.69662864939,0.));
#1530 = LINE('',#1531,#1532);
#1531 = CARTESIAN_POINT('',(36.168038110751,-17.26286568372,0.));
#1532 = VECTOR('',#1533,1.);
#1533 = DIRECTION('',(-0.453063410845,-0.891478292363,0.));
#1534 = ORIENTED_EDGE('',*,*,#1535,.T.);
#1535 = EDGE_CURVE('',#1528,#1536,#1538,.T.);
#1536 = VERTEX_POINT('',#1537);
#1537 = CARTESIAN_POINT('',(35.645356963086,-18.18478248976,0.));
#1538 = LINE('',#1539,#1540);
#1539 = CARTESIAN_POINT('',(35.947592890258,-17.69662864939,0.));
#1540 = VECTOR('',#1541,1.);
#1541 = DIRECTION('',(-0.526411848969,-0.850229713234,0.));
#1542 = ORIENTED_EDGE('',*,*,#1543,.T.);
#1543 = EDGE_CURVE('',#1536,#1544,#1546,.T.);
#1544 = VERTEX_POINT('',#1545);
#1545 = CARTESIAN_POINT('',(35.336838962235,-18.61392478709,0.));
#1546 = LINE('',#1547,#1548);
#1547 = CARTESIAN_POINT('',(35.645356963086,-18.18478248976,0.));
#1548 = VECTOR('',#1549,1.);
#1549 = DIRECTION('',(-0.583725836334,-0.811950828558,0.));
#1550 = ORIENTED_EDGE('',*,*,#1551,.T.);
#1551 = EDGE_CURVE('',#1544,#1552,#1554,.T.);
#1552 = VERTEX_POINT('',#1553);
#1553 = CARTESIAN_POINT('',(35.097547520703,-18.87065312366,0.));
#1554 = LINE('',#1555,#1556);
#1555 = CARTESIAN_POINT('',(35.336838962235,-18.61392478709,0.));
#1556 = VECTOR('',#1557,1.);
#1557 = DIRECTION('',(-0.681828248089,-0.731512296621,0.));
#1558 = ORIENTED_EDGE('',*,*,#1559,.T.);
#1559 = EDGE_CURVE('',#1552,#1560,#1562,.T.);
#1560 = VERTEX_POINT('',#1561);
#1561 = CARTESIAN_POINT('',(34.564015297914,-19.59165385136,0.));
#1562 = LINE('',#1563,#1564);
#1563 = CARTESIAN_POINT('',(35.097547520703,-18.87065312366,0.));
#1564 = VECTOR('',#1565,1.);
#1565 = DIRECTION('',(-0.59483701469,-0.803846332302,0.));
#1566 = ORIENTED_EDGE('',*,*,#1567,.T.);
#1567 = EDGE_CURVE('',#1560,#1568,#1570,.T.);
#1568 = VERTEX_POINT('',#1569);
#1569 = CARTESIAN_POINT('',(34.037733301527,-20.43151808744,0.));
#1570 = LINE('',#1571,#1572);
#1571 = CARTESIAN_POINT('',(34.564015297914,-19.59165385136,0.));
#1572 = VECTOR('',#1573,1.);
#1573 = DIRECTION('',(-0.53099027346,-0.84737791421,0.));
#1574 = ORIENTED_EDGE('',*,*,#1575,.T.);
#1575 = EDGE_CURVE('',#1568,#1576,#1578,.T.);
#1576 = VERTEX_POINT('',#1577);
#1577 = CARTESIAN_POINT('',(33.930321731202,-20.61435736566,0.));
#1578 = LINE('',#1579,#1580);
#1579 = CARTESIAN_POINT('',(34.037733301527,-20.43151808744,0.));
#1580 = VECTOR('',#1581,1.);
#1581 = DIRECTION('',(-0.506526241491,-0.862224545395,0.));
#1582 = ORIENTED_EDGE('',*,*,#1583,.T.);
#1583 = EDGE_CURVE('',#1576,#1584,#1586,.T.);
#1584 = VERTEX_POINT('',#1585);
#1585 = CARTESIAN_POINT('',(33.806968398005,-20.74744629002,0.));
#1586 = LINE('',#1587,#1588);
#1587 = CARTESIAN_POINT('',(33.930321731202,-20.61435736566,0.));
#1588 = VECTOR('',#1589,1.);
#1589 = DIRECTION('',(-0.679772440072,-0.733423090527,0.));
#1590 = ORIENTED_EDGE('',*,*,#1591,.T.);
#1591 = EDGE_CURVE('',#1584,#1592,#1594,.T.);
#1592 = VERTEX_POINT('',#1593);
#1593 = CARTESIAN_POINT('',(33.084510513277,-21.55396495107,0.));
#1594 = LINE('',#1595,#1596);
#1595 = CARTESIAN_POINT('',(33.806968398005,-20.74744629002,0.));
#1596 = VECTOR('',#1597,1.);
#1597 = DIRECTION('',(-0.667223514663,-0.744857557846,0.));
#1598 = ORIENTED_EDGE('',*,*,#1599,.T.);
#1599 = EDGE_CURVE('',#1592,#1600,#1602,.T.);
#1600 = VERTEX_POINT('',#1601);
#1601 = CARTESIAN_POINT('',(32.21193800118,-22.62552766276,0.));
#1602 = LINE('',#1603,#1604);
#1603 = CARTESIAN_POINT('',(33.084510513277,-21.55396495107,0.));
#1604 = VECTOR('',#1605,1.);
#1605 = DIRECTION('',(-0.631432567265,-0.775430791881,0.));
#1606 = ORIENTED_EDGE('',*,*,#1607,.T.);
#1607 = EDGE_CURVE('',#1600,#1608,#1610,.T.);
#1608 = VERTEX_POINT('',#1609);
#1609 = CARTESIAN_POINT('',(31.925228914285,-22.94500284454,0.));
#1610 = LINE('',#1611,#1612);
#1611 = CARTESIAN_POINT('',(32.21193800118,-22.62552766276,0.));
#1612 = VECTOR('',#1613,1.);
#1613 = DIRECTION('',(-0.667910503622,-0.744241599987,0.));
#1614 = ORIENTED_EDGE('',*,*,#1615,.T.);
#1615 = EDGE_CURVE('',#1608,#1616,#1618,.T.);
#1616 = VERTEX_POINT('',#1617);
#1617 = CARTESIAN_POINT('',(31.28241432982,-23.60936440243,0.));
#1618 = LINE('',#1619,#1620);
#1619 = CARTESIAN_POINT('',(31.925228914285,-22.94500284454,0.));
#1620 = VECTOR('',#1621,1.);
#1621 = DIRECTION('',(-0.695356652294,-0.718664821812,0.));
#1622 = ORIENTED_EDGE('',*,*,#1623,.T.);
#1623 = EDGE_CURVE('',#1616,#1624,#1626,.T.);
#1624 = VERTEX_POINT('',#1625);
#1625 = CARTESIAN_POINT('',(30.561293417899,-24.37095907187,0.));
#1626 = LINE('',#1627,#1628);
#1627 = CARTESIAN_POINT('',(31.28241432982,-23.60936440243,0.));
#1628 = VECTOR('',#1629,1.);
#1629 = DIRECTION('',(-0.687548745371,-0.726138225642,0.));
#1630 = ORIENTED_EDGE('',*,*,#1631,.T.);
#1631 = EDGE_CURVE('',#1624,#1632,#1634,.T.);
#1632 = VERTEX_POINT('',#1633);
#1633 = CARTESIAN_POINT('',(30.417509393168,-24.53743548208,0.));
#1634 = LINE('',#1635,#1636);
#1635 = CARTESIAN_POINT('',(30.561293417899,-24.37095907187,0.));
#1636 = VECTOR('',#1637,1.);
#1637 = DIRECTION('',(-0.653643156882,-0.756802896045,0.));
#1638 = ORIENTED_EDGE('',*,*,#1639,.T.);
#1639 = EDGE_CURVE('',#1632,#1640,#1642,.T.);
#1640 = VERTEX_POINT('',#1641);
#1641 = CARTESIAN_POINT('',(30.35739414581,-24.66043492704,0.));
#1642 = LINE('',#1643,#1644);
#1643 = CARTESIAN_POINT('',(30.417509393168,-24.53743548208,0.));
#1644 = VECTOR('',#1645,1.);
#1645 = DIRECTION('',(-0.43910510592,-0.898435699399,0.));
#1646 = ORIENTED_EDGE('',*,*,#1647,.T.);
#1647 = EDGE_CURVE('',#1640,#1648,#1650,.T.);
#1648 = VERTEX_POINT('',#1649);
#1649 = CARTESIAN_POINT('',(30.299229762584,-24.77437804954,0.));
#1650 = LINE('',#1651,#1652);
#1651 = CARTESIAN_POINT('',(30.35739414581,-24.66043492704,0.));
#1652 = VECTOR('',#1653,1.);
#1653 = DIRECTION('',(-0.454657249619,-0.890666483802,0.));
#1654 = ORIENTED_EDGE('',*,*,#1655,.T.);
#1655 = EDGE_CURVE('',#1648,#1656,#1658,.T.);
#1656 = VERTEX_POINT('',#1657);
#1657 = CARTESIAN_POINT('',(30.163511250759,-24.92200920263,0.));
#1658 = LINE('',#1659,#1660);
#1659 = CARTESIAN_POINT('',(30.299229762584,-24.77437804954,0.));
#1660 = VECTOR('',#1661,1.);
#1661 = DIRECTION('',(-0.67678060517,-0.736184767885,0.));
#1662 = ORIENTED_EDGE('',*,*,#1663,.T.);
#1663 = EDGE_CURVE('',#1656,#1664,#1666,.T.);
#1664 = VERTEX_POINT('',#1665);
#1665 = CARTESIAN_POINT('',(30.007002933106,-25.0498242564,0.));
#1666 = LINE('',#1667,#1668);
#1667 = CARTESIAN_POINT('',(30.163511250759,-24.92200920263,0.));
#1668 = VECTOR('',#1669,1.);
#1669 = DIRECTION('',(-0.774532302907,-0.632534356185,0.));
#1670 = ORIENTED_EDGE('',*,*,#1671,.T.);
#1671 = EDGE_CURVE('',#1664,#1672,#1674,.T.);
#1672 = VERTEX_POINT('',#1673);
#1673 = CARTESIAN_POINT('',(29.886469132399,-25.10431908096,0.));
#1674 = LINE('',#1675,#1676);
#1675 = CARTESIAN_POINT('',(30.007002933106,-25.0498242564,0.));
#1676 = VECTOR('',#1677,1.);
#1677 = DIRECTION('',(-0.911199797908,-0.411964717291,0.));
#1678 = ORIENTED_EDGE('',*,*,#1679,.T.);
#1679 = EDGE_CURVE('',#1672,#1680,#1682,.T.);
#1680 = VERTEX_POINT('',#1681);
#1681 = CARTESIAN_POINT('',(29.546664511994,-25.37360715399,0.));
#1682 = LINE('',#1683,#1684);
#1683 = CARTESIAN_POINT('',(29.886469132399,-25.10431908096,0.));
#1684 = VECTOR('',#1685,1.);
#1685 = DIRECTION('',(-0.783735839597,-0.621094303413,0.));
#1686 = ORIENTED_EDGE('',*,*,#1687,.T.);
#1687 = EDGE_CURVE('',#1680,#1688,#1690,.T.);
#1688 = VERTEX_POINT('',#1689);
#1689 = CARTESIAN_POINT('',(28.834303077085,-26.02104556233,0.));
#1690 = LINE('',#1691,#1692);
#1691 = CARTESIAN_POINT('',(29.546664511994,-25.37360715399,0.));
#1692 = VECTOR('',#1693,1.);
#1693 = DIRECTION('',(-0.740024295644,-0.67258013787,0.));
#1694 = ORIENTED_EDGE('',*,*,#1695,.T.);
#1695 = EDGE_CURVE('',#1688,#1696,#1698,.T.);
#1696 = VERTEX_POINT('',#1697);
#1697 = CARTESIAN_POINT('',(27.714312949353,-27.02404657771,0.));
#1698 = LINE('',#1699,#1700);
#1699 = CARTESIAN_POINT('',(28.834303077085,-26.02104556233,0.));
#1700 = VECTOR('',#1701,1.);
#1701 = DIRECTION('',(-0.744942255187,-0.667128950381,0.));
#1702 = ORIENTED_EDGE('',*,*,#1703,.T.);
#1703 = EDGE_CURVE('',#1696,#1704,#1706,.T.);
#1704 = VERTEX_POINT('',#1705);
#1705 = CARTESIAN_POINT('',(27.304456777334,-27.33600428118,0.));
#1706 = LINE('',#1707,#1708);
#1707 = CARTESIAN_POINT('',(27.714312949353,-27.02404657771,0.));
#1708 = VECTOR('',#1709,1.);
#1709 = DIRECTION('',(-0.795725192296,-0.605657839334,0.));
#1710 = ORIENTED_EDGE('',*,*,#1711,.T.);
#1711 = EDGE_CURVE('',#1704,#1712,#1714,.T.);
#1712 = VERTEX_POINT('',#1713);
#1713 = CARTESIAN_POINT('',(26.431847868519,-28.03364744494,0.));
#1714 = LINE('',#1715,#1716);
#1715 = CARTESIAN_POINT('',(27.304456777334,-27.33600428118,0.));
#1716 = VECTOR('',#1717,1.);
#1717 = DIRECTION('',(-0.781062618994,-0.624452708546,0.));
#1718 = ORIENTED_EDGE('',*,*,#1719,.T.);
#1719 = EDGE_CURVE('',#1712,#1720,#1722,.T.);
#1720 = VERTEX_POINT('',#1721);
#1721 = CARTESIAN_POINT('',(25.826808225361,-28.55304166862,0.));
#1722 = LINE('',#1723,#1724);
#1723 = CARTESIAN_POINT('',(26.431847868519,-28.03364744494,0.));
#1724 = VECTOR('',#1725,1.);
#1725 = DIRECTION('',(-0.758767588868,-0.651361455785,0.));
#1726 = ORIENTED_EDGE('',*,*,#1727,.T.);
#1727 = EDGE_CURVE('',#1720,#1728,#1730,.T.);
#1728 = VERTEX_POINT('',#1729);
#1729 = CARTESIAN_POINT('',(25.62512187378,-28.67953294696,0.));
#1730 = LINE('',#1731,#1732);
#1731 = CARTESIAN_POINT('',(25.826808225361,-28.55304166862,0.));
#1732 = VECTOR('',#1733,1.);
#1733 = DIRECTION('',(-0.847171707064,-0.531319206081,0.));
#1734 = ORIENTED_EDGE('',*,*,#1735,.T.);
#1735 = EDGE_CURVE('',#1728,#1736,#1738,.T.);
#1736 = VERTEX_POINT('',#1737);
#1737 = CARTESIAN_POINT('',(24.795004921039,-29.2021212166,0.));
#1738 = LINE('',#1739,#1740);
#1739 = CARTESIAN_POINT('',(25.62512187378,-28.67953294696,0.));
#1740 = VECTOR('',#1741,1.);
#1741 = DIRECTION('',(-0.846268672977,-0.532756354385,0.));
#1742 = ORIENTED_EDGE('',*,*,#1743,.T.);
#1743 = EDGE_CURVE('',#1736,#1744,#1746,.T.);
#1744 = VERTEX_POINT('',#1745);
#1745 = CARTESIAN_POINT('',(23.821203427931,-29.87124737341,0.));
#1746 = LINE('',#1747,#1748);
#1747 = CARTESIAN_POINT('',(24.795004921039,-29.2021212166,0.));
#1748 = VECTOR('',#1749,1.);
#1749 = DIRECTION('',(-0.824185076281,-0.566320545307,0.));
#1750 = ORIENTED_EDGE('',*,*,#1751,.T.);
#1751 = EDGE_CURVE('',#1744,#1752,#1754,.T.);
#1752 = VERTEX_POINT('',#1753);
#1753 = CARTESIAN_POINT('',(23.559481901774,-30.06578418318,0.));
#1754 = LINE('',#1755,#1756);
#1755 = CARTESIAN_POINT('',(23.821203427931,-29.87124737341,0.));
#1756 = VECTOR('',#1757,1.);
#1757 = DIRECTION('',(-0.802574850191,-0.596551431011,0.));
#1758 = ORIENTED_EDGE('',*,*,#1759,.T.);
#1759 = EDGE_CURVE('',#1752,#1760,#1762,.T.);
#1760 = VERTEX_POINT('',#1761);
#1761 = CARTESIAN_POINT('',(23.415190749427,-30.21659256274,0.));
#1762 = LINE('',#1763,#1764);
#1763 = CARTESIAN_POINT('',(23.559481901774,-30.06578418318,0.));
#1764 = VECTOR('',#1765,1.);
#1765 = DIRECTION('',(-0.691321865795,-0.72254693818,0.));
#1766 = ORIENTED_EDGE('',*,*,#1767,.T.);
#1767 = EDGE_CURVE('',#1760,#1768,#1770,.T.);
#1768 = VERTEX_POINT('',#1769);
#1769 = CARTESIAN_POINT('',(23.326060037774,-30.31167719311,0.));
#1770 = LINE('',#1771,#1772);
#1771 = CARTESIAN_POINT('',(23.415190749427,-30.21659256274,0.));
#1772 = VECTOR('',#1773,1.);
#1773 = DIRECTION('',(-0.683895678375,-0.72957981133,0.));
#1774 = ORIENTED_EDGE('',*,*,#1775,.T.);
#1775 = EDGE_CURVE('',#1768,#1776,#1778,.T.);
#1776 = VERTEX_POINT('',#1777);
#1777 = CARTESIAN_POINT('',(23.196965728786,-30.37221848122,0.));
#1778 = LINE('',#1779,#1780);
#1779 = CARTESIAN_POINT('',(23.326060037774,-30.31167719311,0.));
#1780 = VECTOR('',#1781,1.);
#1781 = DIRECTION('',(-0.905382561958,-0.424596769302,0.));
#1782 = ORIENTED_EDGE('',*,*,#1783,.T.);
#1783 = EDGE_CURVE('',#1776,#1784,#1786,.T.);
#1784 = VERTEX_POINT('',#1785);
#1785 = CARTESIAN_POINT('',(22.300017120828,-30.84157118111,0.));
#1786 = LINE('',#1787,#1788);
#1787 = CARTESIAN_POINT('',(23.196965728786,-30.37221848122,0.));
#1788 = VECTOR('',#1789,1.);
#1789 = DIRECTION('',(-0.886025345014,-0.463636806125,0.));
#1790 = ORIENTED_EDGE('',*,*,#1791,.T.);
#1791 = EDGE_CURVE('',#1784,#1792,#1794,.T.);
#1792 = VERTEX_POINT('',#1793);
#1793 = CARTESIAN_POINT('',(21.296746417663,-31.46685861608,0.));
#1794 = LINE('',#1795,#1796);
#1795 = CARTESIAN_POINT('',(22.300017120828,-30.84157118111,0.));
#1796 = VECTOR('',#1797,1.);
#1797 = DIRECTION('',(-0.848665512307,-0.528929908609,0.));
#1798 = ORIENTED_EDGE('',*,*,#1799,.T.);
#1799 = EDGE_CURVE('',#1792,#1800,#1802,.T.);
#1800 = VERTEX_POINT('',#1801);
#1801 = CARTESIAN_POINT('',(20.485526641366,-31.93109378378,0.));
#1802 = LINE('',#1803,#1804);
#1803 = CARTESIAN_POINT('',(21.296746417663,-31.46685861608,0.));
#1804 = VECTOR('',#1805,1.);
#1805 = DIRECTION('',(-0.867929102751,-0.496688103942,0.));
#1806 = ORIENTED_EDGE('',*,*,#1807,.T.);
#1807 = EDGE_CURVE('',#1800,#1808,#1810,.T.);
#1808 = VERTEX_POINT('',#1809);
#1809 = CARTESIAN_POINT('',(19.557604425637,-32.35729157,0.));
#1810 = LINE('',#1811,#1812);
#1811 = CARTESIAN_POINT('',(20.485526641366,-31.93109378378,0.));
#1812 = VECTOR('',#1813,1.);
#1813 = DIRECTION('',(-0.908730653297,-0.41738303722,0.));
#1814 = ORIENTED_EDGE('',*,*,#1815,.T.);
#1815 = EDGE_CURVE('',#1808,#1816,#1818,.T.);
#1816 = VERTEX_POINT('',#1817);
#1817 = CARTESIAN_POINT('',(19.124803762034,-32.57912776698,0.));
#1818 = LINE('',#1819,#1820);
#1819 = CARTESIAN_POINT('',(19.557604425637,-32.35729157,0.));
#1820 = VECTOR('',#1821,1.);
#1821 = DIRECTION('',(-0.88991166993,-0.456132896996,0.));
#1822 = ORIENTED_EDGE('',*,*,#1823,.T.);
#1823 = EDGE_CURVE('',#1816,#1824,#1826,.T.);
#1824 = VERTEX_POINT('',#1825);
#1825 = CARTESIAN_POINT('',(18.705932122748,-32.83121696136,0.));
#1826 = LINE('',#1827,#1828);
#1827 = CARTESIAN_POINT('',(19.124803762034,-32.57912776698,0.));
#1828 = VECTOR('',#1829,1.);
#1829 = DIRECTION('',(-0.856800703412,-0.515647703993,0.));
#1830 = ORIENTED_EDGE('',*,*,#1831,.T.);
#1831 = EDGE_CURVE('',#1824,#1832,#1834,.T.);
#1832 = VERTEX_POINT('',#1833);
#1833 = CARTESIAN_POINT('',(18.052090545686,-33.15969855863,0.));
#1834 = LINE('',#1835,#1836);
#1835 = CARTESIAN_POINT('',(18.705932122748,-32.83121696136,0.));
#1836 = VECTOR('',#1837,1.);
#1837 = DIRECTION('',(-0.893572331675,-0.44891924448,0.));
#1838 = ORIENTED_EDGE('',*,*,#1839,.T.);
#1839 = EDGE_CURVE('',#1832,#1840,#1842,.T.);
#1840 = VERTEX_POINT('',#1841);
#1841 = CARTESIAN_POINT('',(17.415442778624,-33.44469657314,0.));
#1842 = LINE('',#1843,#1844);
#1843 = CARTESIAN_POINT('',(18.052090545686,-33.15969855863,0.));
#1844 = VECTOR('',#1845,1.);
#1845 = DIRECTION('',(-0.912721012875,-0.408583348481,0.));
#1846 = ORIENTED_EDGE('',*,*,#1847,.T.);
#1847 = EDGE_CURVE('',#1840,#1848,#1850,.T.);
#1848 = VERTEX_POINT('',#1849);
#1849 = CARTESIAN_POINT('',(17.048152569342,-33.56633501923,0.));
#1850 = LINE('',#1851,#1852);
#1851 = CARTESIAN_POINT('',(17.415442778624,-33.44469657314,0.));
#1852 = VECTOR('',#1853,1.);
#1853 = DIRECTION('',(-0.949295318171,-0.314385748563,0.));
#1854 = ORIENTED_EDGE('',*,*,#1855,.T.);
#1855 = EDGE_CURVE('',#1848,#1856,#1858,.T.);
#1856 = VERTEX_POINT('',#1857);
#1857 = CARTESIAN_POINT('',(16.424768979866,-33.76708345427,0.));
#1858 = LINE('',#1859,#1860);
#1859 = CARTESIAN_POINT('',(17.048152569342,-33.56633501923,0.));
#1860 = VECTOR('',#1861,1.);
#1861 = DIRECTION('',(-0.951861543526,-0.30652830531,0.));
#1862 = ORIENTED_EDGE('',*,*,#1863,.T.);
#1863 = EDGE_CURVE('',#1856,#1864,#1866,.T.);
#1864 = VERTEX_POINT('',#1865);
#1865 = CARTESIAN_POINT('',(15.751982910624,-34.0284658224,0.));
#1866 = LINE('',#1867,#1868);
#1867 = CARTESIAN_POINT('',(16.424768979866,-33.76708345427,0.));
#1868 = VECTOR('',#1869,1.);
#1869 = DIRECTION('',(-0.932124740244,-0.362137361542,0.));
#1870 = ORIENTED_EDGE('',*,*,#1871,.T.);
#1871 = EDGE_CURVE('',#1864,#1872,#1874,.T.);
#1872 = VERTEX_POINT('',#1873);
#1873 = CARTESIAN_POINT('',(15.298800084445,-34.22259675893,0.));
#1874 = LINE('',#1875,#1876);
#1875 = CARTESIAN_POINT('',(15.751982910624,-34.0284658224,0.));
#1876 = VECTOR('',#1877,1.);
#1877 = DIRECTION('',(-0.91921131482,-0.393764598086,0.));
#1878 = ORIENTED_EDGE('',*,*,#1879,.T.);
#1879 = EDGE_CURVE('',#1872,#1880,#1882,.T.);
#1880 = VERTEX_POINT('',#1881);
#1881 = CARTESIAN_POINT('',(14.916993650447,-34.35611140903,0.));
#1882 = LINE('',#1883,#1884);
#1883 = CARTESIAN_POINT('',(15.298800084445,-34.22259675893,0.));
#1884 = VECTOR('',#1885,1.);
#1885 = DIRECTION('',(-0.943948977741,-0.330091392529,0.));
#1886 = ORIENTED_EDGE('',*,*,#1887,.T.);
#1887 = EDGE_CURVE('',#1880,#1888,#1890,.T.);
#1888 = VERTEX_POINT('',#1889);
#1889 = CARTESIAN_POINT('',(14.377293397031,-34.50347868936,0.));
#1890 = LINE('',#1891,#1892);
#1891 = CARTESIAN_POINT('',(14.916993650447,-34.35611140903,0.));
#1892 = VECTOR('',#1893,1.);
#1893 = DIRECTION('',(-0.964683782083,-0.263410707045,0.));
#1894 = ORIENTED_EDGE('',*,*,#1895,.T.);
#1895 = EDGE_CURVE('',#1888,#1896,#1898,.T.);
#1896 = VERTEX_POINT('',#1897);
#1897 = CARTESIAN_POINT('',(13.477760622032,-34.80017202958,0.));
#1898 = LINE('',#1899,#1900);
#1899 = CARTESIAN_POINT('',(14.377293397031,-34.50347868936,0.));
#1900 = VECTOR('',#1901,1.);
#1901 = DIRECTION('',(-0.94967654296,-0.313232284018,0.));
#1902 = ORIENTED_EDGE('',*,*,#1903,.T.);
#1903 = EDGE_CURVE('',#1896,#1904,#1906,.T.);
#1904 = VERTEX_POINT('',#1905);
#1905 = CARTESIAN_POINT('',(12.787834124643,-35.07591878116,0.));
#1906 = LINE('',#1907,#1908);
#1907 = CARTESIAN_POINT('',(13.477760622032,-34.80017202958,0.));
#1908 = VECTOR('',#1909,1.);
#1909 = DIRECTION('',(-0.928580543846,-0.371130938607,0.));
#1910 = ORIENTED_EDGE('',*,*,#1911,.T.);
#1911 = EDGE_CURVE('',#1904,#1912,#1914,.T.);
#1912 = VERTEX_POINT('',#1913);
#1913 = CARTESIAN_POINT('',(12.465698898033,-35.20232182619,0.));
#1914 = LINE('',#1915,#1916);
#1915 = CARTESIAN_POINT('',(12.787834124643,-35.07591878116,0.));
#1916 = VECTOR('',#1917,1.);
#1917 = DIRECTION('',(-0.930899018333,-0.365276631701,0.));
#1918 = ORIENTED_EDGE('',*,*,#1919,.T.);
#1919 = EDGE_CURVE('',#1912,#1920,#1922,.T.);
#1920 = VERTEX_POINT('',#1921);
#1921 = CARTESIAN_POINT('',(12.329740167863,-35.25873820689,0.));
#1922 = LINE('',#1923,#1924);
#1923 = CARTESIAN_POINT('',(12.465698898033,-35.20232182619,0.));
#1924 = VECTOR('',#1925,1.);
#1925 = DIRECTION('',(-0.923638127243,-0.383265717099,0.));
#1926 = ORIENTED_EDGE('',*,*,#1927,.T.);
#1927 = EDGE_CURVE('',#1920,#1928,#1930,.T.);
#1928 = VERTEX_POINT('',#1929);
#1929 = CARTESIAN_POINT('',(12.143563671423,-35.31513694092,0.));
#1930 = LINE('',#1931,#1932);
#1931 = CARTESIAN_POINT('',(12.329740167863,-35.25873820689,0.));
#1932 = VECTOR('',#1933,1.);
#1933 = DIRECTION('',(-0.957050632536,-0.289920828438,0.));
#1934 = ORIENTED_EDGE('',*,*,#1935,.T.);
#1935 = EDGE_CURVE('',#1928,#1936,#1938,.T.);
#1936 = VERTEX_POINT('',#1937);
#1937 = CARTESIAN_POINT('',(11.957406586567,-35.37155332162,0.));
#1938 = LINE('',#1939,#1940);
#1939 = CARTESIAN_POINT('',(12.143563671423,-35.31513694092,0.));
#1940 = VECTOR('',#1941,1.);
#1941 = DIRECTION('',(-0.957017066136,-0.290031610562,0.));
#1942 = ORIENTED_EDGE('',*,*,#1943,.T.);
#1943 = EDGE_CURVE('',#1936,#1944,#1946,.T.);
#1944 = VERTEX_POINT('',#1945);
#1945 = CARTESIAN_POINT('',(11.810247372772,-35.42796970232,0.));
#1946 = LINE('',#1947,#1948);
#1947 = CARTESIAN_POINT('',(11.957406586567,-35.37155332162,0.));
#1948 = VECTOR('',#1949,1.);
#1949 = DIRECTION('',(-0.933734773986,-0.35796560149,0.));
#1950 = ORIENTED_EDGE('',*,*,#1951,.T.);
#1951 = EDGE_CURVE('',#1944,#1952,#1954,.T.);
#1952 = VERTEX_POINT('',#1953);
#1953 = CARTESIAN_POINT('',(11.426713307851,-35.54863758196,0.));
#1954 = LINE('',#1955,#1956);
#1955 = CARTESIAN_POINT('',(11.810247372772,-35.42796970232,0.));
#1956 = VECTOR('',#1957,1.);
#1957 = DIRECTION('',(-0.953902184598,-0.300117680619,0.));
#1958 = ORIENTED_EDGE('',*,*,#1959,.T.);
#1959 = EDGE_CURVE('',#1952,#1960,#1962,.T.);
#1960 = VERTEX_POINT('',#1961);
#1961 = CARTESIAN_POINT('',(11.130511956671,-35.63901937672,0.));
#1962 = LINE('',#1963,#1964);
#1963 = CARTESIAN_POINT('',(11.426713307851,-35.54863758196,0.));
#1964 = VECTOR('',#1965,1.);
#1965 = DIRECTION('',(-0.956463557017,-0.291851784471,0.));
#1966 = ORIENTED_EDGE('',*,*,#1967,.T.);
#1967 = EDGE_CURVE('',#1960,#1968,#1970,.T.);
#1968 = VERTEX_POINT('',#1969);
#1969 = CARTESIAN_POINT('',(10.802922075124,-35.6851168714,0.));
#1970 = LINE('',#1971,#1972);
#1971 = CARTESIAN_POINT('',(11.130511956671,-35.63901937672,0.));
#1972 = VECTOR('',#1973,1.);
#1973 = DIRECTION('',(-0.990243999734,-0.139344253524,0.));
#1974 = ORIENTED_EDGE('',*,*,#1975,.T.);
#1975 = EDGE_CURVE('',#1968,#1976,#1978,.T.);
#1976 = VERTEX_POINT('',#1977);
#1977 = CARTESIAN_POINT('',(10.212732293271,-35.75910932816,0.));
#1978 = LINE('',#1979,#1980);
#1979 = CARTESIAN_POINT('',(10.802922075124,-35.6851168714,0.));
#1980 = VECTOR('',#1981,1.);
#1981 = DIRECTION('',(-0.992232550629,-0.124396806516,0.));
#1982 = ORIENTED_EDGE('',*,*,#1983,.T.);
#1983 = EDGE_CURVE('',#1976,#1984,#1986,.T.);
#1984 = VERTEX_POINT('',#1985);
#1985 = CARTESIAN_POINT('',(8.327149316036,-36.16618254366,0.));
#1986 = LINE('',#1987,#1988);
#1987 = CARTESIAN_POINT('',(10.212732293271,-35.75910932816,0.));
#1988 = VECTOR('',#1989,1.);
#1989 = DIRECTION('',(-0.977480549652,-0.211025531754,0.));
#1990 = ORIENTED_EDGE('',*,*,#1991,.T.);
#1991 = EDGE_CURVE('',#1984,#1992,#1994,.T.);
#1992 = VERTEX_POINT('',#1993);
#1993 = CARTESIAN_POINT('',(7.613521275309,-36.27338601966,0.));
#1994 = LINE('',#1995,#1996);
#1995 = CARTESIAN_POINT('',(8.327149316036,-36.16618254366,0.));
#1996 = VECTOR('',#1997,1.);
#1997 = DIRECTION('',(-0.988903951775,-0.148556299644,0.));
#1998 = ORIENTED_EDGE('',*,*,#1999,.T.);
#1999 = EDGE_CURVE('',#1992,#2000,#2002,.T.);
#2000 = VERTEX_POINT('',#2001);
#2001 = CARTESIAN_POINT('',(6.890789201965,-36.38470116806,0.));
#2002 = LINE('',#2003,#2004);
#2003 = CARTESIAN_POINT('',(7.613521275309,-36.27338601966,0.));
#2004 = VECTOR('',#2005,1.);
#2005 = DIRECTION('',(-0.988345870088,-0.152224968645,0.));
#2006 = ORIENTED_EDGE('',*,*,#2007,.T.);
#2007 = EDGE_CURVE('',#2000,#2008,#2010,.T.);
#2008 = VERTEX_POINT('',#2009);
#2009 = CARTESIAN_POINT('',(6.425377078241,-36.48865765811,0.));
#2010 = LINE('',#2011,#2012);
#2011 = CARTESIAN_POINT('',(6.890789201965,-36.38470116806,0.));
#2012 = VECTOR('',#2013,1.);
#2013 = DIRECTION('',(-0.975950430566,-0.217992561979,0.));
#2014 = ORIENTED_EDGE('',*,*,#2015,.T.);
#2015 = EDGE_CURVE('',#2008,#2016,#2018,.T.);
#2016 = VERTEX_POINT('',#2017);
#2017 = CARTESIAN_POINT('',(6.121927927107,-36.56920447143,0.));
#2018 = LINE('',#2019,#2020);
#2019 = CARTESIAN_POINT('',(6.425377078241,-36.48865765811,0.));
#2020 = VECTOR('',#2021,1.);
#2021 = DIRECTION('',(-0.96653005413,-0.256553414445,0.));
#2022 = ORIENTED_EDGE('',*,*,#2023,.T.);
#2023 = EDGE_CURVE('',#2016,#2024,#2026,.T.);
#2024 = VERTEX_POINT('',#2025);
#2025 = CARTESIAN_POINT('',(5.602471528735,-36.65309146712,0.));
#2026 = LINE('',#2027,#2028);
#2027 = CARTESIAN_POINT('',(6.121927927107,-36.56920447143,0.));
#2028 = VECTOR('',#2029,1.);
#2029 = DIRECTION('',(-0.987210119441,-0.159424527827,0.));
#2030 = ORIENTED_EDGE('',*,*,#2031,.T.);
#2031 = EDGE_CURVE('',#2024,#2032,#2034,.T.);
#2032 = VERTEX_POINT('',#2033);
#2033 = CARTESIAN_POINT('',(4.448676128502,-36.75819278442,0.));
#2034 = LINE('',#2035,#2036);
#2035 = CARTESIAN_POINT('',(5.602471528735,-36.65309146712,0.));
#2036 = VECTOR('',#2037,1.);
#2037 = DIRECTION('',(-0.99587678291,-9.071622380119E-02,0.));
#2038 = ORIENTED_EDGE('',*,*,#2039,.T.);
#2039 = EDGE_CURVE('',#2032,#2040,#2042,.T.);
#2040 = VERTEX_POINT('',#2041);
#2041 = CARTESIAN_POINT('',(2.873297533427,-36.83862627307,0.));
#2042 = LINE('',#2043,#2044);
#2043 = CARTESIAN_POINT('',(4.448676128502,-36.75819278442,0.));
#2044 = VECTOR('',#2045,1.);
#2045 = DIRECTION('',(-0.998699154059,-5.099019202587E-02,0.));
#2046 = ORIENTED_EDGE('',*,*,#2047,.T.);
#2047 = EDGE_CURVE('',#2040,#2048,#2050,.T.);
#2048 = VERTEX_POINT('',#2049);
#2049 = CARTESIAN_POINT('',(2.340850236167,-36.89200356757,0.));
#2050 = LINE('',#2051,#2052);
#2051 = CARTESIAN_POINT('',(2.873297533427,-36.83862627307,0.));
#2052 = VECTOR('',#2053,1.);
#2053 = DIRECTION('',(-0.995012632171,-9.974899408148E-02,0.));
#2054 = ORIENTED_EDGE('',*,*,#2055,.T.);
#2055 = EDGE_CURVE('',#2048,#2056,#2058,.T.);
#2056 = VERTEX_POINT('',#2057);
#2057 = CARTESIAN_POINT('',(2.099272777383,-36.94457683601,0.));
#2058 = LINE('',#2059,#2060);
#2059 = CARTESIAN_POINT('',(2.340850236167,-36.89200356757,0.));
#2060 = VECTOR('',#2061,1.);
#2061 = DIRECTION('',(-0.977128960139,-0.212647584651,0.));
#2062 = ORIENTED_EDGE('',*,*,#2063,.T.);
#2063 = EDGE_CURVE('',#2056,#2064,#2066,.T.);
#2064 = VERTEX_POINT('',#2065);
#2065 = CARTESIAN_POINT('',(1.785985517307,-36.98398145472,0.));
#2066 = LINE('',#2067,#2068);
#2067 = CARTESIAN_POINT('',(2.099272777383,-36.94457683601,0.));
#2068 = VECTOR('',#2069,1.);
#2069 = DIRECTION('',(-0.992182590642,-0.124794658646,0.));
#2070 = ORIENTED_EDGE('',*,*,#2071,.T.);
#2071 = EDGE_CURVE('',#2064,#2072,#2074,.T.);
#2072 = VERTEX_POINT('',#2073);
#2073 = CARTESIAN_POINT('',(1.072057279476,-37.00007366014,0.));
#2074 = LINE('',#2075,#2076);
#2075 = CARTESIAN_POINT('',(1.785985517307,-36.98398145472,0.));
#2076 = VECTOR('',#2077,1.);
#2077 = DIRECTION('',(-0.999746062657,-2.253464445753E-02,0.));
#2078 = ORIENTED_EDGE('',*,*,#2079,.T.);
#2079 = EDGE_CURVE('',#2072,#2080,#2082,.T.);
#2080 = VERTEX_POINT('',#2081);
#2081 = CARTESIAN_POINT('',(-1.031441952902,-36.97526217664,0.));
#2082 = LINE('',#2083,#2084);
#2083 = CARTESIAN_POINT('',(1.072057279476,-37.00007366014,0.));
#2084 = VECTOR('',#2085,1.);
#2085 = DIRECTION('',(-0.999930442264,1.179451710439E-02,0.));
#2086 = ORIENTED_EDGE('',*,*,#2087,.T.);
#2087 = EDGE_CURVE('',#2080,#2088,#2090,.T.);
#2088 = VERTEX_POINT('',#2089);
#2089 = CARTESIAN_POINT('',(-3.158664566649,-36.89602507657,0.));
#2090 = LINE('',#2091,#2092);
#2091 = CARTESIAN_POINT('',(-1.031441952902,-36.97526217664,0.));
#2092 = VECTOR('',#2093,1.);
#2093 = DIRECTION('',(-0.999306973855,3.722327234286E-02,0.));
#2094 = ORIENTED_EDGE('',*,*,#2095,.T.);
#2095 = EDGE_CURVE('',#2088,#2096,#2098,.T.);
#2096 = VERTEX_POINT('',#2097);
#2097 = CARTESIAN_POINT('',(-3.902247031192,-36.84408526129,0.));
#2098 = LINE('',#2099,#2100);
#2099 = CARTESIAN_POINT('',(-3.158664566649,-36.89602507657,0.));
#2100 = VECTOR('',#2101,1.);
#2101 = DIRECTION('',(-0.997569325332,6.96809956657E-02,0.));
#2102 = ORIENTED_EDGE('',*,*,#2103,.T.);
#2103 = EDGE_CURVE('',#2096,#2104,#2106,.T.);
#2104 = VERTEX_POINT('',#2105);
#2105 = CARTESIAN_POINT('',(-4.257050208663,-36.78824505102,0.));
#2106 = LINE('',#2107,#2108);
#2107 = CARTESIAN_POINT('',(-3.902247031192,-36.84408526129,0.));
#2108 = VECTOR('',#2109,1.);
#2109 = DIRECTION('',(-0.987840623911,0.155469938414,0.));
#2110 = ORIENTED_EDGE('',*,*,#2111,.T.);
#2111 = EDGE_CURVE('',#2104,#2112,#2114,.T.);
#2112 = VERTEX_POINT('',#2113);
#2113 = CARTESIAN_POINT('',(-4.622861497935,-36.72501705851,0.));
#2114 = LINE('',#2115,#2116);
#2115 = CARTESIAN_POINT('',(-4.257050208663,-36.78824505102,0.));
#2116 = VECTOR('',#2117,1.);
#2117 = DIRECTION('',(-0.985389182783,0.170317816023,0.));
#2118 = ORIENTED_EDGE('',*,*,#2119,.T.);
#2119 = EDGE_CURVE('',#2112,#2120,#2122,.T.);
#2120 = VERTEX_POINT('',#2121);
#2121 = CARTESIAN_POINT('',(-5.573291444622,-36.63835429792,0.));
#2122 = LINE('',#2123,#2124);
#2123 = CARTESIAN_POINT('',(-4.622861497935,-36.72501705851,0.));
#2124 = VECTOR('',#2125,1.);
#2125 = DIRECTION('',(-0.995868602817,9.080597955457E-02,0.));
#2126 = ORIENTED_EDGE('',*,*,#2127,.T.);
#2127 = EDGE_CURVE('',#2120,#2128,#2130,.T.);
#2128 = VERTEX_POINT('',#2129);
#2129 = CARTESIAN_POINT('',(-6.415831810743,-36.58103793742,0.));
#2130 = LINE('',#2131,#2132);
#2131 = CARTESIAN_POINT('',(-5.573291444622,-36.63835429792,0.));
#2132 = VECTOR('',#2133,1.);
#2133 = DIRECTION('',(-0.997694094029,6.787116280573E-02,0.));
#2134 = ORIENTED_EDGE('',*,*,#2135,.T.);
#2135 = EDGE_CURVE('',#2128,#2136,#2138,.T.);
#2136 = VERTEX_POINT('',#2137);
#2137 = CARTESIAN_POINT('',(-6.912263644749,-36.55126801742,0.));
#2138 = LINE('',#2139,#2140);
#2139 = CARTESIAN_POINT('',(-6.415831810743,-36.58103793742,0.));
#2140 = VECTOR('',#2141,1.);
#2141 = DIRECTION('',(-0.998206767163,5.986025384759E-02,0.));
#2142 = ORIENTED_EDGE('',*,*,#2143,.T.);
#2143 = EDGE_CURVE('',#2136,#2144,#2146,.T.);
#2144 = VERTEX_POINT('',#2145);
#2145 = CARTESIAN_POINT('',(-7.621116435958,-36.44199988189,0.));
#2146 = LINE('',#2147,#2148);
#2147 = CARTESIAN_POINT('',(-6.912263644749,-36.55126801742,0.));
#2148 = VECTOR('',#2149,1.);
#2149 = DIRECTION('',(-0.988326842013,0.152348460301,0.));
#2150 = ORIENTED_EDGE('',*,*,#2151,.T.);
#2151 = EDGE_CURVE('',#2144,#2152,#2154,.T.);
#2152 = VERTEX_POINT('',#2153);
#2153 = CARTESIAN_POINT('',(-8.263055072722,-36.33432215184,0.));
#2154 = LINE('',#2155,#2156);
#2155 = CARTESIAN_POINT('',(-7.621116435958,-36.44199988189,0.));
#2156 = VECTOR('',#2157,1.);
#2157 = DIRECTION('',(-0.986221995147,0.165427253764,0.));
#2158 = ORIENTED_EDGE('',*,*,#2159,.T.);
#2159 = EDGE_CURVE('',#2152,#2160,#2162,.T.);
#2160 = VERTEX_POINT('',#2161);
#2161 = CARTESIAN_POINT('',(-8.48988185126,-36.24418079286,0.));
#2162 = LINE('',#2163,#2164);
#2163 = CARTESIAN_POINT('',(-8.263055072722,-36.33432215184,0.));
#2164 = VECTOR('',#2165,1.);
#2165 = DIRECTION('',(-0.929306968258,0.369308216463,0.));
#2166 = ORIENTED_EDGE('',*,*,#2167,.T.);
#2167 = EDGE_CURVE('',#2160,#2168,#2170,.T.);
#2168 = VERTEX_POINT('',#2169);
#2169 = CARTESIAN_POINT('',(-8.756148114381,-36.16606784036,0.));
#2170 = LINE('',#2171,#2172);
#2171 = CARTESIAN_POINT('',(-8.48988185126,-36.24418079286,0.));
#2172 = VECTOR('',#2173,1.);
#2173 = DIRECTION('',(-0.959561017302,0.281500717714,0.));
#2174 = ORIENTED_EDGE('',*,*,#2175,.T.);
#2175 = EDGE_CURVE('',#2168,#2176,#2178,.T.);
#2176 = VERTEX_POINT('',#2177);
#2177 = CARTESIAN_POINT('',(-9.265588135717,-36.08027858957,0.));
#2178 = LINE('',#2179,#2180);
#2179 = CARTESIAN_POINT('',(-8.756148114381,-36.16606784036,0.));
#2180 = VECTOR('',#2181,1.);
#2181 = DIRECTION('',(-0.98611548575,0.166060979054,0.));
#2182 = ORIENTED_EDGE('',*,*,#2183,.T.);
#2183 = EDGE_CURVE('',#2176,#2184,#2186,.T.);
#2184 = VERTEX_POINT('',#2185);
#2185 = CARTESIAN_POINT('',(-10.11623526435,-35.93905234786,0.));
#2186 = LINE('',#2187,#2188);
#2187 = CARTESIAN_POINT('',(-9.265588135717,-36.08027858957,0.));
#2188 = VECTOR('',#2189,1.);
#2189 = DIRECTION('',(-0.986496839158,0.163780298973,0.));
#2190 = ORIENTED_EDGE('',*,*,#2191,.T.);
#2191 = EDGE_CURVE('',#2184,#2192,#2194,.T.);
#2192 = VERTEX_POINT('',#2193);
#2193 = CARTESIAN_POINT('',(-10.56874596446,-35.78776750841,0.));
#2194 = LINE('',#2195,#2196);
#2195 = CARTESIAN_POINT('',(-10.11623526435,-35.93905234786,0.));
#2196 = VECTOR('',#2197,1.);
#2197 = DIRECTION('',(-0.948401275635,0.317072579032,0.));
#2198 = ORIENTED_EDGE('',*,*,#2199,.T.);
#2199 = EDGE_CURVE('',#2192,#2200,#2202,.T.);
#2200 = VERTEX_POINT('',#2201);
#2201 = CARTESIAN_POINT('',(-11.11148655712,-35.6086097652,0.));
#2202 = LINE('',#2203,#2204);
#2203 = CARTESIAN_POINT('',(-10.56874596446,-35.78776750841,0.));
#2204 = VECTOR('',#2205,1.);
#2205 = DIRECTION('',(-0.949600868362,0.31346162573,0.));
#2206 = ORIENTED_EDGE('',*,*,#2207,.T.);
#2207 = EDGE_CURVE('',#2200,#2208,#2210,.T.);
#2208 = VERTEX_POINT('',#2209);
#2209 = CARTESIAN_POINT('',(-11.99602145749,-35.37349445452,0.));
#2210 = LINE('',#2211,#2212);
#2211 = CARTESIAN_POINT('',(-11.11148655712,-35.6086097652,0.));
#2212 = VECTOR('',#2213,1.);
#2213 = DIRECTION('',(-0.966441540671,0.256886645166,0.));
#2214 = ORIENTED_EDGE('',*,*,#2215,.T.);
#2215 = EDGE_CURVE('',#2208,#2216,#2218,.T.);
#2216 = VERTEX_POINT('',#2217);
#2217 = CARTESIAN_POINT('',(-12.4614529928,-35.23826807814,0.));
#2218 = LINE('',#2219,#2220);
#2219 = CARTESIAN_POINT('',(-11.99602145749,-35.37349445452,0.));
#2220 = VECTOR('',#2221,1.);
#2221 = DIRECTION('',(-0.960290360498,0.279002551126,0.));
#2222 = ORIENTED_EDGE('',*,*,#2223,.T.);
#2223 = EDGE_CURVE('',#2216,#2224,#2226,.T.);
#2224 = VERTEX_POINT('',#2225);
#2225 = CARTESIAN_POINT('',(-12.8698144729,-35.14673483864,0.));
#2226 = LINE('',#2227,#2228);
#2227 = CARTESIAN_POINT('',(-12.4614529928,-35.23826807814,0.));
#2228 = VECTOR('',#2229,1.);
#2229 = DIRECTION('',(-0.975787566581,0.218720426356,0.));
#2230 = ORIENTED_EDGE('',*,*,#2231,.T.);
#2231 = EDGE_CURVE('',#2224,#2232,#2234,.T.);
#2232 = VERTEX_POINT('',#2233);
#2233 = CARTESIAN_POINT('',(-13.2542942459,-35.06454964298,0.));
#2234 = LINE('',#2235,#2236);
#2235 = CARTESIAN_POINT('',(-12.8698144729,-35.14673483864,0.));
#2236 = VECTOR('',#2237,1.);
#2237 = DIRECTION('',(-0.977908242576,0.209034612208,0.));
#2238 = ORIENTED_EDGE('',*,*,#2239,.T.);
#2239 = EDGE_CURVE('',#2232,#2240,#2242,.T.);
#2240 = VERTEX_POINT('',#2241);
#2241 = CARTESIAN_POINT('',(-13.89417343498,-34.87695927655,0.));
#2242 = LINE('',#2243,#2244);
#2243 = CARTESIAN_POINT('',(-13.2542942459,-35.06454964298,0.));
#2244 = VECTOR('',#2245,1.);
#2245 = DIRECTION('',(-0.959612525111,0.281325081802,0.));
#2246 = ORIENTED_EDGE('',*,*,#2247,.T.);
#2247 = EDGE_CURVE('',#2240,#2248,#2250,.T.);
#2248 = VERTEX_POINT('',#2249);
#2249 = CARTESIAN_POINT('',(-14.51706263569,-34.66923517088,0.));
#2250 = LINE('',#2251,#2252);
#2251 = CARTESIAN_POINT('',(-13.89417343498,-34.87695927655,0.));
#2252 = VECTOR('',#2253,1.);
#2253 = DIRECTION('',(-0.948640171533,0.316357116173,0.));
#2254 = ORIENTED_EDGE('',*,*,#2255,.T.);
#2255 = EDGE_CURVE('',#2248,#2256,#2258,.T.);
#2256 = VERTEX_POINT('',#2257);
#2257 = CARTESIAN_POINT('',(-14.85057244357,-34.5266487575,0.));
#2258 = LINE('',#2259,#2260);
#2259 = CARTESIAN_POINT('',(-14.51706263569,-34.66923517088,0.));
#2260 = VECTOR('',#2261,1.);
#2261 = DIRECTION('',(-0.919490423766,0.393112401996,0.));
#2262 = ORIENTED_EDGE('',*,*,#2263,.T.);
#2263 = EDGE_CURVE('',#2256,#2264,#2266,.T.);
#2264 = VERTEX_POINT('',#2265);
#2265 = CARTESIAN_POINT('',(-15.21898245857,-34.33467291966,0.));
#2266 = LINE('',#2267,#2268);
#2267 = CARTESIAN_POINT('',(-14.85057244357,-34.5266487575,0.));
#2268 = VECTOR('',#2269,1.);
#2269 = DIRECTION('',(-0.886819763394,0.462115469611,0.));
#2270 = ORIENTED_EDGE('',*,*,#2271,.T.);
#2271 = EDGE_CURVE('',#2264,#2272,#2274,.T.);
#2272 = VERTEX_POINT('',#2273);
#2273 = CARTESIAN_POINT('',(-15.7269083764,-34.2111087815,0.));
#2274 = LINE('',#2275,#2276);
#2275 = CARTESIAN_POINT('',(-15.21898245857,-34.33467291966,0.));
#2276 = VECTOR('',#2277,1.);
#2277 = DIRECTION('',(-0.971661192727,0.236377931603,0.));
#2278 = ORIENTED_EDGE('',*,*,#2279,.T.);
#2279 = EDGE_CURVE('',#2272,#2280,#2282,.T.);
#2280 = VERTEX_POINT('',#2281);
#2281 = CARTESIAN_POINT('',(-16.03200023278,-34.13560312341,0.));
#2282 = LINE('',#2283,#2284);
#2283 = CARTESIAN_POINT('',(-15.7269083764,-34.2111087815,0.));
#2284 = VECTOR('',#2285,1.);
#2285 = DIRECTION('',(-0.970714213499,0.240237207173,0.));
#2286 = ORIENTED_EDGE('',*,*,#2287,.T.);
#2287 = EDGE_CURVE('',#2280,#2288,#2290,.T.);
#2288 = VERTEX_POINT('',#2289);
#2289 = CARTESIAN_POINT('',(-16.35613485248,-34.00988388657,0.));
#2290 = LINE('',#2291,#2292);
#2291 = CARTESIAN_POINT('',(-16.03200023278,-34.13560312341,0.));
#2292 = VECTOR('',#2293,1.);
#2293 = DIRECTION('',(-0.93232796775,0.361613827931,0.));
#2294 = ORIENTED_EDGE('',*,*,#2295,.T.);
#2295 = EDGE_CURVE('',#2288,#2296,#2298,.T.);
#2296 = VERTEX_POINT('',#2297);
#2297 = CARTESIAN_POINT('',(-16.75521759571,-33.84839927606,0.));
#2298 = LINE('',#2299,#2300);
#2299 = CARTESIAN_POINT('',(-16.35613485248,-34.00988388657,0.));
#2300 = VECTOR('',#2301,1.);
#2301 = DIRECTION('',(-0.926986295438,0.375095198677,0.));
#2302 = ORIENTED_EDGE('',*,*,#2303,.T.);
#2303 = EDGE_CURVE('',#2296,#2304,#2306,.T.);
#2304 = VERTEX_POINT('',#2305);
#2305 = CARTESIAN_POINT('',(-17.07036465229,-33.65095076695,0.));
#2306 = LINE('',#2307,#2308);
#2307 = CARTESIAN_POINT('',(-16.75521759571,-33.84839927606,0.));
#2308 = VECTOR('',#2309,1.);
#2309 = DIRECTION('',(-0.847415771728,0.53092985396,0.));
#2310 = ORIENTED_EDGE('',*,*,#2311,.T.);
#2311 = EDGE_CURVE('',#2304,#2312,#2314,.T.);
#2312 = VERTEX_POINT('',#2313);
#2313 = CARTESIAN_POINT('',(-17.38304643778,-33.45350225783,0.));
#2314 = LINE('',#2315,#2316);
#2315 = CARTESIAN_POINT('',(-17.07036465229,-33.65095076695,0.));
#2316 = VECTOR('',#2317,1.);
#2317 = DIRECTION('',(-0.845531293758,0.533925866836,0.));
#2318 = ORIENTED_EDGE('',*,*,#2319,.T.);
#2319 = EDGE_CURVE('',#2312,#2320,#2322,.T.);
#2320 = VERTEX_POINT('',#2321);
#2321 = CARTESIAN_POINT('',(-18.30762015537,-33.0586052396,0.));
#2322 = LINE('',#2323,#2324);
#2323 = CARTESIAN_POINT('',(-17.38304643778,-33.45350225783,0.));
#2324 = VECTOR('',#2325,1.);
#2325 = DIRECTION('',(-0.919630100425,0.392785537402,0.));
#2326 = ORIENTED_EDGE('',*,*,#2327,.T.);
#2327 = EDGE_CURVE('',#2320,#2328,#2330,.T.);
#2328 = VERTEX_POINT('',#2329);
#2329 = CARTESIAN_POINT('',(-19.2673676621,-32.66372586804,0.));
#2330 = LINE('',#2331,#2332);
#2331 = CARTESIAN_POINT('',(-18.30762015537,-33.0586052396,0.));
#2332 = VECTOR('',#2333,1.);
#2333 = DIRECTION('',(-0.924783492967,0.380493746512,0.));
#2334 = ORIENTED_EDGE('',*,*,#2335,.T.);
#2335 = EDGE_CURVE('',#2328,#2336,#2338,.T.);
#2336 = VERTEX_POINT('',#2337);
#2337 = CARTESIAN_POINT('',(-19.55730149828,-32.56406413452,0.));
#2338 = LINE('',#2339,#2340);
#2339 = CARTESIAN_POINT('',(-19.2673676621,-32.66372586804,0.));
#2340 = VECTOR('',#2341,1.);
#2341 = DIRECTION('',(-0.945689630212,0.325070951194,0.));
#2342 = ORIENTED_EDGE('',*,*,#2343,.T.);
#2343 = EDGE_CURVE('',#2336,#2344,#2346,.T.);
#2344 = VERTEX_POINT('',#2345);
#2345 = CARTESIAN_POINT('',(-19.90810520714,-32.34469185282,0.));
#2346 = LINE('',#2347,#2348);
#2347 = CARTESIAN_POINT('',(-19.55730149828,-32.56406413452,0.));
#2348 = VECTOR('',#2349,1.);
#2349 = DIRECTION('',(-0.847867966559,0.530207422885,0.));
#2350 = ORIENTED_EDGE('',*,*,#2351,.T.);
#2351 = EDGE_CURVE('',#2344,#2352,#2354,.T.);
#2352 = VERTEX_POINT('',#2353);
#2353 = CARTESIAN_POINT('',(-20.69443933351,-31.89252038492,0.));
#2354 = LINE('',#2355,#2356);
#2355 = CARTESIAN_POINT('',(-19.90810520714,-32.34469185282,0.));
#2356 = VECTOR('',#2357,1.);
#2357 = DIRECTION('',(-0.866892322694,0.498495437144,0.));
#2358 = ORIENTED_EDGE('',*,*,#2359,.T.);
#2359 = EDGE_CURVE('',#2352,#2360,#2362,.T.);
#2360 = VERTEX_POINT('',#2361);
#2361 = CARTESIAN_POINT('',(-21.42713925493,-31.56035063514,0.));
#2362 = LINE('',#2363,#2364);
#2363 = CARTESIAN_POINT('',(-20.69443933351,-31.89252038492,0.));
#2364 = VECTOR('',#2365,1.);
#2365 = DIRECTION('',(-0.910776079075,0.412900634276,0.));
#2366 = ORIENTED_EDGE('',*,*,#2367,.T.);
#2367 = EDGE_CURVE('',#2360,#2368,#2370,.T.);
#2368 = VERTEX_POINT('',#2369);
#2369 = CARTESIAN_POINT('',(-21.7246969905,-31.42257293735,0.));
#2370 = LINE('',#2371,#2372);
#2371 = CARTESIAN_POINT('',(-21.42713925493,-31.56035063514,0.));
#2372 = VECTOR('',#2373,1.);
#2373 = DIRECTION('',(-0.907444248987,0.420172506216,0.));
#2374 = ORIENTED_EDGE('',*,*,#2375,.T.);
#2375 = EDGE_CURVE('',#2368,#2376,#2378,.T.);
#2376 = VERTEX_POINT('',#2377);
#2377 = CARTESIAN_POINT('',(-22.25673694781,-31.11282465119,0.));
#2378 = LINE('',#2379,#2380);
#2379 = CARTESIAN_POINT('',(-21.7246969905,-31.42257293735,0.));
#2380 = VECTOR('',#2381,1.);
#2381 = DIRECTION('',(-0.864208670813,0.50313355413,0.));
#2382 = ORIENTED_EDGE('',*,*,#2383,.T.);
#2383 = EDGE_CURVE('',#2376,#2384,#2386,.T.);
#2384 = VERTEX_POINT('',#2385);
#2385 = CARTESIAN_POINT('',(-23.24219994965,-30.45408134955,0.));
#2386 = LINE('',#2387,#2388);
#2387 = CARTESIAN_POINT('',(-22.25673694781,-31.11282465119,0.));
#2388 = VECTOR('',#2389,1.);
#2389 = DIRECTION('',(-0.831361268402,0.555732346909,0.));
#2390 = ORIENTED_EDGE('',*,*,#2391,.T.);
#2391 = EDGE_CURVE('',#2384,#2392,#2394,.T.);
#2392 = VERTEX_POINT('',#2393);
#2393 = CARTESIAN_POINT('',(-23.45767580479,-30.30143771707,0.));
#2394 = LINE('',#2395,#2396);
#2395 = CARTESIAN_POINT('',(-23.24219994965,-30.45408134955,0.));
#2396 = VECTOR('',#2397,1.);
#2397 = DIRECTION('',(-0.81599786245,0.578054918218,0.));
#2398 = ORIENTED_EDGE('',*,*,#2399,.T.);
#2399 = EDGE_CURVE('',#2392,#2400,#2402,.T.);
#2400 = VERTEX_POINT('',#2401);
#2401 = CARTESIAN_POINT('',(-23.60733183351,-30.23794502462,0.));
#2402 = LINE('',#2403,#2404);
#2403 = CARTESIAN_POINT('',(-23.45767580479,-30.30143771707,0.));
#2404 = VECTOR('',#2405,1.);
#2405 = DIRECTION('',(-0.920576792398,0.390561607558,0.));
#2406 = ORIENTED_EDGE('',*,*,#2407,.T.);
#2407 = EDGE_CURVE('',#2400,#2408,#2410,.T.);
#2408 = VERTEX_POINT('',#2409);
#2409 = CARTESIAN_POINT('',(-23.84610401518,-30.12469977249,0.));
#2410 = LINE('',#2411,#2412);
#2411 = CARTESIAN_POINT('',(-23.60733183351,-30.23794502462,0.));
#2412 = VECTOR('',#2413,1.);
#2413 = DIRECTION('',(-0.903528911039,0.428527136733,0.));
#2414 = ORIENTED_EDGE('',*,*,#2415,.T.);
#2415 = EDGE_CURVE('',#2408,#2416,#2418,.T.);
#2416 = VERTEX_POINT('',#2417);
#2417 = CARTESIAN_POINT('',(-24.27582794281,-29.85243603096,0.));
#2418 = LINE('',#2419,#2420);
#2419 = CARTESIAN_POINT('',(-23.84610401518,-30.12469977249,0.));
#2420 = VECTOR('',#2421,1.);
#2421 = DIRECTION('',(-0.844725538326,0.535199742994,0.));
#2422 = ORIENTED_EDGE('',*,*,#2423,.T.);
#2423 = EDGE_CURVE('',#2416,#2424,#2426,.T.);
#2424 = VERTEX_POINT('',#2425);
#2425 = CARTESIAN_POINT('',(-25.15179505556,-29.27419018712,0.));
#2426 = LINE('',#2427,#2428);
#2427 = CARTESIAN_POINT('',(-24.27582794281,-29.85243603096,0.));
#2428 = VECTOR('',#2429,1.);
#2429 = DIRECTION('',(-0.834562296067,0.55091358123,0.));
#2430 = ORIENTED_EDGE('',*,*,#2431,.T.);
#2431 = EDGE_CURVE('',#2424,#2432,#2434,.T.);
#2432 = VERTEX_POINT('',#2433);
#2433 = CARTESIAN_POINT('',(-25.51824692708,-28.9968552359,0.));
#2434 = LINE('',#2435,#2436);
#2435 = CARTESIAN_POINT('',(-25.15179505556,-29.27419018712,0.));
#2436 = VECTOR('',#2437,1.);
#2437 = DIRECTION('',(-0.797385421708,0.603470371475,0.));
#2438 = ORIENTED_EDGE('',*,*,#2439,.T.);
#2439 = EDGE_CURVE('',#2432,#2440,#2442,.T.);
#2440 = VERTEX_POINT('',#2441);
#2441 = CARTESIAN_POINT('',(-25.85737214207,-28.6707360856,0.));
#2442 = LINE('',#2443,#2444);
#2443 = CARTESIAN_POINT('',(-25.51824692708,-28.9968552359,0.));
#2444 = VECTOR('',#2445,1.);
#2445 = DIRECTION('',(-0.720793547149,0.69314981237,0.));
#2446 = ORIENTED_EDGE('',*,*,#2447,.T.);
#2447 = EDGE_CURVE('',#2440,#2448,#2450,.T.);
#2448 = VERTEX_POINT('',#2449);
#2449 = CARTESIAN_POINT('',(-26.06497841998,-28.53336398532,0.));
#2450 = LINE('',#2451,#2452);
#2451 = CARTESIAN_POINT('',(-25.85737214207,-28.6707360856,0.));
#2452 = VECTOR('',#2453,1.);
#2453 = DIRECTION('',(-0.833958839445,0.55182665223,0.));
#2454 = ORIENTED_EDGE('',*,*,#2455,.T.);
#2455 = EDGE_CURVE('',#2448,#2456,#2458,.T.);
#2456 = VERTEX_POINT('',#2457);
#2457 = CARTESIAN_POINT('',(-26.23274848906,-28.46193194903,0.));
#2458 = LINE('',#2459,#2460);
#2459 = CARTESIAN_POINT('',(-26.06497841998,-28.53336398532,0.));
#2460 = VECTOR('',#2461,1.);
#2461 = DIRECTION('',(-0.920074558288,0.391743292464,0.));
#2462 = ORIENTED_EDGE('',*,*,#2463,.T.);
#2463 = EDGE_CURVE('',#2456,#2464,#2466,.T.);
#2464 = VERTEX_POINT('',#2465);
#2465 = CARTESIAN_POINT('',(-26.61691585689,-28.21649995816,0.));
#2466 = LINE('',#2467,#2468);
#2467 = CARTESIAN_POINT('',(-26.23274848906,-28.46193194903,0.));
#2468 = VECTOR('',#2469,1.);
#2469 = DIRECTION('',(-0.842704492146,0.538376391493,0.));
#2470 = ORIENTED_EDGE('',*,*,#2471,.T.);
#2471 = EDGE_CURVE('',#2464,#2472,#2474,.T.);
#2472 = VERTEX_POINT('',#2473);
#2473 = CARTESIAN_POINT('',(-27.43471373352,-27.51185327513,0.));
#2474 = LINE('',#2475,#2476);
#2475 = CARTESIAN_POINT('',(-26.61691585689,-28.21649995816,0.));
#2476 = VECTOR('',#2477,1.);
#2477 = DIRECTION('',(-0.75757096234,0.652752814639,0.));
#2478 = ORIENTED_EDGE('',*,*,#2479,.T.);
#2479 = EDGE_CURVE('',#2472,#2480,#2482,.T.);
#2480 = VERTEX_POINT('',#2481);
#2481 = CARTESIAN_POINT('',(-29.22048234888,-25.93438280174,0.));
#2482 = LINE('',#2483,#2484);
#2483 = CARTESIAN_POINT('',(-27.43471373352,-27.51185327513,0.));
#2484 = VECTOR('',#2485,1.);
#2485 = DIRECTION('',(-0.749464563576,0.6620444607,0.));
#2486 = ORIENTED_EDGE('',*,*,#2487,.T.);
#2487 = EDGE_CURVE('',#2480,#2488,#2490,.T.);
#2488 = VERTEX_POINT('',#2489);
#2489 = CARTESIAN_POINT('',(-30.31233296002,-24.97996525465,0.));
#2490 = LINE('',#2491,#2492);
#2491 = CARTESIAN_POINT('',(-29.22048234888,-25.93438280174,0.));
#2492 = VECTOR('',#2493,1.);
#2493 = DIRECTION('',(-0.752901841432,0.658132826387,0.));
#2494 = ORIENTED_EDGE('',*,*,#2495,.T.);
#2495 = EDGE_CURVE('',#2488,#2496,#2498,.T.);
#2496 = VERTEX_POINT('',#2497);
#2497 = CARTESIAN_POINT('',(-30.57904083666,-24.68122269572,0.));
#2498 = LINE('',#2499,#2500);
#2499 = CARTESIAN_POINT('',(-30.31233296002,-24.97996525465,0.));
#2500 = VECTOR('',#2501,1.);
#2501 = DIRECTION('',(-0.665978878371,0.745970598324,0.));
#2502 = ORIENTED_EDGE('',*,*,#2503,.T.);
#2503 = EDGE_CURVE('',#2496,#2504,#2506,.T.);
#2504 = VERTEX_POINT('',#2505);
#2505 = CARTESIAN_POINT('',(-30.82942266175,-24.37775634576,0.));
#2506 = LINE('',#2507,#2508);
#2507 = CARTESIAN_POINT('',(-30.57904083666,-24.68122269572,0.));
#2508 = VECTOR('',#2509,1.);
#2509 = DIRECTION('',(-0.636416357704,0.771345719925,0.));
#2510 = ORIENTED_EDGE('',*,*,#2511,.T.);
#2511 = EDGE_CURVE('',#2504,#2512,#2514,.T.);
#2512 = VERTEX_POINT('',#2513);
#2513 = CARTESIAN_POINT('',(-31.32787906324,-23.85184278312,0.));
#2514 = LINE('',#2515,#2516);
#2515 = CARTESIAN_POINT('',(-30.82942266175,-24.37775634576,0.));
#2516 = VECTOR('',#2517,1.);
#2517 = DIRECTION('',(-0.687906457064,0.725799356799,0.));
#2518 = ORIENTED_EDGE('',*,*,#2519,.T.);
#2519 = EDGE_CURVE('',#2512,#2520,#2522,.T.);
#2520 = VERTEX_POINT('',#2521);
#2521 = CARTESIAN_POINT('',(-32.22112491166,-23.00051924544,0.));
#2522 = LINE('',#2523,#2524);
#2523 = CARTESIAN_POINT('',(-31.32787906324,-23.85184278312,0.));
#2524 = VECTOR('',#2525,1.);
#2525 = DIRECTION('',(-0.723889707464,0.689915713278,0.));
#2526 = ORIENTED_EDGE('',*,*,#2527,.T.);
#2527 = EDGE_CURVE('',#2520,#2528,#2530,.T.);
#2528 = VERTEX_POINT('',#2529);
#2529 = CARTESIAN_POINT('',(-32.37804087257,-22.86418554098,0.));
#2530 = LINE('',#2531,#2532);
#2531 = CARTESIAN_POINT('',(-32.22112491166,-23.00051924544,0.));
#2532 = VECTOR('',#2533,1.);
#2533 = DIRECTION('',(-0.754879291255,0.655863747767,0.));
#2534 = ORIENTED_EDGE('',*,*,#2535,.T.);
#2535 = EDGE_CURVE('',#2528,#2536,#2538,.T.);
#2536 = VERTEX_POINT('',#2537);
#2537 = CARTESIAN_POINT('',(-32.44330989532,-22.75763057984,0.));
#2538 = LINE('',#2539,#2540);
#2539 = CARTESIAN_POINT('',(-32.37804087257,-22.86418554098,0.));
#2540 = VECTOR('',#2541,1.);
#2541 = DIRECTION('',(-0.522335991818,0.852739767837,0.));
#2542 = ORIENTED_EDGE('',*,*,#2543,.T.);
#2543 = EDGE_CURVE('',#2536,#2544,#2546,.T.);
#2544 = VERTEX_POINT('',#2545);
#2545 = CARTESIAN_POINT('',(-32.75958039729,-22.29432186193,0.));
#2546 = LINE('',#2547,#2548);
#2547 = CARTESIAN_POINT('',(-32.44330989532,-22.75763057984,0.));
#2548 = VECTOR('',#2549,1.);
#2549 = DIRECTION('',(-0.563796970679,0.825913419102,0.));
#2550 = ORIENTED_EDGE('',*,*,#2551,.T.);
#2551 = EDGE_CURVE('',#2544,#2552,#2554,.T.);
#2552 = VERTEX_POINT('',#2553);
#2553 = CARTESIAN_POINT('',(-33.84080801941,-20.95795332954,0.));
#2554 = LINE('',#2555,#2556);
#2555 = CARTESIAN_POINT('',(-32.75958039729,-22.29432186193,0.));
#2556 = VECTOR('',#2557,1.);
#2557 = DIRECTION('',(-0.628989271221,0.77741398025,0.));
#2558 = ORIENTED_EDGE('',*,*,#2559,.T.);
#2559 = EDGE_CURVE('',#2552,#2560,#2562,.T.);
#2560 = VERTEX_POINT('',#2561);
#2561 = CARTESIAN_POINT('',(-34.74216548325,-19.77326227485,0.));
#2562 = LINE('',#2563,#2564);
#2563 = CARTESIAN_POINT('',(-33.84080801941,-20.95795332954,0.));
#2564 = VECTOR('',#2565,1.);
#2565 = DIRECTION('',(-0.605505705722,0.795840964224,0.));
#2566 = ORIENTED_EDGE('',*,*,#2567,.T.);
#2567 = EDGE_CURVE('',#2560,#2568,#2570,.T.);
#2568 = VERTEX_POINT('',#2569);
#2569 = CARTESIAN_POINT('',(-35.60848503904,-18.61678823385,0.));
#2570 = LINE('',#2571,#2572);
#2571 = CARTESIAN_POINT('',(-34.74216548325,-19.77326227485,0.));
#2572 = VECTOR('',#2573,1.);
#2573 = DIRECTION('',(-0.599541052042,0.80034400536,0.));
#2574 = ORIENTED_EDGE('',*,*,#2575,.T.);
#2575 = EDGE_CURVE('',#2568,#2576,#2578,.T.);
#2576 = VERTEX_POINT('',#2577);
#2577 = CARTESIAN_POINT('',(-36.02307035807,-17.97847535596,0.));
#2578 = LINE('',#2579,#2580);
#2579 = CARTESIAN_POINT('',(-35.60848503904,-18.61678823385,0.));
#2580 = VECTOR('',#2581,1.);
#2581 = DIRECTION('',(-0.544694562714,0.838634505223,0.));
#2582 = ORIENTED_EDGE('',*,*,#2583,.T.);
#2583 = EDGE_CURVE('',#2576,#2584,#2586,.T.);
#2584 = VERTEX_POINT('',#2585);
#2585 = CARTESIAN_POINT('',(-36.43609789753,-17.20644930302,0.));
#2586 = LINE('',#2587,#2588);
#2587 = CARTESIAN_POINT('',(-36.02307035807,-17.97847535596,0.));
#2588 = VECTOR('',#2589,1.);
#2589 = DIRECTION('',(-0.47172628661,0.88174503714,0.));
#2590 = ORIENTED_EDGE('',*,*,#2591,.T.);
#2591 = EDGE_CURVE('',#2584,#2592,#2594,.T.);
#2592 = VERTEX_POINT('',#2593);
#2593 = CARTESIAN_POINT('',(-36.63628955719,-16.92438504619,0.));
#2594 = LINE('',#2595,#2596);
#2595 = CARTESIAN_POINT('',(-36.43609789753,-17.20644930302,0.));
#2596 = VECTOR('',#2597,1.);
#2597 = DIRECTION('',(-0.578779741793,0.815483911852,0.));
#2598 = ORIENTED_EDGE('',*,*,#2599,.T.);
#2599 = EDGE_CURVE('',#2592,#2600,#2602,.T.);
#2600 = VERTEX_POINT('',#2601);
#2601 = CARTESIAN_POINT('',(-36.92178875648,-16.53308215684,0.));
#2602 = LINE('',#2603,#2604);
#2603 = CARTESIAN_POINT('',(-36.63628955719,-16.92438504619,0.));
#2604 = VECTOR('',#2605,1.);
#2605 = DIRECTION('',(-0.589406895224,0.807836315019,0.));
#2606 = ORIENTED_EDGE('',*,*,#2607,.T.);
#2607 = EDGE_CURVE('',#2600,#2608,#2610,.T.);
#2608 = VERTEX_POINT('',#2609);
#2609 = CARTESIAN_POINT('',(-37.28069831794,-15.94041375072,0.));
#2610 = LINE('',#2611,#2612);
#2611 = CARTESIAN_POINT('',(-36.92178875648,-16.53308215684,0.));
#2612 = VECTOR('',#2613,1.);
#2613 = DIRECTION('',(-0.518002528049,0.855379086099,0.));
#2614 = ORIENTED_EDGE('',*,*,#2615,.T.);
#2615 = EDGE_CURVE('',#2608,#2616,#2618,.T.);
#2616 = VERTEX_POINT('',#2617);
#2617 = CARTESIAN_POINT('',(-37.58784082612,-15.36576810181,0.));
#2618 = LINE('',#2619,#2620);
#2619 = CARTESIAN_POINT('',(-37.28069831794,-15.94041375072,0.));
#2620 = VECTOR('',#2621,1.);
#2621 = DIRECTION('',(-0.47138242391,0.881928914612,0.));
#2622 = ORIENTED_EDGE('',*,*,#2623,.T.);
#2623 = EDGE_CURVE('',#2616,#2624,#2626,.T.);
#2624 = VERTEX_POINT('',#2625);
#2625 = CARTESIAN_POINT('',(-37.71803886561,-15.0285334841,0.));
#2626 = LINE('',#2627,#2628);
#2627 = CARTESIAN_POINT('',(-37.58784082612,-15.36576810181,0.));
#2628 = VECTOR('',#2629,1.);
#2629 = DIRECTION('',(-0.360165420598,0.932888455179,0.));
#2630 = ORIENTED_EDGE('',*,*,#2631,.T.);
#2631 = EDGE_CURVE('',#2624,#2632,#2634,.T.);
#2632 = VERTEX_POINT('',#2633);
#2633 = CARTESIAN_POINT('',(-37.77930182284,-14.79402698328,0.));
#2634 = LINE('',#2635,#2636);
#2635 = CARTESIAN_POINT('',(-37.71803886561,-15.0285334841,0.));
#2636 = VECTOR('',#2637,1.);
#2637 = DIRECTION('',(-0.252759301911,0.967529190928,0.));
#2638 = ORIENTED_EDGE('',*,*,#2639,.T.);
#2639 = EDGE_CURVE('',#2632,#2640,#2642,.T.);
#2640 = VERTEX_POINT('',#2641);
#2641 = CARTESIAN_POINT('',(-38.15487713856,-14.01910908349,0.));
#2642 = LINE('',#2643,#2644);
#2643 = CARTESIAN_POINT('',(-37.77930182284,-14.79402698328,0.));
#2644 = VECTOR('',#2645,1.);
#2645 = DIRECTION('',(-0.436139562304,0.899879037534,0.));
#2646 = ORIENTED_EDGE('',*,*,#2647,.T.);
#2647 = EDGE_CURVE('',#2640,#2648,#2650,.T.);
#2648 = VERTEX_POINT('',#2649);
#2649 = CARTESIAN_POINT('',(-38.52800659478,-13.28855489377,0.));
#2650 = LINE('',#2651,#2652);
#2651 = CARTESIAN_POINT('',(-38.15487713856,-14.01910908349,0.));
#2652 = VECTOR('',#2653,1.);
#2653 = DIRECTION('',(-0.454854998687,0.890565511442,0.));
#2654 = ORIENTED_EDGE('',*,*,#2655,.T.);
#2655 = EDGE_CURVE('',#2648,#2656,#2658,.T.);
#2656 = VERTEX_POINT('',#2657);
#2657 = CARTESIAN_POINT('',(-38.58682369249,-13.15262265088,0.));
#2658 = LINE('',#2659,#2660);
#2659 = CARTESIAN_POINT('',(-38.52800659478,-13.28855489377,0.));
#2660 = VECTOR('',#2661,1.);
#2661 = DIRECTION('',(-0.397113562229,0.917769480149,0.));
#2662 = ORIENTED_EDGE('',*,*,#2663,.T.);
#2663 = EDGE_CURVE('',#2656,#2664,#2666,.T.);
#2664 = VERTEX_POINT('',#2665);
#2665 = CARTESIAN_POINT('',(-38.90142722474,-12.30360641435,0.));
#2666 = LINE('',#2667,#2668);
#2667 = CARTESIAN_POINT('',(-38.58682369249,-13.15262265088,0.));
#2668 = VECTOR('',#2669,1.);
#2669 = DIRECTION('',(-0.347463020385,0.937693686374,0.));
#2670 = ORIENTED_EDGE('',*,*,#2671,.T.);
#2671 = EDGE_CURVE('',#2664,#2672,#2674,.T.);
#2672 = VERTEX_POINT('',#2673);
#2673 = CARTESIAN_POINT('',(-39.28397129891,-11.36768036395,0.));
#2674 = LINE('',#2675,#2676);
#2675 = CARTESIAN_POINT('',(-38.90142722474,-12.30360641435,0.));
#2676 = VECTOR('',#2677,1.);
#2677 = DIRECTION('',(-0.378349200777,0.925662942043,0.));
#2678 = ORIENTED_EDGE('',*,*,#2679,.T.);
#2679 = EDGE_CURVE('',#2672,#2680,#2682,.T.);
#2680 = VERTEX_POINT('',#2681);
#2681 = CARTESIAN_POINT('',(-39.42338529093,-11.11381547413,0.));
#2682 = LINE('',#2683,#2684);
#2683 = CARTESIAN_POINT('',(-39.28397129891,-11.36768036395,0.));
#2684 = VECTOR('',#2685,1.);
#2685 = DIRECTION('',(-0.481357474907,0.876524375788,0.));
#2686 = ORIENTED_EDGE('',*,*,#2687,.T.);
#2687 = EDGE_CURVE('',#2680,#2688,#2690,.T.);
#2688 = VERTEX_POINT('',#2689);
#2689 = CARTESIAN_POINT('',(-39.64190148532,-10.60608569451,0.));
#2690 = LINE('',#2691,#2692);
#2691 = CARTESIAN_POINT('',(-39.42338529093,-11.11381547413,0.));
#2692 = VECTOR('',#2693,1.);
#2693 = DIRECTION('',(-0.395321472203,0.918542831672,0.));
#2694 = ORIENTED_EDGE('',*,*,#2695,.T.);
#2695 = EDGE_CURVE('',#2688,#2696,#2698,.T.);
#2696 = VERTEX_POINT('',#2697);
#2697 = CARTESIAN_POINT('',(-39.82778680801,-10.12657292856,0.));
#2698 = LINE('',#2699,#2700);
#2699 = CARTESIAN_POINT('',(-39.64190148532,-10.60608569451,0.));
#2700 = VECTOR('',#2701,1.);
#2701 = DIRECTION('',(-0.361446382025,0.93239289622,0.));
#2702 = ORIENTED_EDGE('',*,*,#2703,.T.);
#2703 = EDGE_CURVE('',#2696,#2704,#2706,.T.);
#2704 = VERTEX_POINT('',#2705);
#2705 = CARTESIAN_POINT('',(-39.95689324924,-9.734078062297,0.));
#2706 = LINE('',#2707,#2708);
#2707 = CARTESIAN_POINT('',(-39.82778680801,-10.12657292856,0.));
#2708 = VECTOR('',#2709,1.);
#2709 = DIRECTION('',(-0.312467481758,0.949928456697,0.));
#2710 = ORIENTED_EDGE('',*,*,#2711,.T.);
#2711 = EDGE_CURVE('',#2704,#2712,#2714,.T.);
#2712 = VERTEX_POINT('',#2713);
#2713 = CARTESIAN_POINT('',(-40.02491143749,-9.312902957452,0.));
#2714 = LINE('',#2715,#2716);
#2715 = CARTESIAN_POINT('',(-39.95689324924,-9.734078062297,0.));
#2716 = VECTOR('',#2717,1.);
#2717 = DIRECTION('',(-0.159430547654,0.987209147281,0.));
#2718 = ORIENTED_EDGE('',*,*,#2719,.T.);
#2719 = EDGE_CURVE('',#2712,#2720,#2722,.T.);
#2720 = VERTEX_POINT('',#2721);
#2721 = CARTESIAN_POINT('',(-40.1097012338,-8.805173177825,0.));
#2722 = LINE('',#2723,#2724);
#2723 = CARTESIAN_POINT('',(-40.02491143749,-9.312902957452,0.));
#2724 = VECTOR('',#2725,1.);
#2725 = DIRECTION('',(-0.164716837648,0.986340896139,0.));
#2726 = ORIENTED_EDGE('',*,*,#2727,.T.);
#2727 = EDGE_CURVE('',#2720,#2728,#2730,.T.);
#2728 = VERTEX_POINT('',#2729);
#2729 = CARTESIAN_POINT('',(-40.26210157512,-8.208521864778,0.));
#2730 = LINE('',#2731,#2732);
#2731 = CARTESIAN_POINT('',(-40.1097012338,-8.805173177825,0.));
#2732 = VECTOR('',#2733,1.);
#2733 = DIRECTION('',(-0.247480562119,0.968892858562,0.));
#2734 = ORIENTED_EDGE('',*,*,#2735,.T.);
#2735 = EDGE_CURVE('',#2728,#2736,#2738,.T.);
#2736 = VERTEX_POINT('',#2737);
#2737 = CARTESIAN_POINT('',(-40.4202671567,-7.616176337434,0.));
#2738 = LINE('',#2739,#2740);
#2739 = CARTESIAN_POINT('',(-40.26210157512,-8.208521864778,0.));
#2740 = VECTOR('',#2741,1.);
#2741 = DIRECTION('',(-0.257977507313,0.966150922848,0.));
#2742 = ORIENTED_EDGE('',*,*,#2743,.T.);
#2743 = EDGE_CURVE('',#2736,#2744,#2746,.T.);
#2744 = VERTEX_POINT('',#2745);
#2745 = CARTESIAN_POINT('',(-40.54845640061,-7.111583252104,0.));
#2746 = LINE('',#2747,#2748);
#2747 = CARTESIAN_POINT('',(-40.4202671567,-7.616176337434,0.));
#2748 = VECTOR('',#2749,1.);
#2749 = DIRECTION('',(-0.246223529687,0.969213069159,0.));
#2750 = ORIENTED_EDGE('',*,*,#2751,.T.);
#2751 = EDGE_CURVE('',#2744,#2752,#2754,.T.);
#2752 = VERTEX_POINT('',#2753);
#2753 = CARTESIAN_POINT('',(-40.70293863425,-6.234054420293,0.));
#2754 = LINE('',#2755,#2756);
#2755 = CARTESIAN_POINT('',(-40.54845640061,-7.111583252104,0.));
#2756 = VECTOR('',#2757,1.);
#2757 = DIRECTION('',(-0.173376299101,0.984855653845,0.));
#2758 = ORIENTED_EDGE('',*,*,#2759,.T.);
#2759 = EDGE_CURVE('',#2752,#2760,#2762,.T.);
#2760 = VERTEX_POINT('',#2761);
#2761 = CARTESIAN_POINT('',(-40.82249700289,-5.650108704401,0.));
#2762 = LINE('',#2763,#2764);
#2763 = CARTESIAN_POINT('',(-40.70293863425,-6.234054420293,0.));
#2764 = VECTOR('',#2765,1.);
#2765 = DIRECTION('',(-0.200581300456,0.979677060009,0.));
#2766 = ORIENTED_EDGE('',*,*,#2767,.T.);
#2767 = EDGE_CURVE('',#2760,#2768,#2770,.T.);
#2768 = VERTEX_POINT('',#2769);
#2769 = CARTESIAN_POINT('',(-40.92192070664,-5.355215323775,0.));
#2770 = LINE('',#2771,#2772);
#2771 = CARTESIAN_POINT('',(-40.82249700289,-5.650108704401,0.));
#2772 = VECTOR('',#2773,1.);
#2773 = DIRECTION('',(-0.319482041188,0.947592330783,0.));
#2774 = ORIENTED_EDGE('',*,*,#2775,.T.);
#2775 = EDGE_CURVE('',#2768,#2776,#2778,.T.);
#2776 = VERTEX_POINT('',#2777);
#2777 = CARTESIAN_POINT('',(-40.98199470439,-5.240836273557,0.));
#2778 = LINE('',#2779,#2780);
#2779 = CARTESIAN_POINT('',(-40.92192070664,-5.355215323775,0.));
#2780 = VECTOR('',#2781,1.);
#2781 = DIRECTION('',(-0.464985564728,0.885318261754,0.));
#2782 = ORIENTED_EDGE('',*,*,#2783,.T.);
#2783 = EDGE_CURVE('',#2776,#2784,#2786,.T.);
#2784 = VERTEX_POINT('',#2785);
#2785 = CARTESIAN_POINT('',(-41.00698226513,-5.090921256297,0.));
#2786 = LINE('',#2787,#2788);
#2787 = CARTESIAN_POINT('',(-40.98199470439,-5.240836273557,0.));
#2788 = VECTOR('',#2789,1.);
#2789 = DIRECTION('',(-0.16441002746,0.986392083743,0.));
#2790 = ORIENTED_EDGE('',*,*,#2791,.T.);
#2791 = EDGE_CURVE('',#2784,#2792,#2794,.T.);
#2792 = VERTEX_POINT('',#2793);
#2793 = CARTESIAN_POINT('',(-41.06412996667,-4.779034139478,0.));
#2794 = LINE('',#2795,#2796);
#2795 = CARTESIAN_POINT('',(-41.00698226513,-5.090921256297,0.));
#2796 = VECTOR('',#2797,1.);
#2797 = DIRECTION('',(-0.180231439412,0.983624231222,0.));
#2798 = ORIENTED_EDGE('',*,*,#2799,.T.);
#2799 = EDGE_CURVE('',#2792,#2800,#2802,.T.);
#2800 = VERTEX_POINT('',#2801);
#2801 = CARTESIAN_POINT('',(-41.11558764783,-4.290792892986,0.));
#2802 = LINE('',#2803,#2804);
#2803 = CARTESIAN_POINT('',(-41.06412996667,-4.779034139478,0.));
#2804 = VECTOR('',#2805,1.);
#2805 = DIRECTION('',(-0.104813445277,0.994491901269,0.));
#2806 = ORIENTED_EDGE('',*,*,#2807,.T.);
#2807 = EDGE_CURVE('',#2800,#2808,#2810,.T.);
#2808 = VERTEX_POINT('',#2809);
#2809 = CARTESIAN_POINT('',(-41.15905260952,-3.308820082065,0.));
#2810 = LINE('',#2811,#2812);
#2811 = CARTESIAN_POINT('',(-41.11558764783,-4.290792892986,0.));
#2812 = VECTOR('',#2813,1.);
#2813 = DIRECTION('',(-4.421960089632E-02,0.999021835045,0.));
#2814 = ORIENTED_EDGE('',*,*,#2815,.T.);
#2815 = EDGE_CURVE('',#2808,#2816,#2818,.T.);
#2816 = VERTEX_POINT('',#2817);
#2817 = CARTESIAN_POINT('',(-41.20638290276,-2.288212108963,0.));
#2818 = LINE('',#2819,#2820);
#2819 = CARTESIAN_POINT('',(-41.15905260952,-3.308820082065,0.));
#2820 = VECTOR('',#2821,1.);
#2821 = DIRECTION('',(-4.632482017096E-02,0.998926429241,0.));
#2822 = ORIENTED_EDGE('',*,*,#2823,.T.);
#2823 = EDGE_CURVE('',#2816,#2824,#2826,.T.);
#2824 = VERTEX_POINT('',#2825);
#2825 = CARTESIAN_POINT('',(-41.26713630592,-1.70708544744,0.));
#2826 = LINE('',#2827,#2828);
#2827 = CARTESIAN_POINT('',(-41.20638290276,-2.288212108963,0.));
#2828 = VECTOR('',#2829,1.);
#2829 = DIRECTION('',(-0.103977501675,0.994579649473,0.));
#2830 = ORIENTED_EDGE('',*,*,#2831,.T.);
#2831 = EDGE_CURVE('',#2824,#2832,#2834,.T.);
#2832 = VERTEX_POINT('',#2833);
#2833 = CARTESIAN_POINT('',(-41.33068376387,-1.225122001209,0.));
#2834 = LINE('',#2835,#2836);
#2835 = CARTESIAN_POINT('',(-41.26713630592,-1.70708544744,0.));
#2836 = VECTOR('',#2837,1.);
#2837 = DIRECTION('',(-0.130719829282,0.991419349333,0.));
#2838 = ORIENTED_EDGE('',*,*,#2839,.T.);
#2839 = EDGE_CURVE('',#2832,#2840,#2842,.T.);
#2840 = VERTEX_POINT('',#2841);
#2841 = CARTESIAN_POINT('',(-41.36008382016,-0.533291206977,0.));
#2842 = LINE('',#2843,#2844);
#2843 = CARTESIAN_POINT('',(-41.33068376387,-1.225122001209,0.));
#2844 = VECTOR('',#2845,1.);
#2845 = DIRECTION('',(-4.245770133866E-02,0.999098265236,0.));
#2846 = ORIENTED_EDGE('',*,*,#2847,.T.);
#2847 = EDGE_CURVE('',#2840,#2848,#2850,.T.);
#2848 = VERTEX_POINT('',#2849);
#2849 = CARTESIAN_POINT('',(-41.35190062453,0.146403094972,0.));
#2850 = LINE('',#2851,#2852);
#2851 = CARTESIAN_POINT('',(-41.36008382016,-0.533291206977,0.));
#2852 = VECTOR('',#2853,1.);
#2853 = DIRECTION('',(1.203865118867E-02,0.999927532813,0.));
#2854 = ORIENTED_EDGE('',*,*,#2855,.T.);
#2855 = EDGE_CURVE('',#2848,#2856,#2858,.T.);
#2856 = VERTEX_POINT('',#2857);
#2857 = CARTESIAN_POINT('',(-41.30269832672,0.591957064357,0.));
#2858 = LINE('',#2859,#2860);
#2859 = CARTESIAN_POINT('',(-41.35190062453,0.146403094972,0.));
#2860 = VECTOR('',#2861,1.);
#2861 = DIRECTION('',(0.109762261053,0.993957869353,0.));
#2862 = ORIENTED_EDGE('',*,*,#2863,.T.);
#2863 = EDGE_CURVE('',#2856,#2864,#2866,.T.);
#2864 = VERTEX_POINT('',#2865);
#2865 = CARTESIAN_POINT('',(-41.27232492359,0.731249790181,0.));
#2866 = LINE('',#2867,#2868);
#2867 = CARTESIAN_POINT('',(-41.30269832672,0.591957064357,0.));
#2868 = VECTOR('',#2869,1.);
#2869 = DIRECTION('',(0.213048313911,0.977041665406,0.));
#2870 = ORIENTED_EDGE('',*,*,#2871,.T.);
#2871 = EDGE_CURVE('',#2864,#2872,#2874,.T.);
#2872 = VERTEX_POINT('',#2873);
#2873 = CARTESIAN_POINT('',(-41.21205684793,0.833017370267,0.));
#2874 = LINE('',#2875,#2876);
#2875 = CARTESIAN_POINT('',(-41.27232492359,0.731249790181,0.));
#2876 = VECTOR('',#2877,1.);
#2877 = DIRECTION('',(0.509560590583,0.86043477645,0.));
#2878 = ORIENTED_EDGE('',*,*,#2879,.T.);
#2879 = EDGE_CURVE('',#2872,#2880,#2882,.T.);
#2880 = VERTEX_POINT('',#2881);
#2881 = CARTESIAN_POINT('',(-41.03474192888,0.902392708702,0.));
#2882 = LINE('',#2883,#2884);
#2883 = CARTESIAN_POINT('',(-41.21205684793,0.833017370267,0.));
#2884 = VECTOR('',#2885,1.);
#2885 = DIRECTION('',(0.931258391823,0.364359448429,0.));
#2886 = ORIENTED_EDGE('',*,*,#2887,.T.);
#2887 = EDGE_CURVE('',#2880,#2888,#2890,.T.);
#2888 = VERTEX_POINT('',#2889);
#2889 = CARTESIAN_POINT('',(-40.6532279956,0.94450870957,0.));
#2890 = LINE('',#2891,#2892);
#2891 = CARTESIAN_POINT('',(-41.03474192888,0.902392708702,0.));
#2892 = VECTOR('',#2893,1.);
#2893 = DIRECTION('',(0.993961958373,0.109725226392,0.));
#2894 = ORIENTED_EDGE('',*,*,#2895,.T.);
#2895 = EDGE_CURVE('',#2888,#2896,#2898,.T.);
#2896 = VERTEX_POINT('',#2897);
#2897 = CARTESIAN_POINT('',(-38.92899440293,0.967494314943,0.));
#2898 = LINE('',#2899,#2900);
#2899 = CARTESIAN_POINT('',(-40.6532279956,0.94450870957,0.));
#2900 = VECTOR('',#2901,1.);
#2901 = DIRECTION('',(0.999911155241,1.332972708595E-02,0.));
#2902 = ORIENTED_EDGE('',*,*,#2903,.T.);
#2903 = EDGE_CURVE('',#2896,#2904,#2906,.T.);
#2904 = VERTEX_POINT('',#2905);
#2905 = CARTESIAN_POINT('',(-35.34213870314,0.943037419066,0.));
#2906 = LINE('',#2907,#2908);
#2907 = CARTESIAN_POINT('',(-38.92899440293,0.967494314943,0.));
#2908 = VECTOR('',#2909,1.);
#2909 = DIRECTION('',(0.999976754991,-6.818319281066E-03,0.));
#2910 = ORIENTED_EDGE('',*,*,#2911,.T.);
#2911 = EDGE_CURVE('',#2904,#2912,#2914,.T.);
#2912 = VERTEX_POINT('',#2913);
#2913 = CARTESIAN_POINT('',(-33.04904835548,0.940758793743,0.));
#2914 = LINE('',#2915,#2916);
#2915 = CARTESIAN_POINT('',(-35.34213870314,0.943037419066,0.));
#2916 = VECTOR('',#2917,1.);
#2917 = DIRECTION('',(0.999999506289,-9.936914175129E-04,0.));
#2918 = ORIENTED_EDGE('',*,*,#2919,.T.);
#2919 = EDGE_CURVE('',#2912,#2920,#2922,.T.);
#2920 = VERTEX_POINT('',#2921);
#2921 = CARTESIAN_POINT('',(-32.09489138478,0.969119186558,0.));
#2922 = LINE('',#2923,#2924);
#2923 = CARTESIAN_POINT('',(-33.04904835548,0.940758793743,0.));
#2924 = VECTOR('',#2925,1.);
#2925 = DIRECTION('',(0.999558564567,2.970986368444E-02,0.));
#2926 = ORIENTED_EDGE('',*,*,#2927,.T.);
#2927 = EDGE_CURVE('',#2920,#2928,#2930,.T.);
#2928 = VERTEX_POINT('',#2929);
#2929 = CARTESIAN_POINT('',(-31.7630318648,1.003797636084,0.));
#2930 = LINE('',#2931,#2932);
#2931 = CARTESIAN_POINT('',(-32.09489138478,0.969119186558,0.));
#2932 = VECTOR('',#2933,1.);
#2933 = DIRECTION('',(0.994584460965,0.103931467841,0.));
#2934 = ORIENTED_EDGE('',*,*,#2935,.T.);
#2935 = EDGE_CURVE('',#2928,#2936,#2938,.T.);
#2936 = VERTEX_POINT('',#2937);
#2937 = CARTESIAN_POINT('',(-31.07310688394,1.0110564805,0.));
#2938 = LINE('',#2939,#2940);
#2939 = CARTESIAN_POINT('',(-31.7630318648,1.003797636084,0.));
#2940 = VECTOR('',#2941,1.);
#2941 = DIRECTION('',(0.999944656683,1.052062599398E-02,0.));
#2942 = ORIENTED_EDGE('',*,*,#2943,.T.);
#2943 = EDGE_CURVE('',#2936,#2944,#2946,.T.);
#2944 = VERTEX_POINT('',#2945);
#2945 = CARTESIAN_POINT('',(-30.38309819063,0.993552645461,0.));
#2946 = LINE('',#2947,#2948);
#2947 = CARTESIAN_POINT('',(-31.07310688394,1.0110564805,0.));
#2948 = VECTOR('',#2949,1.);
#2949 = DIRECTION('',(0.999678398727,-2.535939902252E-02,0.));
#2950 = ORIENTED_EDGE('',*,*,#2951,.T.);
#2951 = EDGE_CURVE('',#2944,#2952,#2954,.T.);
#2952 = VERTEX_POINT('',#2953);
#2953 = CARTESIAN_POINT('',(-30.05098753329,0.953943056624,0.));
#2954 = LINE('',#2955,#2956);
#2955 = CARTESIAN_POINT('',(-30.38309819063,0.993552645461,0.));
#2956 = VECTOR('',#2957,1.);
#2957 = DIRECTION('',(0.992962769299,-0.118426934379,0.));
#2958 = ORIENTED_EDGE('',*,*,#2959,.T.);
#2959 = EDGE_CURVE('',#2952,#2960,#2962,.T.);
#2960 = VERTEX_POINT('',#2961);
#2961 = CARTESIAN_POINT('',(-29.77472915761,0.914765259564,0.));
#2962 = LINE('',#2963,#2964);
#2963 = CARTESIAN_POINT('',(-30.05098753329,0.953943056624,0.));
#2964 = VECTOR('',#2965,1.);
#2965 = DIRECTION('',(0.990093324481,-0.140410857195,0.));
#2966 = ORIENTED_EDGE('',*,*,#2967,.T.);
#2967 = EDGE_CURVE('',#2960,#2968,#2970,.T.);
#2968 = VERTEX_POINT('',#2969);
#2969 = CARTESIAN_POINT('',(-29.10372652759,0.904016236138,0.));
#2970 = LINE('',#2971,#2972);
#2971 = CARTESIAN_POINT('',(-29.77472915761,0.914765259564,0.));
#2972 = VECTOR('',#2973,1.);
#2973 = DIRECTION('',(0.999871714964,-1.601729114975E-02,0.));
#2974 = ORIENTED_EDGE('',*,*,#2975,.T.);
#2975 = EDGE_CURVE('',#2968,#2976,#2978,.T.);
#2976 = VERTEX_POINT('',#2977);
#2977 = CARTESIAN_POINT('',(-27.08718815581,0.965766320643,0.));
#2978 = LINE('',#2979,#2980);
#2979 = CARTESIAN_POINT('',(-29.10372652759,0.904016236138,0.));
#2980 = VECTOR('',#2981,1.);
#2981 = DIRECTION('',(0.999531481397,3.060747779697E-02,0.));
#2982 = ORIENTED_EDGE('',*,*,#2983,.T.);
#2983 = EDGE_CURVE('',#2976,#2984,#2986,.T.);
#2984 = VERTEX_POINT('',#2985);
#2985 = CARTESIAN_POINT('',(-26.08943034234,1.002502260749,0.));
#2986 = LINE('',#2987,#2988);
#2987 = CARTESIAN_POINT('',(-27.08718815581,0.965766320643,0.));
#2988 = VECTOR('',#2989,1.);
#2989 = DIRECTION('',(0.999322887592,3.679356377828E-02,0.));
#2990 = ORIENTED_EDGE('',*,*,#2991,.T.);
#2991 = EDGE_CURVE('',#2984,#2992,#2994,.T.);
#2992 = VERTEX_POINT('',#2993);
#2993 = CARTESIAN_POINT('',(-25.72041856825,0.963560487803,0.));
#2994 = LINE('',#2995,#2996);
#2995 = CARTESIAN_POINT('',(-26.08943034234,1.002502260749,0.));
#2996 = VECTOR('',#2997,1.);
#2997 = DIRECTION('',(0.994477802009,-0.104947135796,0.));
#2998 = ORIENTED_EDGE('',*,*,#2999,.T.);
#2999 = EDGE_CURVE('',#2992,#3000,#3002,.T.);
#3000 = VERTEX_POINT('',#3001);
#3001 = CARTESIAN_POINT('',(-25.36988662157,0.919390891028,0.));
#3002 = LINE('',#3003,#3004);
#3003 = CARTESIAN_POINT('',(-25.72041856825,0.963560487803,0.));
#3004 = VECTOR('',#3005,1.);
#3005 = DIRECTION('',(0.992154381648,-0.125018730505,0.));
#3006 = ORIENTED_EDGE('',*,*,#3007,.T.);
#3007 = EDGE_CURVE('',#3000,#3008,#3010,.T.);
#3008 = VERTEX_POINT('',#3009);
#3009 = CARTESIAN_POINT('',(-24.52967321901,0.927261302599,0.));
#3010 = LINE('',#3011,#3012);
#3011 = CARTESIAN_POINT('',(-25.36988662157,0.919390891028,0.));
#3012 = VECTOR('',#3013,1.);
#3013 = DIRECTION('',(0.999956131064,9.366746924283E-03,0.));
#3014 = ORIENTED_EDGE('',*,*,#3015,.T.);
#3015 = EDGE_CURVE('',#3008,#3016,#3018,.T.);
#3016 = VERTEX_POINT('',#3017);
#3017 = CARTESIAN_POINT('',(-22.88516997542,0.964206796825,0.));
#3018 = LINE('',#3019,#3020);
#3019 = CARTESIAN_POINT('',(-24.52967321901,0.927261302599,0.));
#3020 = VECTOR('',#3021,1.);
#3021 = DIRECTION('',(0.999747733759,2.246038386928E-02,0.));
#3022 = ORIENTED_EDGE('',*,*,#3023,.T.);
#3023 = EDGE_CURVE('',#3016,#3024,#3026,.T.);
#3024 = VERTEX_POINT('',#3025);
#3025 = CARTESIAN_POINT('',(-22.2662243592,0.914185125527,0.));
#3026 = LINE('',#3027,#3028);
#3027 = CARTESIAN_POINT('',(-22.88516997542,0.964206796825,0.));
#3028 = VECTOR('',#3029,1.);
#3029 = DIRECTION('',(0.996750172407,-8.055491174579E-02,0.));
#3030 = ORIENTED_EDGE('',*,*,#3031,.T.);
#3031 = EDGE_CURVE('',#3024,#3032,#3034,.T.);
#3032 = VERTEX_POINT('',#3033);
#3033 = CARTESIAN_POINT('',(-21.71914770409,0.816409379091,0.));
#3034 = LINE('',#3035,#3036);
#3035 = CARTESIAN_POINT('',(-22.2662243592,0.914185125527,0.));
#3036 = VECTOR('',#3037,1.);
#3037 = DIRECTION('',(0.984401567915,-0.175936218804,0.));
#3038 = ORIENTED_EDGE('',*,*,#3039,.T.);
#3039 = EDGE_CURVE('',#3032,#3040,#3042,.T.);
#3040 = VERTEX_POINT('',#3041);
#3041 = CARTESIAN_POINT('',(-21.36640041045,0.707595645126,0.));
#3042 = LINE('',#3043,#3044);
#3043 = CARTESIAN_POINT('',(-21.71914770409,0.816409379091,0.));
#3044 = VECTOR('',#3045,1.);
#3045 = DIRECTION('',(0.955568529859,-0.29476903627,0.));
#3046 = ORIENTED_EDGE('',*,*,#3047,.T.);
#3047 = EDGE_CURVE('',#3040,#3048,#3050,.T.);
#3048 = VERTEX_POINT('',#3049);
#3049 = CARTESIAN_POINT('',(-20.57464074652,0.458812994175,0.));
#3050 = LINE('',#3051,#3052);
#3051 = CARTESIAN_POINT('',(-21.36640041045,0.707595645126,0.));
#3052 = VECTOR('',#3053,1.);
#3053 = DIRECTION('',(0.954013049905,-0.299765075704,0.));
#3054 = ORIENTED_EDGE('',*,*,#3055,.T.);
#3055 = EDGE_CURVE('',#3048,#3056,#3058,.T.);
#3056 = VERTEX_POINT('',#3057);
#3057 = CARTESIAN_POINT('',(-19.70587533122,0.174542904503,0.));
#3058 = LINE('',#3059,#3060);
#3059 = CARTESIAN_POINT('',(-20.57464074652,0.458812994175,0.));
#3060 = VECTOR('',#3061,1.);
#3061 = DIRECTION('',(0.950414311773,-0.310986552726,0.));
#3062 = ORIENTED_EDGE('',*,*,#3063,.T.);
#3063 = EDGE_CURVE('',#3056,#3064,#3066,.T.);
#3064 = VERTEX_POINT('',#3065);
#3065 = CARTESIAN_POINT('',(-19.23696912248,6.917255376488E-03,0.));
#3066 = LINE('',#3067,#3068);
#3067 = CARTESIAN_POINT('',(-19.70587533122,0.174542904503,0.));
#3068 = VECTOR('',#3069,1.);
#3069 = DIRECTION('',(0.941640640926,-0.336619820208,0.));
#3070 = ORIENTED_EDGE('',*,*,#3071,.T.);
#3071 = EDGE_CURVE('',#3064,#3072,#3074,.T.);
#3072 = VERTEX_POINT('',#3073);
#3073 = CARTESIAN_POINT('',(-18.67049058976,-0.240200818969,0.));
#3074 = LINE('',#3075,#3076);
#3075 = CARTESIAN_POINT('',(-19.23696912248,6.917255376488E-03,0.));
#3076 = VECTOR('',#3077,1.);
#3077 = DIRECTION('',(0.916582408367,-0.399845831131,0.));
#3078 = ORIENTED_EDGE('',*,*,#3079,.T.);
#3079 = EDGE_CURVE('',#3072,#3080,#3082,.T.);
#3080 = VERTEX_POINT('',#3081);
#3081 = CARTESIAN_POINT('',(-18.05909850593,-0.626423675287,0.));
#3082 = LINE('',#3083,#3084);
#3083 = CARTESIAN_POINT('',(-18.67049058976,-0.240200818969,0.));
#3084 = VECTOR('',#3085,1.);
#3085 = DIRECTION('',(0.845438649451,-0.534072551265,0.));
#3086 = ORIENTED_EDGE('',*,*,#3087,.T.);
#3087 = EDGE_CURVE('',#3080,#3088,#3090,.T.);
#3088 = VERTEX_POINT('',#3089);
#3089 = CARTESIAN_POINT('',(-17.5286017695,-1.061288454462,0.));
#3090 = LINE('',#3091,#3092);
#3091 = CARTESIAN_POINT('',(-18.05909850593,-0.626423675287,0.));
#3092 = VECTOR('',#3093,1.);
#3093 = DIRECTION('',(0.773369669957,-0.633955324602,0.));
#3094 = ORIENTED_EDGE('',*,*,#3095,.T.);
#3095 = EDGE_CURVE('',#3088,#3096,#3098,.T.);
#3096 = VERTEX_POINT('',#3097);
#3097 = CARTESIAN_POINT('',(-17.33300443733,-1.268691921647,0.));
#3098 = LINE('',#3099,#3100);
#3099 = CARTESIAN_POINT('',(-17.5286017695,-1.061288454462,0.));
#3100 = VECTOR('',#3101,1.);
#3101 = DIRECTION('',(0.686097338924,-0.727509753558,0.));
#3102 = ORIENTED_EDGE('',*,*,#3103,.T.);
#3103 = EDGE_CURVE('',#3096,#3104,#3106,.T.);
#3104 = VERTEX_POINT('',#3105);
#3105 = CARTESIAN_POINT('',(-17.20480927895,-1.454332297377,0.));
#3106 = LINE('',#3107,#3108);
#3107 = CARTESIAN_POINT('',(-17.33300443733,-1.268691921647,0.));
#3108 = VECTOR('',#3109,1.);
#3109 = DIRECTION('',(0.568235436377,-0.8228660212,0.));
#3110 = ORIENTED_EDGE('',*,*,#3111,.T.);
#3111 = EDGE_CURVE('',#3104,#3112,#3114,.T.);
#3112 = VERTEX_POINT('',#3113);
#3113 = CARTESIAN_POINT('',(-17.02577624521,-1.671245075466,0.));
#3114 = LINE('',#3115,#3116);
#3115 = CARTESIAN_POINT('',(-17.20480927895,-1.454332297377,0.));
#3116 = VECTOR('',#3117,1.);
#3117 = DIRECTION('',(0.6365521688,-0.771233645789,0.));
#3118 = ORIENTED_EDGE('',*,*,#3119,.T.);
#3119 = EDGE_CURVE('',#3112,#3120,#3122,.T.);
#3120 = VERTEX_POINT('',#3121);
#3121 = CARTESIAN_POINT('',(-16.89974532673,-1.771515067386,0.));
#3122 = LINE('',#3123,#3124);
#3123 = CARTESIAN_POINT('',(-17.02577624521,-1.671245075466,0.));
#3124 = VECTOR('',#3125,1.);
#3125 = DIRECTION('',(0.782546222709,-0.622592490577,0.));
#3126 = ORIENTED_EDGE('',*,*,#3127,.T.);
#3127 = EDGE_CURVE('',#3120,#3128,#3130,.T.);
#3128 = VERTEX_POINT('',#3129);
#3129 = CARTESIAN_POINT('',(-16.71937410695,-1.991214363809,0.));
#3130 = LINE('',#3131,#3132);
#3131 = CARTESIAN_POINT('',(-16.89974532673,-1.771515067386,0.));
#3132 = VECTOR('',#3133,1.);
#3133 = DIRECTION('',(0.634537620165,-0.772891977314,0.));
#3134 = ORIENTED_EDGE('',*,*,#3135,.T.);
#3135 = EDGE_CURVE('',#3128,#3136,#3138,.T.);
#3136 = VERTEX_POINT('',#3137);
#3137 = CARTESIAN_POINT('',(-16.26854978815,-2.690710427157,0.));
#3138 = LINE('',#3139,#3140);
#3139 = CARTESIAN_POINT('',(-16.71937410695,-1.991214363809,0.));
#3140 = VECTOR('',#3141,1.);
#3141 = DIRECTION('',(0.541733568645,-0.840550260605,0.));
#3142 = ORIENTED_EDGE('',*,*,#3143,.T.);
#3143 = EDGE_CURVE('',#3136,#3144,#3146,.T.);
#3144 = VERTEX_POINT('',#3145);
#3145 = CARTESIAN_POINT('',(-15.92147067687,-3.257538880216,0.));
#3146 = LINE('',#3147,#3148);
#3147 = CARTESIAN_POINT('',(-16.26854978815,-2.690710427157,0.));
#3148 = VECTOR('',#3149,1.);
#3149 = DIRECTION('',(0.522199036618,-0.852823643056,0.));
#3150 = ORIENTED_EDGE('',*,*,#3151,.T.);
#3151 = EDGE_CURVE('',#3144,#3152,#3154,.T.);
#3152 = VERTEX_POINT('',#3153);
#3153 = CARTESIAN_POINT('',(-15.89017920442,-3.334520240476,0.));
#3154 = LINE('',#3155,#3156);
#3155 = CARTESIAN_POINT('',(-15.92147067687,-3.257538880216,0.));
#3156 = VECTOR('',#3157,1.);
#3157 = DIRECTION('',(0.376560846889,-0.926391887157,0.));
#3158 = ORIENTED_EDGE('',*,*,#3159,.T.);
#3159 = EDGE_CURVE('',#3152,#3160,#3162,.T.);
#3160 = VERTEX_POINT('',#3161);
#3161 = CARTESIAN_POINT('',(-15.90040910887,-3.421599903475,0.));
#3162 = LINE('',#3163,#3164);
#3163 = CARTESIAN_POINT('',(-15.89017920442,-3.334520240476,0.));
#3164 = VECTOR('',#3165,1.);
#3165 = DIRECTION('',(-0.116675181788,-0.993170127397,0.));
#3166 = ORIENTED_EDGE('',*,*,#3167,.T.);
#3167 = EDGE_CURVE('',#3160,#3168,#3170,.T.);
#3168 = VERTEX_POINT('',#3169);
#3169 = CARTESIAN_POINT('',(-15.88495748848,-3.613988232056,0.));
#3170 = LINE('',#3171,#3172);
#3171 = CARTESIAN_POINT('',(-15.90040910887,-3.421599903475,0.));
#3172 = VECTOR('',#3173,1.);
#3173 = DIRECTION('',(8.005696233173E-02,-0.996790290273,0.));
#3174 = ORIENTED_EDGE('',*,*,#3175,.T.);
#3175 = EDGE_CURVE('',#3168,#3176,#3178,.T.);
#3176 = VERTEX_POINT('',#3177);
#3177 = CARTESIAN_POINT('',(-15.7919371808,-3.944152879782,0.));
#3178 = LINE('',#3179,#3180);
#3179 = CARTESIAN_POINT('',(-15.88495748848,-3.613988232056,0.));
#3180 = VECTOR('',#3181,1.);
#3181 = DIRECTION('',(0.271181858363,-0.962528129301,0.));
#3182 = ORIENTED_EDGE('',*,*,#3183,.T.);
#3183 = EDGE_CURVE('',#3176,#3184,#3186,.T.);
#3184 = VERTEX_POINT('',#3185);
#3185 = CARTESIAN_POINT('',(-15.57236305512,-4.651073776468,0.));
#3186 = LINE('',#3187,#3188);
#3187 = CARTESIAN_POINT('',(-15.7919371808,-3.944152879782,0.));
#3188 = VECTOR('',#3189,1.);
#3189 = DIRECTION('',(0.296627024946,-0.954993407345,0.));
#3190 = ORIENTED_EDGE('',*,*,#3191,.T.);
#3191 = EDGE_CURVE('',#3184,#3192,#3194,.T.);
#3192 = VERTEX_POINT('',#3193);
#3193 = CARTESIAN_POINT('',(-15.50216106373,-5.081197945142,0.));
#3194 = LINE('',#3195,#3196);
#3195 = CARTESIAN_POINT('',(-15.57236305512,-4.651073776468,0.));
#3196 = VECTOR('',#3197,1.);
#3197 = DIRECTION('',(0.161081918664,-0.986941039515,0.));
#3198 = ORIENTED_EDGE('',*,*,#3199,.T.);
#3199 = EDGE_CURVE('',#3192,#3200,#3202,.T.);
#3200 = VERTEX_POINT('',#3201);
#3201 = CARTESIAN_POINT('',(-15.47382500486,-5.251951465235,0.));
#3202 = LINE('',#3203,#3204);
#3203 = CARTESIAN_POINT('',(-15.50216106373,-5.081197945142,0.));
#3204 = VECTOR('',#3205,1.);
#3205 = DIRECTION('',(0.16370831515,-0.986508787366,0.));
#3206 = ORIENTED_EDGE('',*,*,#3207,.T.);
#3207 = EDGE_CURVE('',#3200,#3208,#3210,.T.);
#3208 = VERTEX_POINT('',#3209);
#3209 = CARTESIAN_POINT('',(-15.40568549421,-5.422043235476,0.));
#3210 = LINE('',#3211,#3212);
#3211 = CARTESIAN_POINT('',(-15.47382500486,-5.251951465235,0.));
#3212 = VECTOR('',#3213,1.);
#3213 = DIRECTION('',(0.371874289167,-0.928283099629,0.));
#3214 = ORIENTED_EDGE('',*,*,#3215,.T.);
#3215 = EDGE_CURVE('',#3208,#3216,#3218,.T.);
#3216 = VERTEX_POINT('',#3217);
#3217 = CARTESIAN_POINT('',(-15.31513872271,-5.615975612579,0.));
#3218 = LINE('',#3219,#3220);
#3219 = CARTESIAN_POINT('',(-15.40568549421,-5.422043235476,0.));
#3220 = VECTOR('',#3221,1.);
#3221 = DIRECTION('',(0.42305809241,-0.906102560666,0.));
#3222 = ORIENTED_EDGE('',*,*,#3223,.T.);
#3223 = EDGE_CURVE('',#3216,#3224,#3226,.T.);
#3224 = VERTEX_POINT('',#3225);
#3225 = CARTESIAN_POINT('',(-15.28454690135,-5.777002271504,0.));
#3226 = LINE('',#3227,#3228);
#3227 = CARTESIAN_POINT('',(-15.31513872271,-5.615975612579,0.));
#3228 = VECTOR('',#3229,1.);
#3229 = DIRECTION('',(0.186641544581,-0.982428080745,0.));
#3230 = ORIENTED_EDGE('',*,*,#3231,.T.);
#3231 = EDGE_CURVE('',#3224,#3232,#3234,.T.);
#3232 = VERTEX_POINT('',#3233);
#3233 = CARTESIAN_POINT('',(-15.31576671776,-5.906348897055,0.));
#3234 = LINE('',#3235,#3236);
#3235 = CARTESIAN_POINT('',(-15.28454690135,-5.777002271504,0.));
#3236 = VECTOR('',#3237,1.);
#3237 = DIRECTION('',(-0.234627871939,-0.972085264629,0.));
#3238 = ORIENTED_EDGE('',*,*,#3239,.T.);
#3239 = EDGE_CURVE('',#3232,#3240,#3242,.T.);
#3240 = VERTEX_POINT('',#3241);
#3241 = CARTESIAN_POINT('',(-15.41065485956,-6.005241174036,0.));
#3242 = LINE('',#3243,#3244);
#3243 = CARTESIAN_POINT('',(-15.31576671776,-5.906348897055,0.));
#3244 = VECTOR('',#3245,1.);
#3245 = DIRECTION('',(-0.692347859666,-0.721563885748,0.));
#3246 = ORIENTED_EDGE('',*,*,#3247,.T.);
#3247 = EDGE_CURVE('',#3240,#3248,#3250,.T.);
#3248 = VERTEX_POINT('',#3249);
#3249 = CARTESIAN_POINT('',(-15.57106801436,-6.07490478725,0.));
#3250 = LINE('',#3251,#3252);
#3251 = CARTESIAN_POINT('',(-15.41065485956,-6.005241174036,0.));
#3252 = VECTOR('',#3253,1.);
#3253 = DIRECTION('',(-0.917239825719,-0.398335414085,0.));
#3254 = ORIENTED_EDGE('',*,*,#3255,.T.);
#3255 = EDGE_CURVE('',#3248,#3256,#3258,.T.);
#3256 = VERTEX_POINT('',#3257);
#3257 = CARTESIAN_POINT('',(-15.7988628698,-6.1165654215,0.));
#3258 = LINE('',#3259,#3260);
#3259 = CARTESIAN_POINT('',(-15.57106801436,-6.07490478725,0.));
#3260 = VECTOR('',#3261,1.);
#3261 = DIRECTION('',(-0.983684404679,-0.17990272925,0.));
#3262 = ORIENTED_EDGE('',*,*,#3263,.T.);
#3263 = EDGE_CURVE('',#3256,#3264,#3266,.T.);
#3264 = VERTEX_POINT('',#3265);
#3265 = CARTESIAN_POINT('',(-16.46402443304,-6.120780492327,0.));
#3266 = LINE('',#3267,#3268);
#3267 = CARTESIAN_POINT('',(-15.7988628698,-6.1165654215,0.));
#3268 = VECTOR('',#3269,1.);
#3269 = DIRECTION('',(-0.999979922373,-6.33678557382E-03,0.));
#3270 = ORIENTED_EDGE('',*,*,#3271,.T.);
#3271 = EDGE_CURVE('',#3264,#3272,#3274,.T.);
#3272 = VERTEX_POINT('',#3273);
#3273 = CARTESIAN_POINT('',(-18.33247426148,-6.055207699512,0.));
#3274 = LINE('',#3275,#3276);
#3275 = CARTESIAN_POINT('',(-16.46402443304,-6.120780492327,0.));
#3276 = VECTOR('',#3277,1.);
#3277 = DIRECTION('',(-0.999384747283,3.507316491933E-02,0.));
#3278 = ORIENTED_EDGE('',*,*,#3279,.T.);
#3279 = EDGE_CURVE('',#3272,#3280,#3282,.T.);
#3280 = VERTEX_POINT('',#3281);
#3281 = CARTESIAN_POINT('',(-18.96631614482,-6.062912949349,0.));
#3282 = LINE('',#3283,#3284);
#3283 = CARTESIAN_POINT('',(-18.33247426148,-6.055207699512,0.));
#3284 = VECTOR('',#3285,1.);
#3285 = DIRECTION('',(-0.999926118882,-1.215552453528E-02,0.));
#3286 = ORIENTED_EDGE('',*,*,#3287,.T.);
#3287 = EDGE_CURVE('',#3280,#3288,#3290,.T.);
#3288 = VERTEX_POINT('',#3289);
#3289 = CARTESIAN_POINT('',(-19.26810530226,-6.098651577283,0.));
#3290 = LINE('',#3291,#3292);
#3291 = CARTESIAN_POINT('',(-18.96631614482,-6.062912949349,0.));
#3292 = VECTOR('',#3293,1.);
#3293 = DIRECTION('',(-0.993060954786,-0.117600765644,0.));
#3294 = ORIENTED_EDGE('',*,*,#3295,.T.);
#3295 = EDGE_CURVE('',#3288,#3296,#3298,.T.);
#3296 = VERTEX_POINT('',#3297);
#3297 = CARTESIAN_POINT('',(-19.48192631992,-6.13973080225,0.));
#3298 = LINE('',#3299,#3300);
#3299 = CARTESIAN_POINT('',(-19.26810530226,-6.098651577283,0.));
#3300 = VECTOR('',#3301,1.);
#3301 = DIRECTION('',(-0.982040671862,-0.188669337225,0.));
#3302 = ORIENTED_EDGE('',*,*,#3303,.T.);
#3303 = EDGE_CURVE('',#3296,#3304,#3306,.T.);
#3304 = VERTEX_POINT('',#3305);
#3305 = CARTESIAN_POINT('',(-19.85905213587,-6.123674545013,0.));
#3306 = LINE('',#3307,#3308);
#3307 = CARTESIAN_POINT('',(-19.48192631992,-6.13973080225,0.));
#3308 = VECTOR('',#3309,1.);
#3309 = DIRECTION('',(-0.999094900797,4.253679820761E-02,0.));
#3310 = ORIENTED_EDGE('',*,*,#3311,.T.);
#3311 = EDGE_CURVE('',#3304,#3312,#3314,.T.);
#3312 = VERTEX_POINT('',#3313);
#3313 = CARTESIAN_POINT('',(-21.37791481578,-6.085085153863,0.));
#3314 = LINE('',#3315,#3316);
#3315 = CARTESIAN_POINT('',(-19.85905213587,-6.123674545013,0.));
#3316 = VECTOR('',#3317,1.);
#3317 = DIRECTION('',(-0.999677404249,2.539857150106E-02,0.));
#3318 = ORIENTED_EDGE('',*,*,#3319,.T.);
#3319 = EDGE_CURVE('',#3312,#3320,#3322,.T.);
#3320 = VERTEX_POINT('',#3321);
#3321 = CARTESIAN_POINT('',(-24.08916858324,-6.064465579939,0.));
#3322 = LINE('',#3323,#3324);
#3323 = CARTESIAN_POINT('',(-21.37791481578,-6.085085153863,0.));
#3324 = VECTOR('',#3325,1.);
#3325 = DIRECTION('',(-0.99997108187,7.604960440029E-03,0.));
#3326 = ORIENTED_EDGE('',*,*,#3327,.T.);
#3327 = EDGE_CURVE('',#3320,#3328,#3330,.T.);
#3328 = VERTEX_POINT('',#3329);
#3329 = CARTESIAN_POINT('',(-26.70010207443,-6.066365353472,0.));
#3330 = LINE('',#3331,#3332);
#3331 = CARTESIAN_POINT('',(-24.08916858324,-6.064465579939,0.));
#3332 = VECTOR('',#3333,1.);
#3333 = DIRECTION('',(-0.999999735283,-7.276221460192E-04,0.));
#3334 = ORIENTED_EDGE('',*,*,#3335,.T.);
#3335 = EDGE_CURVE('',#3328,#3336,#3338,.T.);
#3336 = VERTEX_POINT('',#3337);
#3337 = CARTESIAN_POINT('',(-27.91800392556,-6.095334004693,0.));
#3338 = LINE('',#3339,#3340);
#3339 = CARTESIAN_POINT('',(-26.70010207443,-6.066365353472,0.));
#3340 = VECTOR('',#3341,1.);
#3341 = DIRECTION('',(-0.999717240151,-2.377897695342E-02,0.));
#3342 = ORIENTED_EDGE('',*,*,#3343,.T.);
#3343 = EDGE_CURVE('',#3336,#3344,#3346,.T.);
#3344 = VERTEX_POINT('',#3345);
#3345 = CARTESIAN_POINT('',(-28.27849401453,-6.113726238907,0.));
#3346 = LINE('',#3347,#3348);
#3347 = CARTESIAN_POINT('',(-27.91800392556,-6.095334004693,0.));
#3348 = VECTOR('',#3349,1.);
#3349 = DIRECTION('',(-0.998701011021,-5.095380834824E-02,0.));
#3350 = ORIENTED_EDGE('',*,*,#3351,.T.);
#3351 = EDGE_CURVE('',#3344,#3352,#3354,.T.);
#3352 = VERTEX_POINT('',#3353);
#3353 = CARTESIAN_POINT('',(-29.03688759303,-6.084446013798,0.));
#3354 = LINE('',#3355,#3356);
#3355 = CARTESIAN_POINT('',(-28.27849401453,-6.113726238907,0.));
#3356 = VECTOR('',#3357,1.);
#3357 = DIRECTION('',(-0.999255534894,3.857947618844E-02,0.));
#3358 = ORIENTED_EDGE('',*,*,#3359,.T.);
#3359 = EDGE_CURVE('',#3352,#3360,#3362,.T.);
#3360 = VERTEX_POINT('',#3361);
#3361 = CARTESIAN_POINT('',(-31.02980934716,-6.035816223022,0.));
#3362 = LINE('',#3363,#3364);
#3363 = CARTESIAN_POINT('',(-29.03688759303,-6.084446013798,0.));
#3364 = VECTOR('',#3365,1.);
#3365 = DIRECTION('',(-0.999702422273,2.439399315747E-02,0.));
#3366 = ORIENTED_EDGE('',*,*,#3367,.T.);
#3367 = EDGE_CURVE('',#3360,#3368,#3370,.T.);
#3368 = VERTEX_POINT('',#3369);
#3369 = CARTESIAN_POINT('',(-31.84890264367,-6.051118636886,0.));
#3370 = LINE('',#3371,#3372);
#3371 = CARTESIAN_POINT('',(-31.02980934716,-6.035816223022,0.));
#3372 = VECTOR('',#3373,1.);
#3373 = DIRECTION('',(-0.999825534531,-1.867887844655E-02,0.));
#3374 = ORIENTED_EDGE('',*,*,#3375,.T.);
#3375 = EDGE_CURVE('',#3368,#3376,#3378,.T.);
#3376 = VERTEX_POINT('',#3377);
#3377 = CARTESIAN_POINT('',(-32.21753376873,-6.092034078765,0.));
#3378 = LINE('',#3379,#3380);
#3379 = CARTESIAN_POINT('',(-31.84890264367,-6.051118636886,0.));
#3380 = VECTOR('',#3381,1.);
#3381 = DIRECTION('',(-0.993896621836,-0.11031547989,0.));
#3382 = ORIENTED_EDGE('',*,*,#3383,.T.);
#3383 = EDGE_CURVE('',#3376,#3384,#3386,.T.);
#3384 = VERTEX_POINT('',#3385);
#3385 = CARTESIAN_POINT('',(-32.24154134782,-6.318157311875,0.));
#3386 = LINE('',#3387,#3388);
#3387 = CARTESIAN_POINT('',(-32.21753376873,-6.092034078765,0.));
#3388 = VECTOR('',#3389,1.);
#3389 = DIRECTION('',(-0.105576961872,-0.994411134854,0.));
#3390 = ORIENTED_EDGE('',*,*,#3391,.T.);
#3391 = EDGE_CURVE('',#3384,#3392,#3394,.T.);
#3392 = VERTEX_POINT('',#3393);
#3393 = CARTESIAN_POINT('',(-32.20526322157,-6.751825151005,0.));
#3394 = LINE('',#3395,#3396);
#3395 = CARTESIAN_POINT('',(-32.24154134782,-6.318157311875,0.));
#3396 = VECTOR('',#3397,1.);
#3397 = DIRECTION('',(8.336299767124E-02,-0.996519247491,0.));
#3398 = ORIENTED_EDGE('',*,*,#3399,.T.);
#3399 = EDGE_CURVE('',#3392,#3400,#3402,.T.);
#3400 = VERTEX_POINT('',#3401);
#3401 = CARTESIAN_POINT('',(-32.13353105147,-7.192110488653,0.));
#3402 = LINE('',#3403,#3404);
#3403 = CARTESIAN_POINT('',(-32.20526322157,-6.751825151005,0.));
#3404 = VECTOR('',#3405,1.);
#3405 = DIRECTION('',(0.160801853827,-0.986986709032,0.));
#3406 = ORIENTED_EDGE('',*,*,#3407,.T.);
#3407 = EDGE_CURVE('',#3400,#3408,#3410,.T.);
#3408 = VERTEX_POINT('',#3409);
#3409 = CARTESIAN_POINT('',(-32.05117649895,-7.438086217317,0.));
#3410 = LINE('',#3411,#3412);
#3411 = CARTESIAN_POINT('',(-32.13353105147,-7.192110488653,0.));
#3412 = VECTOR('',#3413,1.);
#3413 = DIRECTION('',(0.317485712962,-0.948263055309,0.));
#3414 = ORIENTED_EDGE('',*,*,#3415,.T.);
#3415 = EDGE_CURVE('',#3408,#3416,#3418,.T.);
#3416 = VERTEX_POINT('',#3417);
#3417 = CARTESIAN_POINT('',(-31.93685652808,-7.686647182069,0.));
#3418 = LINE('',#3419,#3420);
#3419 = CARTESIAN_POINT('',(-32.05117649895,-7.438086217317,0.));
#3420 = VECTOR('',#3421,1.);
#3421 = DIRECTION('',(0.417851085921,-0.908515530959,0.));
#3422 = ORIENTED_EDGE('',*,*,#3423,.T.);
#3423 = EDGE_CURVE('',#3416,#3424,#3426,.T.);
#3424 = VERTEX_POINT('',#3425);
#3425 = CARTESIAN_POINT('',(-31.77610708275,-8.170480071631,0.));
#3426 = LINE('',#3427,#3428);
#3427 = CARTESIAN_POINT('',(-31.93685652808,-7.686647182069,0.));
#3428 = VECTOR('',#3429,1.);
#3429 = DIRECTION('',(0.31529522652,-0.948993635455,0.));
#3430 = ORIENTED_EDGE('',*,*,#3431,.T.);
#3431 = EDGE_CURVE('',#3424,#3432,#3434,.T.);
#3432 = VERTEX_POINT('',#3433);
#3433 = CARTESIAN_POINT('',(-31.51357269654,-9.195764410352,0.));
#3434 = LINE('',#3435,#3436);
#3435 = CARTESIAN_POINT('',(-31.77610708275,-8.170480071631,0.));
#3436 = VECTOR('',#3437,1.);
#3437 = DIRECTION('',(0.248057029199,-0.968745431094,0.));
#3438 = ORIENTED_EDGE('',*,*,#3439,.T.);
#3439 = EDGE_CURVE('',#3432,#3440,#3442,.T.);
#3440 = VERTEX_POINT('',#3441);
#3441 = CARTESIAN_POINT('',(-31.3733070213,-9.696424495729,0.));
#3442 = LINE('',#3443,#3444);
#3443 = CARTESIAN_POINT('',(-31.51357269654,-9.195764410352,0.));
#3444 = VECTOR('',#3445,1.);
#3445 = DIRECTION('',(0.269774119482,-0.962923633762,0.));
#3446 = ORIENTED_EDGE('',*,*,#3447,.T.);
#3447 = EDGE_CURVE('',#3440,#3448,#3450,.T.);
#3448 = VERTEX_POINT('',#3449);
#3449 = CARTESIAN_POINT('',(-30.95102500946,-10.74711782292,0.));
#3450 = LINE('',#3451,#3452);
#3451 = CARTESIAN_POINT('',(-31.3733070213,-9.696424495729,0.));
#3452 = VECTOR('',#3453,1.);
#3453 = DIRECTION('',(0.372916320659,-0.927864978209,0.));
#3454 = ORIENTED_EDGE('',*,*,#3455,.T.);
#3455 = EDGE_CURVE('',#3448,#3456,#3458,.T.);
#3456 = VERTEX_POINT('',#3457);
#3457 = CARTESIAN_POINT('',(-30.80092494078,-11.04417291973,0.));
#3458 = LINE('',#3459,#3460);
#3459 = CARTESIAN_POINT('',(-30.95102500946,-10.74711782292,0.));
#3460 = VECTOR('',#3461,1.);
#3461 = DIRECTION('',(0.450989427277,-0.892529291667,0.));
#3462 = ORIENTED_EDGE('',*,*,#3463,.T.);
#3463 = EDGE_CURVE('',#3456,#3464,#3466,.T.);
#3464 = VERTEX_POINT('',#3465);
#3465 = CARTESIAN_POINT('',(-30.6381879313,-11.28304696957,0.));
#3466 = LINE('',#3467,#3468);
#3467 = CARTESIAN_POINT('',(-30.80092494078,-11.04417291973,0.));
#3468 = VECTOR('',#3469,1.);
#3469 = DIRECTION('',(0.563025829546,-0.826439299201,0.));
#3470 = ORIENTED_EDGE('',*,*,#3471,.T.);
#3471 = EDGE_CURVE('',#3464,#3472,#3474,.T.);
#3472 = VERTEX_POINT('',#3473);
#3473 = CARTESIAN_POINT('',(-30.46766445043,-11.5441423037,0.));
#3474 = LINE('',#3475,#3476);
#3475 = CARTESIAN_POINT('',(-30.6381879313,-11.28304696957,0.));
#3476 = VECTOR('',#3477,1.);
#3477 = DIRECTION('',(0.546816420765,-0.837252531786,0.));
#3478 = ORIENTED_EDGE('',*,*,#3479,.T.);
#3479 = EDGE_CURVE('',#3472,#3480,#3482,.T.);
#3480 = VERTEX_POINT('',#3481);
#3481 = CARTESIAN_POINT('',(-30.26451495075,-11.93290076487,0.));
#3482 = LINE('',#3483,#3484);
#3483 = CARTESIAN_POINT('',(-30.46766445043,-11.5441423037,0.));
#3484 = VECTOR('',#3485,1.);
#3485 = DIRECTION('',(0.463137551163,-0.886286414599,0.));
#3486 = ORIENTED_EDGE('',*,*,#3487,.T.);
#3487 = EDGE_CURVE('',#3480,#3488,#3490,.T.);
#3488 = VERTEX_POINT('',#3489);
#3489 = CARTESIAN_POINT('',(-30.09444278919,-12.31382079904,0.));
#3490 = LINE('',#3491,#3492);
#3491 = CARTESIAN_POINT('',(-30.26451495075,-11.93290076487,0.));
#3492 = VECTOR('',#3493,1.);
#3493 = DIRECTION('',(0.407687967326,-0.913121307,0.));
#3494 = ORIENTED_EDGE('',*,*,#3495,.T.);
#3495 = EDGE_CURVE('',#3488,#3496,#3498,.T.);
#3496 = VERTEX_POINT('',#3497);
#3497 = CARTESIAN_POINT('',(-30.02315132269,-12.55140085219,0.));
#3498 = LINE('',#3499,#3500);
#3499 = CARTESIAN_POINT('',(-30.09444278919,-12.31382079904,0.));
#3500 = VECTOR('',#3501,1.);
#3501 = DIRECTION('',(0.287412428166,-0.957806920071,0.));
#3502 = ORIENTED_EDGE('',*,*,#3503,.T.);
#3503 = EDGE_CURVE('',#3496,#3504,#3506,.T.);
#3504 = VERTEX_POINT('',#3505);
#3505 = CARTESIAN_POINT('',(-29.8992568916,-12.85907262245,0.));
#3506 = LINE('',#3507,#3508);
#3507 = CARTESIAN_POINT('',(-30.02315132269,-12.55140085219,0.));
#3508 = VECTOR('',#3509,1.);
#3509 = DIRECTION('',(0.373535818278,-0.927615756908,0.));
#3510 = ORIENTED_EDGE('',*,*,#3511,.T.);
#3511 = EDGE_CURVE('',#3504,#3512,#3514,.T.);
#3512 = VERTEX_POINT('',#3513);
#3513 = CARTESIAN_POINT('',(-29.68102216517,-13.14531693251,0.));
#3514 = LINE('',#3515,#3516);
#3515 = CARTESIAN_POINT('',(-29.8992568916,-12.85907262245,0.));
#3516 = VECTOR('',#3517,1.);
#3517 = DIRECTION('',(0.606295996018,-0.795239061674,0.));
#3518 = ORIENTED_EDGE('',*,*,#3519,.T.);
#3519 = EDGE_CURVE('',#3512,#3520,#3522,.T.);
#3520 = VERTEX_POINT('',#3521);
#3521 = CARTESIAN_POINT('',(-29.32749840819,-13.67746969334,0.));
#3522 = LINE('',#3523,#3524);
#3523 = CARTESIAN_POINT('',(-29.68102216517,-13.14531693251,0.));
#3524 = VECTOR('',#3525,1.);
#3525 = DIRECTION('',(0.55335061885,-0.832948433349,0.));
#3526 = ORIENTED_EDGE('',*,*,#3527,.T.);
#3527 = EDGE_CURVE('',#3520,#3528,#3530,.T.);
#3528 = VERTEX_POINT('',#3529);
#3529 = CARTESIAN_POINT('',(-28.80540446093,-14.53996798018,0.));
#3530 = LINE('',#3531,#3532);
#3531 = CARTESIAN_POINT('',(-29.32749840819,-13.67746969334,0.));
#3532 = VECTOR('',#3533,1.);
#3533 = DIRECTION('',(0.517842975081,-0.855475688234,0.));
#3534 = ORIENTED_EDGE('',*,*,#3535,.T.);
#3535 = EDGE_CURVE('',#3528,#3536,#3538,.T.);
#3536 = VERTEX_POINT('',#3537);
#3537 = CARTESIAN_POINT('',(-28.5338169975,-15.03460393607,0.));
#3538 = LINE('',#3539,#3540);
#3539 = CARTESIAN_POINT('',(-28.80540446093,-14.53996798018,0.));
#3540 = VECTOR('',#3541,1.);
#3541 = DIRECTION('',(0.481289620001,-0.876561635984,0.));
#3542 = ORIENTED_EDGE('',*,*,#3543,.T.);
#3543 = EDGE_CURVE('',#3536,#3544,#3546,.T.);
#3544 = VERTEX_POINT('',#3545);
#3545 = CARTESIAN_POINT('',(-28.39023922085,-15.32431581536,0.));
#3546 = LINE('',#3547,#3548);
#3547 = CARTESIAN_POINT('',(-28.5338169975,-15.03460393607,0.));
#3548 = VECTOR('',#3549,1.);
#3549 = DIRECTION('',(0.444048382023,-0.896002809383,0.));
#3550 = ORIENTED_EDGE('',*,*,#3551,.T.);
#3551 = EDGE_CURVE('',#3544,#3552,#3554,.T.);
#3552 = VERTEX_POINT('',#3553);
#3553 = CARTESIAN_POINT('',(-27.97464692593,-15.94764226493,0.));
#3554 = LINE('',#3555,#3556);
#3555 = CARTESIAN_POINT('',(-28.39023922085,-15.32431581536,0.));
#3556 = VECTOR('',#3557,1.);
#3557 = DIRECTION('',(0.554738387419,-0.832024832276,0.));
#3558 = ORIENTED_EDGE('',*,*,#3559,.T.);
#3559 = EDGE_CURVE('',#3552,#3560,#3562,.T.);
#3560 = VERTEX_POINT('',#3561);
#3561 = CARTESIAN_POINT('',(-27.78159872897,-16.09633304497,0.));
#3562 = LINE('',#3563,#3564);
#3563 = CARTESIAN_POINT('',(-27.97464692593,-15.94764226493,0.));
#3564 = VECTOR('',#3565,1.);
#3565 = DIRECTION('',(0.792242713718,-0.61020609843,0.));
#3566 = ORIENTED_EDGE('',*,*,#3567,.T.);
#3567 = EDGE_CURVE('',#3560,#3568,#3570,.T.);
#3568 = VERTEX_POINT('',#3569);
#3569 = CARTESIAN_POINT('',(-27.66577466368,-16.18658248976,0.));
#3570 = LINE('',#3571,#3572);
#3571 = CARTESIAN_POINT('',(-27.78159872897,-16.09633304497,0.));
#3572 = VECTOR('',#3573,1.);
#3573 = DIRECTION('',(0.788810438944,-0.614636552292,0.));
#3574 = ORIENTED_EDGE('',*,*,#3575,.T.);
#3575 = EDGE_CURVE('',#3568,#3576,#3578,.T.);
#3576 = VERTEX_POINT('',#3577);
#3577 = CARTESIAN_POINT('',(-27.53728454023,-16.36791518415,0.));
#3578 = LINE('',#3579,#3580);
#3579 = CARTESIAN_POINT('',(-27.66577466368,-16.18658248976,0.));
#3580 = VECTOR('',#3581,1.);
#3581 = DIRECTION('',(0.578155555326,-0.815926561552,0.));
#3582 = ORIENTED_EDGE('',*,*,#3583,.T.);
#3583 = EDGE_CURVE('',#3576,#3584,#3586,.T.);
#3584 = VERTEX_POINT('',#3585);
#3585 = CARTESIAN_POINT('',(-27.28417690421,-16.74865957888,0.));
#3586 = LINE('',#3587,#3588);
#3587 = CARTESIAN_POINT('',(-27.53728454023,-16.36791518415,0.));
#3588 = VECTOR('',#3589,1.);
#3589 = DIRECTION('',(0.553606495079,-0.832778391054,0.));
#3590 = ORIENTED_EDGE('',*,*,#3591,.T.);
#3591 = EDGE_CURVE('',#3584,#3592,#3594,.T.);
#3592 = VERTEX_POINT('',#3593);
#3593 = CARTESIAN_POINT('',(-27.16860033661,-16.97534860811,0.));
#3594 = LINE('',#3595,#3596);
#3595 = CARTESIAN_POINT('',(-27.28417690421,-16.74865957888,0.));
#3596 = VECTOR('',#3597,1.);
#3597 = DIRECTION('',(0.454217428435,-0.890890861837,0.));
#3598 = ORIENTED_EDGE('',*,*,#3599,.T.);
#3599 = EDGE_CURVE('',#3592,#3600,#3602,.T.);
#3600 = VERTEX_POINT('',#3601);
#3601 = CARTESIAN_POINT('',(-26.95262705965,-17.32353573732,0.));
#3602 = LINE('',#3603,#3604);
#3603 = CARTESIAN_POINT('',(-27.16860033661,-16.97534860811,0.));
#3604 = VECTOR('',#3605,1.);
#3605 = DIRECTION('',(0.527111117339,-0.849796369713,0.));
#3606 = ORIENTED_EDGE('',*,*,#3607,.T.);
#3607 = EDGE_CURVE('',#3600,#3608,#3610,.T.);
#3608 = VERTEX_POINT('',#3609);
#3609 = CARTESIAN_POINT('',(-26.46608057449,-17.91833552943,0.));
#3610 = LINE('',#3611,#3612);
#3611 = CARTESIAN_POINT('',(-26.95262705965,-17.32353573732,0.));
#3612 = VECTOR('',#3613,1.);
#3613 = DIRECTION('',(0.633153685586,-0.774026104488,0.));
#3614 = ORIENTED_EDGE('',*,*,#3615,.T.);
#3615 = EDGE_CURVE('',#3608,#3616,#3618,.T.);
#3616 = VERTEX_POINT('',#3617);
#3617 = CARTESIAN_POINT('',(-25.95102089976,-18.48020995766,0.));
#3618 = LINE('',#3619,#3620);
#3619 = CARTESIAN_POINT('',(-26.46608057449,-17.91833552943,0.));
#3620 = VECTOR('',#3621,1.);
#3621 = DIRECTION('',(0.675730414102,-0.737148836706,0.));
#3622 = ORIENTED_EDGE('',*,*,#3623,.T.);
#3623 = EDGE_CURVE('',#3616,#3624,#3626,.T.);
#3624 = VERTEX_POINT('',#3625);
#3625 = CARTESIAN_POINT('',(-25.64950805407,-18.72962099524,0.));
#3626 = LINE('',#3627,#3628);
#3627 = CARTESIAN_POINT('',(-25.95102089976,-18.48020995766,0.));
#3628 = VECTOR('',#3629,1.);
#3629 = DIRECTION('',(0.770540957202,-0.637390487279,0.));
#3630 = ORIENTED_EDGE('',*,*,#3631,.T.);
#3631 = EDGE_CURVE('',#3624,#3632,#3634,.T.);
#3632 = VERTEX_POINT('',#3633);
#3633 = CARTESIAN_POINT('',(-25.57259450772,-18.77879562673,0.));
#3634 = LINE('',#3635,#3636);
#3635 = CARTESIAN_POINT('',(-25.64950805407,-18.72962099524,0.));
#3636 = VECTOR('',#3637,1.);
#3637 = DIRECTION('',(0.84252017544,-0.538664788135,0.));
#3638 = ORIENTED_EDGE('',*,*,#3639,.T.);
#3639 = EDGE_CURVE('',#3632,#3640,#3642,.T.);
#3640 = VERTEX_POINT('',#3641);
#3641 = CARTESIAN_POINT('',(-25.50310589203,-18.89701723775,0.));
#3642 = LINE('',#3643,#3644);
#3643 = CARTESIAN_POINT('',(-25.57259450772,-18.77879562673,0.));
#3644 = VECTOR('',#3645,1.);
#3645 = DIRECTION('',(0.506730207616,-0.862104690098,0.));
#3646 = ORIENTED_EDGE('',*,*,#3647,.T.);
#3647 = EDGE_CURVE('',#3640,#3648,#3650,.T.);
#3648 = VERTEX_POINT('',#3649);
#3649 = CARTESIAN_POINT('',(-25.28232005891,-19.19521495597,0.));
#3650 = LINE('',#3651,#3652);
#3651 = CARTESIAN_POINT('',(-25.50310589203,-18.89701723775,0.));
#3652 = VECTOR('',#3653,1.);
#3653 = DIRECTION('',(0.595051132826,-0.803687843209,0.));
#3654 = ORIENTED_EDGE('',*,*,#3655,.T.);
#3655 = EDGE_CURVE('',#3648,#3656,#3658,.T.);
#3656 = VERTEX_POINT('',#3657);
#3657 = CARTESIAN_POINT('',(-24.7935178871,-19.72331780771,0.));
#3658 = LINE('',#3659,#3660);
#3659 = CARTESIAN_POINT('',(-25.28232005891,-19.19521495597,0.));
#3660 = VECTOR('',#3661,1.);
#3661 = DIRECTION('',(0.679271884168,-0.733886712905,0.));
#3662 = ORIENTED_EDGE('',*,*,#3663,.T.);
#3663 = EDGE_CURVE('',#3656,#3664,#3666,.T.);
#3664 = VERTEX_POINT('',#3665);
#3665 = CARTESIAN_POINT('',(-23.33987903735,-21.13055533755,0.));
#3666 = LINE('',#3667,#3668);
#3667 = CARTESIAN_POINT('',(-24.7935178871,-19.72331780771,0.));
#3668 = VECTOR('',#3669,1.);
#3669 = DIRECTION('',(0.718481038108,-0.695546546163,0.));
#3670 = ORIENTED_EDGE('',*,*,#3671,.T.);
#3671 = EDGE_CURVE('',#3664,#3672,#3674,.T.);
#3672 = VERTEX_POINT('',#3673);
#3673 = CARTESIAN_POINT('',(-22.08033903652,-22.22519795397,0.));
#3674 = LINE('',#3675,#3676);
#3675 = CARTESIAN_POINT('',(-23.33987903735,-21.13055533755,0.));
#3676 = VECTOR('',#3677,1.);
#3677 = DIRECTION('',(0.754786364684,-0.655970688131,0.));
#3678 = ORIENTED_EDGE('',*,*,#3679,.T.);
#3679 = EDGE_CURVE('',#3672,#3680,#3682,.T.);
#3680 = VERTEX_POINT('',#3681);
#3681 = CARTESIAN_POINT('',(-20.8462767389,-23.19577736255,0.));
#3682 = LINE('',#3683,#3684);
#3683 = CARTESIAN_POINT('',(-22.08033903652,-22.22519795397,0.));
#3684 = VECTOR('',#3685,1.);
#3685 = DIRECTION('',(0.786021497357,-0.618199163453,0.));
#3686 = ORIENTED_EDGE('',*,*,#3687,.T.);
#3687 = EDGE_CURVE('',#3680,#3688,#3690,.T.);
#3688 = VERTEX_POINT('',#3689);
#3689 = CARTESIAN_POINT('',(-19.78879676263,-23.92988377033,0.));
#3690 = LINE('',#3691,#3692);
#3691 = CARTESIAN_POINT('',(-20.8462767389,-23.19577736255,0.));
#3692 = VECTOR('',#3693,1.);
#3693 = DIRECTION('',(0.821462645778,-0.570262326997,0.));
#3694 = ORIENTED_EDGE('',*,*,#3695,.T.);
#3695 = EDGE_CURVE('',#3688,#3696,#3698,.T.);
#3696 = VERTEX_POINT('',#3697);
#3697 = CARTESIAN_POINT('',(-19.37349533816,-24.17313153863,0.));
#3698 = LINE('',#3699,#3700);
#3699 = CARTESIAN_POINT('',(-19.78879676263,-23.92988377033,0.));
#3700 = VECTOR('',#3701,1.);
#3701 = DIRECTION('',(0.862883550387,-0.50540278835,0.));
#3702 = ORIENTED_EDGE('',*,*,#3703,.T.);
#3703 = EDGE_CURVE('',#3696,#3704,#3706,.T.);
#3704 = VERTEX_POINT('',#3705);
#3705 = CARTESIAN_POINT('',(-19.05900372582,-24.31510738438,0.));
#3706 = LINE('',#3707,#3708);
#3707 = CARTESIAN_POINT('',(-19.37349533816,-24.17313153863,0.));
#3708 = VECTOR('',#3709,1.);
#3709 = DIRECTION('',(0.911427798791,-0.411460043737,0.));
#3710 = ORIENTED_EDGE('',*,*,#3711,.T.);
#3711 = EDGE_CURVE('',#3704,#3712,#3714,.T.);
#3712 = VERTEX_POINT('',#3713);
#3713 = CARTESIAN_POINT('',(-18.83169893704,-24.43969723481,0.));
#3714 = LINE('',#3715,#3716);
#3715 = CARTESIAN_POINT('',(-19.05900372582,-24.31510738438,0.));
#3716 = VECTOR('',#3717,1.);
#3717 = DIRECTION('',(0.876911869754,-0.480651196487,0.));
#3718 = ORIENTED_EDGE('',*,*,#3719,.T.);
#3719 = EDGE_CURVE('',#3712,#3720,#3722,.T.);
#3720 = VERTEX_POINT('',#3721);
#3721 = CARTESIAN_POINT('',(-18.56255248023,-24.64599995694,0.));
#3722 = LINE('',#3723,#3724);
#3723 = CARTESIAN_POINT('',(-18.83169893704,-24.43969723481,0.));
#3724 = VECTOR('',#3725,1.);
#3725 = DIRECTION('',(0.793667433345,-0.608351876177,0.));
#3726 = ORIENTED_EDGE('',*,*,#3727,.T.);
#3727 = EDGE_CURVE('',#3720,#3728,#3730,.T.);
#3728 = VERTEX_POINT('',#3729);
#3729 = CARTESIAN_POINT('',(-18.21562623517,-24.89758925445,0.));
#3730 = LINE('',#3731,#3732);
#3731 = CARTESIAN_POINT('',(-18.56255248023,-24.64599995694,0.));
#3732 = VECTOR('',#3733,1.);
#3733 = DIRECTION('',(0.809535287399,-0.587071220939,0.));
#3734 = ORIENTED_EDGE('',*,*,#3735,.T.);
#3735 = EDGE_CURVE('',#3728,#3736,#3738,.T.);
#3736 = VERTEX_POINT('',#3737);
#3737 = CARTESIAN_POINT('',(-17.72678190383,-25.19811329913,0.));
#3738 = LINE('',#3739,#3740);
#3739 = CARTESIAN_POINT('',(-18.21562623517,-24.89758925445,0.));
#3740 = VECTOR('',#3741,1.);
#3741 = DIRECTION('',(0.851894100841,-0.52371408321,0.));
#3742 = ORIENTED_EDGE('',*,*,#3743,.T.);
#3743 = EDGE_CURVE('',#3736,#3744,#3746,.T.);
#3744 = VERTEX_POINT('',#3745);
#3745 = CARTESIAN_POINT('',(-17.26410681336,-25.44998880345,0.));
#3746 = LINE('',#3747,#3748);
#3747 = CARTESIAN_POINT('',(-17.72678190383,-25.19811329913,0.));
#3748 = VECTOR('',#3749,1.);
#3749 = DIRECTION('',(0.878288475198,-0.478131105802,0.));
#3750 = ORIENTED_EDGE('',*,*,#3751,.T.);
#3751 = EDGE_CURVE('',#3744,#3752,#3754,.T.);
#3752 = VERTEX_POINT('',#3753);
#3753 = CARTESIAN_POINT('',(-16.99568829093,-25.55563247989,0.));
#3754 = LINE('',#3755,#3756);
#3755 = CARTESIAN_POINT('',(-17.26410681336,-25.44998880345,0.));
#3756 = VECTOR('',#3757,1.);
#3757 = DIRECTION('',(0.930522965956,-0.366233545471,0.));
#3758 = ORIENTED_EDGE('',*,*,#3759,.T.);
#3759 = EDGE_CURVE('',#3752,#3760,#3762,.T.);
#3760 = VERTEX_POINT('',#3761);
#3761 = CARTESIAN_POINT('',(-16.75284938253,-25.65900663008,0.));
#3762 = LINE('',#3763,#3764);
#3763 = CARTESIAN_POINT('',(-16.99568829093,-25.55563247989,0.));
#3764 = VECTOR('',#3765,1.);
#3765 = DIRECTION('',(0.920102145947,-0.391678491908,0.));
#3766 = ORIENTED_EDGE('',*,*,#3767,.T.);
#3767 = EDGE_CURVE('',#3760,#3768,#3770,.T.);
#3768 = VERTEX_POINT('',#3769);
#3769 = CARTESIAN_POINT('',(-15.99861230932,-26.06179170654,0.));
#3770 = LINE('',#3771,#3772);
#3771 = CARTESIAN_POINT('',(-16.75284938253,-25.65900663008,0.));
#3772 = VECTOR('',#3773,1.);
#3773 = DIRECTION('',(0.882097715917,-0.471066470442,0.));
#3774 = ORIENTED_EDGE('',*,*,#3775,.T.);
#3775 = EDGE_CURVE('',#3768,#3776,#3778,.T.);
#3776 = VERTEX_POINT('',#3777);
#3777 = CARTESIAN_POINT('',(-15.12439223908,-26.52254607002,0.));
#3778 = LINE('',#3779,#3780);
#3779 = CARTESIAN_POINT('',(-15.99861230932,-26.06179170654,0.));
#3780 = VECTOR('',#3781,1.);
#3781 = DIRECTION('',(0.884651765959,-0.46625234904,0.));
#3782 = ORIENTED_EDGE('',*,*,#3783,.T.);
#3783 = EDGE_CURVE('',#3776,#3784,#3786,.T.);
#3784 = VERTEX_POINT('',#3785);
#3785 = CARTESIAN_POINT('',(-14.76894673535,-26.68390715388,0.));
#3786 = LINE('',#3787,#3788);
#3787 = CARTESIAN_POINT('',(-15.12439223908,-26.52254607002,0.));
#3788 = VECTOR('',#3789,1.);
#3789 = DIRECTION('',(0.910564259824,-0.41336754678,0.));
#3790 = ORIENTED_EDGE('',*,*,#3791,.T.);
#3791 = EDGE_CURVE('',#3784,#3792,#3794,.T.);
#3792 = VERTEX_POINT('',#3793);
#3793 = CARTESIAN_POINT('',(-14.24689161125,-26.87487933778,0.));
#3794 = LINE('',#3795,#3796);
#3795 = CARTESIAN_POINT('',(-14.76894673535,-26.68390715388,0.));
#3796 = VECTOR('',#3797,1.);
#3797 = DIRECTION('',(0.939136546047,-0.343544098885,0.));
#3798 = ORIENTED_EDGE('',*,*,#3799,.T.);
#3799 = EDGE_CURVE('',#3792,#3800,#3802,.T.);
#3800 = VERTEX_POINT('',#3801);
#3801 = CARTESIAN_POINT('',(-13.31996909206,-27.2448416216,0.));
#3802 = LINE('',#3803,#3804);
#3803 = CARTESIAN_POINT('',(-14.24689161125,-26.87487933778,0.));
#3804 = VECTOR('',#3805,1.);
#3805 = DIRECTION('',(0.928755160038,-0.370693745162,0.));
#3806 = ORIENTED_EDGE('',*,*,#3807,.T.);
#3807 = EDGE_CURVE('',#3800,#3808,#3810,.T.);
#3808 = VERTEX_POINT('',#3809);
#3809 = CARTESIAN_POINT('',(-12.97494518217,-27.39274271347,0.));
#3810 = LINE('',#3811,#3812);
#3811 = CARTESIAN_POINT('',(-13.31996909206,-27.2448416216,0.));
#3812 = VECTOR('',#3813,1.);
#3813 = DIRECTION('',(0.919112520743,-0.393995144912,0.));
#3814 = ORIENTED_EDGE('',*,*,#3815,.T.);
#3815 = EDGE_CURVE('',#3808,#3816,#3818,.T.);
#3816 = VERTEX_POINT('',#3817);
#3817 = CARTESIAN_POINT('',(-12.81340441152,-27.49699478513,0.));
#3818 = LINE('',#3819,#3820);
#3819 = CARTESIAN_POINT('',(-12.97494518217,-27.39274271347,0.));
#3820 = VECTOR('',#3821,1.);
#3821 = DIRECTION('',(0.840220297635,-0.542245194946,0.));
#3822 = ORIENTED_EDGE('',*,*,#3823,.T.);
#3823 = EDGE_CURVE('',#3816,#3824,#3826,.T.);
#3824 = VERTEX_POINT('',#3825);
#3825 = CARTESIAN_POINT('',(-12.5940462397,-27.61886263783,0.));
#3826 = LINE('',#3827,#3828);
#3827 = CARTESIAN_POINT('',(-12.81340441152,-27.49699478513,0.));
#3828 = VECTOR('',#3829,1.);
#3829 = DIRECTION('',(0.874153551341,-0.485649635723,0.));
#3830 = ORIENTED_EDGE('',*,*,#3831,.T.);
#3831 = EDGE_CURVE('',#3824,#3832,#3834,.T.);
#3832 = VERTEX_POINT('',#3833);
#3833 = CARTESIAN_POINT('',(-12.11002568683,-27.80912895522,0.));
#3834 = LINE('',#3835,#3836);
#3835 = CARTESIAN_POINT('',(-12.5940462397,-27.61886263783,0.));
#3836 = VECTOR('',#3837,1.);
#3837 = DIRECTION('',(0.930675966181,-0.365844565319,0.));
#3838 = ORIENTED_EDGE('',*,*,#3839,.T.);
#3839 = EDGE_CURVE('',#3832,#3840,#3842,.T.);
#3840 = VERTEX_POINT('',#3841);
#3841 = CARTESIAN_POINT('',(-11.1344965628,-28.15577999759,0.));
#3842 = LINE('',#3843,#3844);
#3843 = CARTESIAN_POINT('',(-12.11002568683,-27.80912895522,0.));
#3844 = VECTOR('',#3845,1.);
#3845 = DIRECTION('',(0.942276797966,-0.334834938463,0.));
#3846 = ORIENTED_EDGE('',*,*,#3847,.T.);
#3847 = EDGE_CURVE('',#3840,#3848,#3850,.T.);
#3848 = VERTEX_POINT('',#3849);
#3849 = CARTESIAN_POINT('',(-10.69430008592,-28.26347758014,0.));
#3850 = LINE('',#3851,#3852);
#3851 = CARTESIAN_POINT('',(-11.1344965628,-28.15577999759,0.));
#3852 = VECTOR('',#3853,1.);
#3853 = DIRECTION('',(0.971351142518,-0.237648812175,0.));
#3854 = ORIENTED_EDGE('',*,*,#3855,.T.);
#3855 = EDGE_CURVE('',#3848,#3856,#3858,.T.);
#3856 = VERTEX_POINT('',#3857);
#3857 = CARTESIAN_POINT('',(-10.21087643924,-28.37292659396,0.));
#3858 = LINE('',#3859,#3860);
#3859 = CARTESIAN_POINT('',(-10.69430008592,-28.26347758014,0.));
#3860 = VECTOR('',#3861,1.);
#3861 = DIRECTION('',(0.975315643919,-0.2208152955,0.));
#3862 = ORIENTED_EDGE('',*,*,#3863,.T.);
#3863 = EDGE_CURVE('',#3856,#3864,#3866,.T.);
#3864 = VERTEX_POINT('',#3865);
#3865 = CARTESIAN_POINT('',(-9.76776579841,-28.54121840461,0.));
#3866 = LINE('',#3867,#3868);
#3867 = CARTESIAN_POINT('',(-10.21087643924,-28.37292659396,0.));
#3868 = VECTOR('',#3869,1.);
#3869 = DIRECTION('',(0.93484677768,-0.355051407912,0.));
#3870 = ORIENTED_EDGE('',*,*,#3871,.T.);
#3871 = EDGE_CURVE('',#3864,#3872,#3874,.T.);
#3872 = VERTEX_POINT('',#3873);
#3873 = CARTESIAN_POINT('',(-9.177755573704,-28.75026518279,0.));
#3874 = LINE('',#3875,#3876);
#3875 = CARTESIAN_POINT('',(-9.76776579841,-28.54121840461,0.));
#3876 = VECTOR('',#3877,1.);
#3877 = DIRECTION('',(0.942584572764,-0.333967548105,0.));
#3878 = ORIENTED_EDGE('',*,*,#3879,.T.);
#3879 = EDGE_CURVE('',#3872,#3880,#3882,.T.);
#3880 = VERTEX_POINT('',#3881);
#3881 = CARTESIAN_POINT('',(-8.509972840084,-28.88469304768,0.));
#3882 = LINE('',#3883,#3884);
#3883 = CARTESIAN_POINT('',(-9.177755573704,-28.75026518279,0.));
#3884 = VECTOR('',#3885,1.);
#3885 = DIRECTION('',(0.980333917276,-0.197345916192,0.));
#3886 = ORIENTED_EDGE('',*,*,#3887,.T.);
#3887 = EDGE_CURVE('',#3880,#3888,#3890,.T.);
#3888 = VERTEX_POINT('',#3889);
#3889 = CARTESIAN_POINT('',(-7.931391185108,-28.96823234898,0.));
#3890 = LINE('',#3891,#3892);
#3891 = CARTESIAN_POINT('',(-8.509972840084,-28.88469304768,0.));
#3892 = VECTOR('',#3893,1.);
#3893 = DIRECTION('',(0.98973648887,-0.142904452693,0.));
#3894 = ORIENTED_EDGE('',*,*,#3895,.T.);
#3895 = EDGE_CURVE('',#3888,#3896,#3898,.T.);
#3896 = VERTEX_POINT('',#3897);
#3897 = CARTESIAN_POINT('',(-7.062606358223,-29.14055201038,0.));
#3898 = LINE('',#3899,#3900);
#3899 = CARTESIAN_POINT('',(-7.931391185108,-28.96823234898,0.));
#3900 = VECTOR('',#3901,1.);
#3901 = DIRECTION('',(0.980891505666,-0.194555529637,0.));
#3902 = ORIENTED_EDGE('',*,*,#3903,.T.);
#3903 = EDGE_CURVE('',#3896,#3904,#3906,.T.);
#3904 = VERTEX_POINT('',#3905);
#3905 = CARTESIAN_POINT('',(-6.411037149642,-29.30036018793,0.));
#3906 = LINE('',#3907,#3908);
#3907 = CARTESIAN_POINT('',(-7.062606358223,-29.14055201038,0.));
#3908 = VECTOR('',#3909,1.);
#3909 = DIRECTION('',(0.971214528843,-0.238206504873,0.));
#3910 = ORIENTED_EDGE('',*,*,#3911,.T.);
#3911 = EDGE_CURVE('',#3904,#3912,#3914,.T.);
#3912 = VERTEX_POINT('',#3913);
#3913 = CARTESIAN_POINT('',(-5.945605614335,-29.43436894458,0.));
#3914 = LINE('',#3915,#3916);
#3915 = CARTESIAN_POINT('',(-6.411037149642,-29.30036018793,0.));
#3916 = VECTOR('',#3917,1.);
#3917 = DIRECTION('',(0.960961116164,-0.276683453102,0.));
#3918 = ORIENTED_EDGE('',*,*,#3919,.T.);
#3919 = EDGE_CURVE('',#3912,#3920,#3922,.T.);
#3920 = VERTEX_POINT('',#3921);
#3921 = CARTESIAN_POINT('',(-5.231977573608,-29.56620716173,0.));
#3922 = LINE('',#3923,#3924);
#3923 = CARTESIAN_POINT('',(-5.945605614335,-29.43436894458,0.));
#3924 = VECTOR('',#3925,1.);
#3925 = DIRECTION('',(0.983359662424,-0.181669409418,0.));
#3926 = ORIENTED_EDGE('',*,*,#3927,.T.);
#3927 = EDGE_CURVE('',#3920,#3928,#3930,.T.);
#3928 = VERTEX_POINT('',#3929);
#3929 = CARTESIAN_POINT('',(-4.239094494013,-29.64925235646,0.));
#3930 = LINE('',#3931,#3932);
#3931 = CARTESIAN_POINT('',(-5.231977573608,-29.56620716173,0.));
#3932 = VECTOR('',#3933,1.);
#3933 = DIRECTION('',(0.996520383187,-8.334942047087E-02,0.));
#3934 = ORIENTED_EDGE('',*,*,#3935,.T.);
#3935 = EDGE_CURVE('',#3928,#3936,#3938,.T.);
#3936 = VERTEX_POINT('',#3937);
#3937 = CARTESIAN_POINT('',(-2.765512668763,-29.71621923563,0.));
#3938 = LINE('',#3939,#3940);
#3939 = CARTESIAN_POINT('',(-4.239094494013,-29.64925235646,0.));
#3940 = VECTOR('',#3941,1.);
#3941 = DIRECTION('',(0.99896897415,-4.539811325003E-02,0.));
#3942 = ORIENTED_EDGE('',*,*,#3943,.T.);
#3943 = EDGE_CURVE('',#3936,#3944,#3946,.T.);
#3944 = VERTEX_POINT('',#3945);
#3945 = CARTESIAN_POINT('',(-2.346463292167,-29.76497503461,0.));
#3946 = LINE('',#3947,#3948);
#3947 = CARTESIAN_POINT('',(-2.765512668763,-29.71621923563,0.));
#3948 = VECTOR('',#3949,1.);
#3949 = DIRECTION('',(0.993299456896,-0.115568979097,0.));
#3950 = ORIENTED_EDGE('',*,*,#3951,.T.);
#3951 = EDGE_CURVE('',#3944,#3952,#3954,.T.);
#3952 = VERTEX_POINT('',#3953);
#3953 = CARTESIAN_POINT('',(-2.152989860202,-29.82277199094,0.));
#3954 = LINE('',#3955,#3956);
#3955 = CARTESIAN_POINT('',(-2.346463292167,-29.76497503461,0.));
#3956 = VECTOR('',#3957,1.);
#3957 = DIRECTION('',(0.958159684743,-0.286234202244,0.));
#3958 = ORIENTED_EDGE('',*,*,#3959,.T.);
#3959 = EDGE_CURVE('',#3952,#3960,#3962,.T.);
#3960 = VERTEX_POINT('',#3961);
#3961 = CARTESIAN_POINT('',(-1.795331132655,-29.89678733321,0.));
#3962 = LINE('',#3963,#3964);
#3963 = CARTESIAN_POINT('',(-2.152989860202,-29.82277199094,0.));
#3964 = VECTOR('',#3965,1.);
#3965 = DIRECTION('',(0.979251191996,-0.202650198554,0.));
#3966 = ORIENTED_EDGE('',*,*,#3967,.T.);
#3967 = EDGE_CURVE('',#3960,#3968,#3970,.T.);
#3968 = VERTEX_POINT('',#3969);
#3969 = CARTESIAN_POINT('',(-1.129739784818,-29.94251121495,0.));
#3970 = LINE('',#3971,#3972);
#3971 = CARTESIAN_POINT('',(-1.795331132655,-29.89678733321,0.));
#3972 = VECTOR('',#3973,1.);
#3973 = DIRECTION('',(0.997648705551,-6.853510277479E-02,0.));
#3974 = ORIENTED_EDGE('',*,*,#3975,.T.);
#3975 = EDGE_CURVE('',#3968,#3976,#3978,.T.);
#3976 = VERTEX_POINT('',#3977);
#3977 = CARTESIAN_POINT('',(-0.452170276797,-29.94854003183,0.));
#3978 = LINE('',#3979,#3980);
#3979 = CARTESIAN_POINT('',(-1.129739784818,-29.94251121495,0.));
#3980 = VECTOR('',#3981,1.);
#3981 = DIRECTION('',(0.99996041773,-8.897357648755E-03,0.));
#3982 = ORIENTED_EDGE('',*,*,#3983,.T.);
#3983 = EDGE_CURVE('',#3976,#3984,#3986,.T.);
#3984 = VERTEX_POINT('',#3985);
#3985 = CARTESIAN_POINT('',(-5.857706869403E-02,-29.90347017953,0.));
#3986 = LINE('',#3987,#3988);
#3987 = CARTESIAN_POINT('',(-0.452170276797,-29.94854003183,0.));
#3988 = VECTOR('',#3989,1.);
#3989 = DIRECTION('',(0.993507654758,0.113765284409,0.));
#3990 = ORIENTED_EDGE('',*,*,#3991,.T.);
#3991 = EDGE_CURVE('',#3984,#3992,#3994,.T.);
#3992 = VERTEX_POINT('',#3993);
#3993 = CARTESIAN_POINT('',(0.338205401901,-29.84665895475,0.));
#3994 = LINE('',#3995,#3996);
#3995 = CARTESIAN_POINT('',(-5.857706869403E-02,-29.90347017953,0.));
#3996 = VECTOR('',#3997,1.);
#3997 = DIRECTION('',(0.989904731702,0.141734336541,0.));
#3998 = ORIENTED_EDGE('',*,*,#3999,.T.);
#3999 = EDGE_CURVE('',#3992,#4000,#4002,.T.);
#4000 = VERTEX_POINT('',#4001);
#4001 = CARTESIAN_POINT('',(1.210998720759,-29.81257221989,0.));
#4002 = LINE('',#4003,#4004);
#4003 = CARTESIAN_POINT('',(0.338205401901,-29.84665895475,0.));
#4004 = VECTOR('',#4005,1.);
#4005 = DIRECTION('',(0.99923823412,3.902501086885E-02,0.));
#4006 = ORIENTED_EDGE('',*,*,#4007,.T.);
#4007 = EDGE_CURVE('',#4000,#4008,#4010,.T.);
#4008 = VERTEX_POINT('',#4009);
#4009 = CARTESIAN_POINT('',(3.118960827212,-29.73550703798,0.));
#4010 = LINE('',#4011,#4012);
#4011 = CARTESIAN_POINT('',(1.210998720759,-29.81257221989,0.));
#4012 = VECTOR('',#4013,1.);
#4013 = DIRECTION('',(0.99918526584,4.035845052228E-02,0.));
#4014 = ORIENTED_EDGE('',*,*,#4015,.T.);
#4015 = EDGE_CURVE('',#4008,#4016,#4018,.T.);
#4016 = VERTEX_POINT('',#4017);
#4017 = CARTESIAN_POINT('',(3.794091148456,-29.6488065025,0.));
#4018 = LINE('',#4019,#4020);
#4019 = CARTESIAN_POINT('',(3.118960827212,-29.73550703798,0.));
#4020 = VECTOR('',#4021,1.);
#4021 = DIRECTION('',(0.991854705467,0.127374421464,0.));
#4022 = ORIENTED_EDGE('',*,*,#4023,.T.);
#4023 = EDGE_CURVE('',#4016,#4024,#4026,.T.);
#4024 = VERTEX_POINT('',#4025);
#4025 = CARTESIAN_POINT('',(4.572793792795,-29.5033673958,0.));
#4026 = LINE('',#4027,#4028);
#4027 = CARTESIAN_POINT('',(3.794091148456,-29.6488065025,0.));
#4028 = VECTOR('',#4029,1.);
#4029 = DIRECTION('',(0.983001735883,0.183596261539,0.));
#4030 = ORIENTED_EDGE('',*,*,#4031,.T.);
#4031 = EDGE_CURVE('',#4024,#4032,#4034,.T.);
#4032 = VERTEX_POINT('',#4033);
#4033 = CARTESIAN_POINT('',(5.224382412959,-29.38419948249,0.));
#4034 = LINE('',#4035,#4036);
#4035 = CARTESIAN_POINT('',(4.572793792795,-29.5033673958,0.));
#4036 = VECTOR('',#4037,1.);
#4037 = DIRECTION('',(0.983684120387,0.179904283711,0.));
#4038 = ORIENTED_EDGE('',*,*,#4039,.T.);
#4039 = EDGE_CURVE('',#4032,#4040,#4042,.T.);
#4040 = VERTEX_POINT('',#4041);
#4041 = CARTESIAN_POINT('',(5.804458759858,-29.2710314345,0.));
#4042 = LINE('',#4043,#4044);
#4043 = CARTESIAN_POINT('',(5.224382412959,-29.38419948249,0.));
#4044 = VECTOR('',#4045,1.);
#4045 = DIRECTION('',(0.981496182966,0.191481703623,0.));
#4046 = ORIENTED_EDGE('',*,*,#4047,.T.);
#4047 = EDGE_CURVE('',#4040,#4048,#4050,.T.);
#4048 = VERTEX_POINT('',#4049);
#4049 = CARTESIAN_POINT('',(6.269870883582,-29.22670301776,0.));
#4050 = LINE('',#4051,#4052);
#4051 = CARTESIAN_POINT('',(5.804458759858,-29.2710314345,0.));
#4052 = VECTOR('',#4053,1.);
#4053 = DIRECTION('',(0.995494775566,9.481641114115E-02,0.));
#4054 = ORIENTED_EDGE('',*,*,#4055,.T.);
#4055 = EDGE_CURVE('',#4048,#4056,#4058,.T.);
#4056 = VERTEX_POINT('',#4057);
#4057 = CARTESIAN_POINT('',(6.684191719783,-29.20650420645,0.));
#4058 = LINE('',#4059,#4060);
#4059 = CARTESIAN_POINT('',(6.269870883582,-29.22670301776,0.));
#4060 = VECTOR('',#4061,1.);
#4061 = DIRECTION('',(0.998813753964,4.869378700556E-02,0.));
#4062 = ORIENTED_EDGE('',*,*,#4063,.T.);
#4063 = EDGE_CURVE('',#4056,#4064,#4066,.T.);
#4064 = VERTEX_POINT('',#4065);
#4065 = CARTESIAN_POINT('',(7.210148572148,-29.111011497,0.));
#4066 = LINE('',#4067,#4068);
#4067 = CARTESIAN_POINT('',(6.684191719783,-29.20650420645,0.));
#4068 = VECTOR('',#4069,1.);
#4069 = DIRECTION('',(0.98391459393,0.178639502494,0.));
#4070 = ORIENTED_EDGE('',*,*,#4071,.T.);
#4071 = EDGE_CURVE('',#4064,#4072,#4074,.T.);
#4072 = VERTEX_POINT('',#4073);
#4073 = CARTESIAN_POINT('',(8.208767774639,-28.86870296543,0.));
#4074 = LINE('',#4075,#4076);
#4075 = CARTESIAN_POINT('',(7.210148572148,-29.111011497,0.));
#4076 = VECTOR('',#4077,1.);
#4077 = DIRECTION('',(0.971801281258,0.235801335334,0.));
#4078 = ORIENTED_EDGE('',*,*,#4079,.T.);
#4079 = EDGE_CURVE('',#4072,#4080,#4082,.T.);
#4080 = VERTEX_POINT('',#4081);
#4081 = CARTESIAN_POINT('',(8.575365233039,-28.7423197729,0.));
#4082 = LINE('',#4083,#4084);
#4083 = CARTESIAN_POINT('',(8.208767774639,-28.86870296543,0.));
#4084 = VECTOR('',#4085,1.);
#4085 = DIRECTION('',(0.945396602552,0.325922174581,0.));
#4086 = ORIENTED_EDGE('',*,*,#4087,.T.);
#4087 = EDGE_CURVE('',#4080,#4088,#4090,.T.);
#4088 = VERTEX_POINT('',#4089);
#4089 = CARTESIAN_POINT('',(9.071816478628,-28.60571695683,0.));
#4090 = LINE('',#4091,#4092);
#4091 = CARTESIAN_POINT('',(8.575365233039,-28.7423197729,0.));
#4092 = VECTOR('',#4093,1.);
#4093 = DIRECTION('',(0.96416629358,0.265298621038,0.));
#4094 = ORIENTED_EDGE('',*,*,#4095,.T.);
#4095 = EDGE_CURVE('',#4088,#4096,#4098,.T.);
#4096 = VERTEX_POINT('',#4097);
#4097 = CARTESIAN_POINT('',(10.026606752238,-28.38046833644,0.));
#4098 = LINE('',#4099,#4100);
#4099 = CARTESIAN_POINT('',(9.071816478628,-28.60571695683,0.));
#4100 = VECTOR('',#4101,1.);
#4101 = DIRECTION('',(0.973282437747,0.229611185211,0.));
#4102 = ORIENTED_EDGE('',*,*,#4103,.T.);
#4103 = EDGE_CURVE('',#4096,#4104,#4106,.T.);
#4104 = VERTEX_POINT('',#4105);
#4105 = CARTESIAN_POINT('',(10.747307888668,-28.12325719821,0.));
#4106 = LINE('',#4107,#4108);
#4107 = CARTESIAN_POINT('',(10.026606752238,-28.38046833644,0.));
#4108 = VECTOR('',#4109,1.);
#4109 = DIRECTION('',(0.941817273167,0.336125309913,0.));
#4110 = ORIENTED_EDGE('',*,*,#4111,.T.);
#4111 = EDGE_CURVE('',#4104,#4112,#4114,.T.);
#4112 = VERTEX_POINT('',#4113);
#4113 = CARTESIAN_POINT('',(11.429935630697,-27.84426346069,0.));
#4114 = LINE('',#4115,#4116);
#4115 = CARTESIAN_POINT('',(10.747307888668,-28.12325719821,0.));
#4116 = VECTOR('',#4117,1.);
#4117 = DIRECTION('',(0.925671918615,0.378327238099,0.));
#4118 = ORIENTED_EDGE('',*,*,#4119,.T.);
#4119 = EDGE_CURVE('',#4112,#4120,#4122,.T.);
#4120 = VERTEX_POINT('',#4121);
#4121 = CARTESIAN_POINT('',(12.230430507162,-27.54748188715,0.));
#4122 = LINE('',#4123,#4124);
#4123 = CARTESIAN_POINT('',(11.429935630697,-27.84426346069,0.));
#4124 = VECTOR('',#4125,1.);
#4125 = DIRECTION('',(0.93763350293,0.347625393467,0.));
#4126 = ORIENTED_EDGE('',*,*,#4127,.T.);
#4127 = EDGE_CURVE('',#4120,#4128,#4130,.T.);
#4128 = VERTEX_POINT('',#4129);
#4129 = CARTESIAN_POINT('',(12.757901463032,-27.3774562919,0.));
#4130 = LINE('',#4131,#4132);
#4131 = CARTESIAN_POINT('',(12.230430507162,-27.54748188715,0.));
#4132 = VECTOR('',#4133,1.);
#4133 = DIRECTION('',(0.951775195463,0.306796312399,0.));
#4134 = ORIENTED_EDGE('',*,*,#4135,.T.);
#4135 = EDGE_CURVE('',#4128,#4136,#4138,.T.);
#4136 = VERTEX_POINT('',#4137);
#4137 = CARTESIAN_POINT('',(13.206817380534,-27.23967721546,0.));
#4138 = LINE('',#4139,#4140);
#4139 = CARTESIAN_POINT('',(12.757901463032,-27.3774562919,0.));
#4140 = VECTOR('',#4141,1.);
#4141 = DIRECTION('',(0.955987609595,0.2934070386,0.));
#4142 = ORIENTED_EDGE('',*,*,#4143,.T.);
#4143 = EDGE_CURVE('',#4136,#4144,#4146,.T.);
#4144 = VERTEX_POINT('',#4145);
#4145 = CARTESIAN_POINT('',(13.812421172835,-26.99212376486,0.));
#4146 = LINE('',#4147,#4148);
#4147 = CARTESIAN_POINT('',(13.206817380534,-27.23967721546,0.));
#4148 = VECTOR('',#4149,1.);
#4149 = DIRECTION('',(0.925650598025,0.378379400041,0.));
#4150 = ORIENTED_EDGE('',*,*,#4151,.T.);
#4151 = EDGE_CURVE('',#4144,#4152,#4154,.T.);
#4152 = VERTEX_POINT('',#4153);
#4153 = CARTESIAN_POINT('',(14.371240622681,-26.72477075869,0.));
#4154 = LINE('',#4155,#4156);
#4155 = CARTESIAN_POINT('',(13.812421172835,-26.99212376486,0.));
#4156 = VECTOR('',#4157,1.);
#4157 = DIRECTION('',(0.902076703629,0.431575741638,0.));
#4158 = ORIENTED_EDGE('',*,*,#4159,.T.);
#4159 = EDGE_CURVE('',#4152,#4160,#4162,.T.);
#4160 = VERTEX_POINT('',#4161);
#4161 = CARTESIAN_POINT('',(14.679803512818,-26.52759301556,0.));
#4162 = LINE('',#4163,#4164);
#4163 = CARTESIAN_POINT('',(14.371240622681,-26.72477075869,0.));
#4164 = VECTOR('',#4165,1.);
#4165 = DIRECTION('',(0.842646273813,0.538467508054,0.));
#4166 = ORIENTED_EDGE('',*,*,#4167,.T.);
#4167 = EDGE_CURVE('',#4160,#4168,#4170,.T.);
#4168 = VERTEX_POINT('',#4169);
#4169 = CARTESIAN_POINT('',(14.789670648444,-26.44090819664,0.));
#4170 = LINE('',#4171,#4172);
#4171 = CARTESIAN_POINT('',(14.679803512818,-26.52759301556,0.));
#4172 = VECTOR('',#4173,1.);
#4173 = DIRECTION('',(0.785064811406,0.619413627467,0.));
#4174 = ORIENTED_EDGE('',*,*,#4175,.T.);
#4175 = EDGE_CURVE('',#4168,#4176,#4178,.T.);
#4176 = VERTEX_POINT('',#4177);
#4177 = CARTESIAN_POINT('',(14.889623317846,-26.42767761127,0.));
#4178 = LINE('',#4179,#4180);
#4179 = CARTESIAN_POINT('',(14.789670648444,-26.44090819664,0.));
#4180 = VECTOR('',#4181,1.);
#4181 = DIRECTION('',(0.991352758988,0.131223882148,0.));
#4182 = ORIENTED_EDGE('',*,*,#4183,.T.);
#4183 = EDGE_CURVE('',#4176,#4184,#4186,.T.);
#4184 = VERTEX_POINT('',#4185);
#4185 = CARTESIAN_POINT('',(15.234241707629,-26.32223163259,0.));
#4186 = LINE('',#4187,#4188);
#4187 = CARTESIAN_POINT('',(14.889623317846,-26.42767761127,0.));
#4188 = VECTOR('',#4189,1.);
#4189 = DIRECTION('',(0.956238349666,0.292588821776,0.));
#4190 = ORIENTED_EDGE('',*,*,#4191,.T.);
#4191 = EDGE_CURVE('',#4184,#4192,#4194,.T.);
#4192 = VERTEX_POINT('',#4193);
#4193 = CARTESIAN_POINT('',(15.88975905029,-26.0197132393,0.));
#4194 = LINE('',#4195,#4196);
#4195 = CARTESIAN_POINT('',(15.234241707629,-26.32223163259,0.));
#4196 = VECTOR('',#4197,1.);
#4197 = DIRECTION('',(0.907974178831,0.419026121591,0.));
#4198 = ORIENTED_EDGE('',*,*,#4199,.T.);
#4199 = EDGE_CURVE('',#4192,#4200,#4202,.T.);
#4200 = VERTEX_POINT('',#4201);
#4201 = CARTESIAN_POINT('',(16.596846903939,-25.64837286142,0.));
#4202 = LINE('',#4203,#4204);
#4203 = CARTESIAN_POINT('',(15.88975905029,-26.0197132393,0.));
#4204 = VECTOR('',#4205,1.);
#4205 = DIRECTION('',(0.885336441575,0.464950949262,0.));
#4206 = ORIENTED_EDGE('',*,*,#4207,.T.);
#4207 = EDGE_CURVE('',#4200,#4208,#4210,.T.);
#4208 = VERTEX_POINT('',#4209);
#4209 = CARTESIAN_POINT('',(17.096176826686,-25.33646092898,0.));
#4210 = LINE('',#4211,#4212);
#4211 = CARTESIAN_POINT('',(16.596846903939,-25.64837286142,0.));
#4212 = VECTOR('',#4213,1.);
#4213 = DIRECTION('',(0.848127496404,0.529792176088,0.));
#4214 = ORIENTED_EDGE('',*,*,#4215,.T.);
#4215 = EDGE_CURVE('',#4208,#4216,#4218,.T.);
#4216 = VERTEX_POINT('',#4217);
#4217 = CARTESIAN_POINT('',(17.66455041524,-24.94474913337,0.));
#4218 = LINE('',#4219,#4220);
#4219 = CARTESIAN_POINT('',(17.096176826686,-25.33646092898,0.));
#4220 = VECTOR('',#4221,1.);
#4221 = DIRECTION('',(0.823395543949,0.567467865349,0.));
#4222 = ORIENTED_EDGE('',*,*,#4223,.T.);
#4223 = EDGE_CURVE('',#4216,#4224,#4226,.T.);
#4224 = VERTEX_POINT('',#4225);
#4225 = CARTESIAN_POINT('',(18.147333479663,-24.69031072701,0.));
#4226 = LINE('',#4227,#4228);
#4227 = CARTESIAN_POINT('',(17.66455041524,-24.94474913337,0.));
#4228 = VECTOR('',#4229,1.);
#4229 = DIRECTION('',(0.88465975619,0.466237188326,0.));
#4230 = ORIENTED_EDGE('',*,*,#4231,.T.);
#4231 = EDGE_CURVE('',#4224,#4232,#4234,.T.);
#4232 = VERTEX_POINT('',#4233);
#4233 = CARTESIAN_POINT('',(18.783977607053,-24.33836568583,0.));
#4234 = LINE('',#4235,#4236);
#4235 = CARTESIAN_POINT('',(18.147333479663,-24.69031072701,0.));
#4236 = VECTOR('',#4237,1.);
#4237 = DIRECTION('',(0.87517437415,0.483807621716,0.));
#4238 = ORIENTED_EDGE('',*,*,#4239,.T.);
#4239 = EDGE_CURVE('',#4232,#4240,#4242,.T.);
#4240 = VERTEX_POINT('',#4241);
#4241 = CARTESIAN_POINT('',(19.088386115036,-24.12460890308,0.));
#4242 = LINE('',#4243,#4244);
#4243 = CARTESIAN_POINT('',(18.783977607053,-24.33836568583,0.));
#4244 = VECTOR('',#4245,1.);
#4245 = DIRECTION('',(0.818383754809,0.574672106392,0.));
#4246 = ORIENTED_EDGE('',*,*,#4247,.T.);
#4247 = EDGE_CURVE('',#4240,#4248,#4250,.T.);
#4248 = VERTEX_POINT('',#4249);
#4249 = CARTESIAN_POINT('',(19.251580813254,-23.97154450798,0.));
#4250 = LINE('',#4251,#4252);
#4251 = CARTESIAN_POINT('',(19.088386115036,-24.12460890308,0.));
#4252 = VECTOR('',#4253,1.);
#4253 = DIRECTION('',(0.729382496604,0.684106112856,0.));
#4254 = ORIENTED_EDGE('',*,*,#4255,.T.);
#4255 = EDGE_CURVE('',#4248,#4256,#4258,.T.);
#4256 = VERTEX_POINT('',#4257);
#4257 = CARTESIAN_POINT('',(19.897967129065,-23.47006164696,0.));
#4258 = LINE('',#4259,#4260);
#4259 = CARTESIAN_POINT('',(19.251580813254,-23.97154450798,0.));
#4260 = VECTOR('',#4261,1.);
#4261 = DIRECTION('',(0.790099222493,0.612978970778,0.));
#4262 = ORIENTED_EDGE('',*,*,#4263,.T.);
#4263 = EDGE_CURVE('',#4256,#4264,#4266,.T.);
#4264 = VERTEX_POINT('',#4265);
#4265 = CARTESIAN_POINT('',(20.521253660624,-23.01673652848,0.));
#4266 = LINE('',#4267,#4268);
#4267 = CARTESIAN_POINT('',(19.897967129065,-23.47006164696,0.));
#4268 = VECTOR('',#4269,1.);
#4269 = DIRECTION('',(0.808720146338,0.588193611753,0.));
#4270 = ORIENTED_EDGE('',*,*,#4271,.T.);
#4271 = EDGE_CURVE('',#4264,#4272,#4274,.T.);
#4272 = VERTEX_POINT('',#4273);
#4273 = CARTESIAN_POINT('',(20.802275153581,-22.84688739985,0.));
#4274 = LINE('',#4275,#4276);
#4275 = CARTESIAN_POINT('',(20.521253660624,-23.01673652848,0.));
#4276 = VECTOR('',#4277,1.);
#4277 = DIRECTION('',(0.855827496696,0.517261341973,0.));
#4278 = ORIENTED_EDGE('',*,*,#4279,.T.);
#4279 = EDGE_CURVE('',#4272,#4280,#4282,.T.);
#4280 = VERTEX_POINT('',#4281);
#4281 = CARTESIAN_POINT('',(21.251670294548,-22.51784331521,0.));
#4282 = LINE('',#4283,#4284);
#4283 = CARTESIAN_POINT('',(20.802275153581,-22.84688739985,0.));
#4284 = VECTOR('',#4285,1.);
#4285 = DIRECTION('',(0.806843443287,0.590765315522,0.));
#4286 = ORIENTED_EDGE('',*,*,#4287,.T.);
#4287 = EDGE_CURVE('',#4280,#4288,#4290,.T.);
#4288 = VERTEX_POINT('',#4289);
#4289 = CARTESIAN_POINT('',(21.992632271158,-21.88420900877,0.));
#4290 = LINE('',#4291,#4292);
#4291 = CARTESIAN_POINT('',(21.251670294548,-22.51784331521,0.));
#4292 = VECTOR('',#4293,1.);
#4293 = DIRECTION('',(0.760004140703,0.649918230329,0.));
#4294 = ORIENTED_EDGE('',*,*,#4295,.T.);
#4295 = EDGE_CURVE('',#4288,#4296,#4298,.T.);
#4296 = VERTEX_POINT('',#4297);
#4297 = CARTESIAN_POINT('',(23.178000611799,-20.88713727207,0.));
#4298 = LINE('',#4299,#4300);
#4299 = CARTESIAN_POINT('',(21.992632271158,-21.88420900877,0.));
#4300 = VECTOR('',#4301,1.);
#4301 = DIRECTION('',(0.765271532659,0.643707605441,0.));
#4302 = ORIENTED_EDGE('',*,*,#4303,.T.);
#4303 = EDGE_CURVE('',#4296,#4304,#4306,.T.);
#4304 = VERTEX_POINT('',#4305);
#4305 = CARTESIAN_POINT('',(23.373062760542,-20.73469657621,0.));
#4306 = LINE('',#4307,#4308);
#4307 = CARTESIAN_POINT('',(23.178000611799,-20.88713727207,0.));
#4308 = VECTOR('',#4309,1.);
#4309 = DIRECTION('',(0.787929531555,0.615765420679,0.));
#4310 = ORIENTED_EDGE('',*,*,#4311,.T.);
#4311 = EDGE_CURVE('',#4304,#4312,#4314,.T.);
#4312 = VERTEX_POINT('',#4313);
#4313 = CARTESIAN_POINT('',(23.509569867944,-20.57394430221,0.));
#4314 = LINE('',#4315,#4316);
#4315 = CARTESIAN_POINT('',(23.373062760542,-20.73469657621,0.));
#4316 = VECTOR('',#4317,1.);
#4317 = DIRECTION('',(0.647284075611,0.762248860583,0.));
#4318 = ORIENTED_EDGE('',*,*,#4319,.T.);
#4319 = EDGE_CURVE('',#4312,#4320,#4322,.T.);
#4320 = VERTEX_POINT('',#4321);
#4321 = CARTESIAN_POINT('',(23.964674440879,-20.06720714736,0.));
#4322 = LINE('',#4323,#4324);
#4323 = CARTESIAN_POINT('',(23.509569867944,-20.57394430221,0.));
#4324 = VECTOR('',#4325,1.);
#4325 = DIRECTION('',(0.668186568694,0.743993756302,0.));
#4326 = ORIENTED_EDGE('',*,*,#4327,.T.);
#4327 = EDGE_CURVE('',#4320,#4328,#4330,.T.);
#4328 = VERTEX_POINT('',#4329);
#4329 = CARTESIAN_POINT('',(25.068747070219,-19.01563810452,0.));
#4330 = LINE('',#4331,#4332);
#4331 = CARTESIAN_POINT('',(23.964674440879,-20.06720714736,0.));
#4332 = VECTOR('',#4333,1.);
#4333 = DIRECTION('',(0.724114576894,0.68967969343,0.));
#4334 = ORIENTED_EDGE('',*,*,#4335,.T.);
#4335 = EDGE_CURVE('',#4328,#4336,#4338,.T.);
#4336 = VERTEX_POINT('',#4337);
#4337 = CARTESIAN_POINT('',(25.449260207473,-18.61690293715,0.));
#4338 = LINE('',#4339,#4340);
#4339 = CARTESIAN_POINT('',(25.068747070219,-19.01563810452,0.));
#4340 = VECTOR('',#4341,1.);
#4341 = DIRECTION('',(0.690382985894,0.723444077167,0.));
#4342 = ORIENTED_EDGE('',*,*,#4343,.T.);
#4343 = EDGE_CURVE('',#4336,#4344,#4346,.T.);
#4344 = VERTEX_POINT('',#4345);
#4345 = CARTESIAN_POINT('',(25.703971725572,-18.25406108174,0.));
#4346 = LINE('',#4347,#4348);
#4347 = CARTESIAN_POINT('',(25.449260207473,-18.61690293715,0.));
#4348 = VECTOR('',#4349,1.);
#4349 = DIRECTION('',(0.574555200742,0.818465833924,0.));
#4350 = ORIENTED_EDGE('',*,*,#4351,.T.);
#4351 = EDGE_CURVE('',#4344,#4352,#4354,.T.);
#4352 = VERTEX_POINT('',#4353);
#4353 = CARTESIAN_POINT('',(25.899783646725,-17.94592388075,0.));
#4354 = LINE('',#4355,#4356);
#4355 = CARTESIAN_POINT('',(25.703971725572,-18.25406108174,0.));
#4356 = VECTOR('',#4357,1.);
#4357 = DIRECTION('',(0.53633849733,0.844002971726,0.));
#4358 = ORIENTED_EDGE('',*,*,#4359,.T.);
#4359 = EDGE_CURVE('',#4352,#4360,#4362,.T.);
#4360 = VERTEX_POINT('',#4361);
#4361 = CARTESIAN_POINT('',(26.113400842756,-17.68596206897,0.));
#4362 = LINE('',#4363,#4364);
#4363 = CARTESIAN_POINT('',(25.899783646725,-17.94592388075,0.));
#4364 = VECTOR('',#4365,1.);
#4365 = DIRECTION('',(0.634876300759,0.772613799213,0.));
#4366 = ORIENTED_EDGE('',*,*,#4367,.T.);
#4367 = EDGE_CURVE('',#4360,#4368,#4370,.T.);
#4368 = VERTEX_POINT('',#4369);
#4369 = CARTESIAN_POINT('',(26.502117800446,-17.26413624344,0.));
#4370 = LINE('',#4371,#4372);
#4371 = CARTESIAN_POINT('',(26.113400842756,-17.68596206897,0.));
#4372 = VECTOR('',#4373,1.);
#4373 = DIRECTION('',(0.677657929457,0.73537727096,0.));
#4374 = ORIENTED_EDGE('',*,*,#4375,.T.);
#4375 = EDGE_CURVE('',#4368,#4376,#4378,.T.);
#4376 = VERTEX_POINT('',#4377);
#4377 = CARTESIAN_POINT('',(26.800512660551,-16.95385497293,0.));
#4378 = LINE('',#4379,#4380);
#4379 = CARTESIAN_POINT('',(26.502117800446,-17.26413624344,0.));
#4380 = VECTOR('',#4381,1.);
#4381 = DIRECTION('',(0.693166029052,0.720777952055,0.));
#4382 = ORIENTED_EDGE('',*,*,#4383,.T.);
#4383 = EDGE_CURVE('',#4376,#4384,#4386,.T.);
#4384 = VERTEX_POINT('',#4385);
#4385 = CARTESIAN_POINT('',(27.036711594202,-16.70465541957,0.));
#4386 = LINE('',#4387,#4388);
#4387 = CARTESIAN_POINT('',(26.800512660551,-16.95385497293,0.));
#4388 = VECTOR('',#4389,1.);
#4389 = DIRECTION('',(0.687921364467,0.725785227398,0.));
#4390 = ORIENTED_EDGE('',*,*,#4391,.T.);
#4391 = EDGE_CURVE('',#4384,#4392,#4394,.T.);
#4392 = VERTEX_POINT('',#4393);
#4393 = CARTESIAN_POINT('',(27.333656651672,-16.32679846002,0.));
#4394 = LINE('',#4395,#4396);
#4395 = CARTESIAN_POINT('',(27.036711594202,-16.70465541957,0.));
#4396 = VECTOR('',#4397,1.);
#4397 = DIRECTION('',(0.617895458405,0.786260263833,0.));
#4398 = ORIENTED_EDGE('',*,*,#4399,.T.);
#4399 = EDGE_CURVE('',#4392,#4400,#4402,.T.);
#4400 = VERTEX_POINT('',#4401);
#4401 = CARTESIAN_POINT('',(27.824551331511,-15.57046249607,0.));
#4402 = LINE('',#4403,#4404);
#4403 = CARTESIAN_POINT('',(27.333656651672,-16.32679846002,0.));
#4404 = VECTOR('',#4405,1.);
#4405 = DIRECTION('',(0.544424000965,0.838810173504,0.));
#4406 = ORIENTED_EDGE('',*,*,#4407,.T.);
#4407 = EDGE_CURVE('',#4400,#4408,#4410,.T.);
#4408 = VERTEX_POINT('',#4409);
#4409 = CARTESIAN_POINT('',(28.003645026456,-15.26178045437,0.));
#4410 = LINE('',#4411,#4412);
#4411 = CARTESIAN_POINT('',(27.824551331511,-15.57046249607,0.));
#4412 = VECTOR('',#4413,1.);
#4413 = DIRECTION('',(0.501839929027,0.864960511026,0.));
#4414 = ORIENTED_EDGE('',*,*,#4415,.T.);
#4415 = EDGE_CURVE('',#4408,#4416,#4418,.T.);
#4416 = VERTEX_POINT('',#4417);
#4417 = CARTESIAN_POINT('',(28.178968021324,-15.03453334942,0.));
#4418 = LINE('',#4419,#4420);
#4419 = CARTESIAN_POINT('',(28.003645026456,-15.26178045437,0.));
#4420 = VECTOR('',#4421,1.);
#4421 = DIRECTION('',(0.610842956428,0.791751780915,0.));
#4422 = ORIENTED_EDGE('',*,*,#4423,.T.);
#4423 = EDGE_CURVE('',#4416,#4424,#4426,.T.);
#4424 = VERTEX_POINT('',#4425);
#4425 = CARTESIAN_POINT('',(28.424456610858,-14.74251637482,0.));
#4426 = LINE('',#4427,#4428);
#4427 = CARTESIAN_POINT('',(28.178968021324,-15.03453334942,0.));
#4428 = VECTOR('',#4429,1.);
#4429 = DIRECTION('',(0.643490696469,0.765453933009,0.));
#4430 = ORIENTED_EDGE('',*,*,#4431,.T.);
#4431 = EDGE_CURVE('',#4424,#4432,#4434,.T.);
#4432 = VERTEX_POINT('',#4433);
#4433 = CARTESIAN_POINT('',(28.800623979877,-14.14461214872,0.));
#4434 = LINE('',#4435,#4436);
#4435 = CARTESIAN_POINT('',(28.424456610858,-14.74251637482,0.));
#4436 = VECTOR('',#4437,1.);
#4437 = DIRECTION('',(0.532518389167,0.846418433873,0.));
#4438 = ORIENTED_EDGE('',*,*,#4439,.T.);
#4439 = EDGE_CURVE('',#4432,#4440,#4442,.T.);
#4440 = VERTEX_POINT('',#4441);
#4441 = CARTESIAN_POINT('',(29.234681543505,-13.39399590932,0.));
#4442 = LINE('',#4443,#4444);
#4443 = CARTESIAN_POINT('',(28.800623979877,-14.14461214872,0.));
#4444 = VECTOR('',#4445,1.);
#4445 = DIRECTION('',(0.500595911696,0.865681080533,0.));
#4446 = ORIENTED_EDGE('',*,*,#4447,.T.);
#4447 = EDGE_CURVE('',#4440,#4448,#4450,.T.);
#4448 = VERTEX_POINT('',#4449);
#4449 = CARTESIAN_POINT('',(29.36396754188,-13.07585966807,0.));
#4450 = LINE('',#4451,#4452);
#4451 = CARTESIAN_POINT('',(29.234681543505,-13.39399590932,0.));
#4452 = VECTOR('',#4453,1.);
#4453 = DIRECTION('',(0.37648489935,0.926422754773,0.));
#4454 = ORIENTED_EDGE('',*,*,#4455,.T.);
#4455 = EDGE_CURVE('',#4448,#4456,#4458,.T.);
#4456 = VERTEX_POINT('',#4457);
#4457 = CARTESIAN_POINT('',(29.55293930633,-12.64965305852,0.));
#4458 = LINE('',#4459,#4460);
#4459 = CARTESIAN_POINT('',(29.36396754188,-13.07585966807,0.));
#4460 = VECTOR('',#4461,1.);
#4461 = DIRECTION('',(0.405326226954,0.914172111664,0.));
#4462 = ORIENTED_EDGE('',*,*,#4463,.T.);
#4463 = EDGE_CURVE('',#4456,#4464,#4466,.T.);
#4464 = VERTEX_POINT('',#4465);
#4465 = CARTESIAN_POINT('',(29.89838784461,-12.09927570677,0.));
#4466 = LINE('',#4467,#4468);
#4467 = CARTESIAN_POINT('',(29.55293930633,-12.64965305852,0.));
#4468 = VECTOR('',#4469,1.);
#4469 = DIRECTION('',(0.531616645108,0.846985089977,0.));
#4470 = ORIENTED_EDGE('',*,*,#4471,.T.);
#4471 = EDGE_CURVE('',#4464,#4472,#4474,.T.);
#4472 = VERTEX_POINT('',#4473);
#4473 = CARTESIAN_POINT('',(30.191881279905,-11.54580577739,0.));
#4474 = LINE('',#4475,#4476);
#4475 = CARTESIAN_POINT('',(29.89838784461,-12.09927570677,0.));
#4476 = VECTOR('',#4477,1.);
#4477 = DIRECTION('',(0.468486003069,0.883470919119,0.));
#4478 = ORIENTED_EDGE('',*,*,#4479,.T.);
#4479 = EDGE_CURVE('',#4472,#4480,#4482,.T.);
#4480 = VERTEX_POINT('',#4481);
#4481 = CARTESIAN_POINT('',(30.299961943246,-11.26120757008,0.));
#4482 = LINE('',#4483,#4484);
#4483 = CARTESIAN_POINT('',(30.191881279905,-11.54580577739,0.));
#4484 = VECTOR('',#4485,1.);
#4485 = DIRECTION('',(0.355026428763,0.934856264289,0.));
#4486 = ORIENTED_EDGE('',*,*,#4487,.T.);
#4487 = EDGE_CURVE('',#4480,#4488,#4490,.T.);
#4488 = VERTEX_POINT('',#4489);
#4489 = CARTESIAN_POINT('',(30.322957996849,-11.10959792175,0.));
#4490 = LINE('',#4491,#4492);
#4491 = CARTESIAN_POINT('',(30.299961943246,-11.26120757008,0.));
#4492 = VECTOR('',#4493,1.);
#4493 = DIRECTION('',(0.149964080318,0.988691445606,0.));
#4494 = ORIENTED_EDGE('',*,*,#4495,.T.);
#4495 = EDGE_CURVE('',#4488,#4496,#4498,.T.);
#4496 = VERTEX_POINT('',#4497);
#4497 = CARTESIAN_POINT('',(30.325772676443,-11.01966611689,0.));
#4498 = LINE('',#4499,#4500);
#4499 = CARTESIAN_POINT('',(30.322957996849,-11.10959792175,0.));
#4500 = VECTOR('',#4501,1.);
#4501 = DIRECTION('',(3.128261503808E-02,0.999510579232,0.));
#4502 = ORIENTED_EDGE('',*,*,#4503,.T.);
#4503 = EDGE_CURVE('',#4496,#4504,#4506,.T.);
#4504 = VERTEX_POINT('',#4505);
#4505 = CARTESIAN_POINT('',(30.383735664491,-10.87877957344,0.));
#4506 = LINE('',#4507,#4508);
#4507 = CARTESIAN_POINT('',(30.325772676443,-11.01966611689,0.));
#4508 = VECTOR('',#4509,1.);
#4509 = DIRECTION('',(0.38047411367,0.924791570478,0.));
#4510 = ORIENTED_EDGE('',*,*,#4511,.T.);
#4511 = EDGE_CURVE('',#4504,#4512,#4514,.T.);
#4512 = VERTEX_POINT('',#4513);
#4513 = CARTESIAN_POINT('',(30.480968285768,-10.65321993062,0.));
#4514 = LINE('',#4515,#4516);
#4515 = CARTESIAN_POINT('',(30.383735664491,-10.87877957344,0.));
#4516 = VECTOR('',#4517,1.);
#4517 = DIRECTION('',(0.395859002414,0.918311303539,0.));
#4518 = ORIENTED_EDGE('',*,*,#4519,.T.);
#4519 = EDGE_CURVE('',#4512,#4520,#4522,.T.);
#4520 = VERTEX_POINT('',#4521);
#4521 = CARTESIAN_POINT('',(30.599864234125,-10.36572050167,0.));
#4522 = LINE('',#4523,#4524);
#4523 = CARTESIAN_POINT('',(30.480968285768,-10.65321993062,0.));
#4524 = VECTOR('',#4525,1.);
#4525 = DIRECTION('',(0.382161511666,0.924095546468,0.));
#4526 = ORIENTED_EDGE('',*,*,#4527,.T.);
#4527 = EDGE_CURVE('',#4520,#4528,#4530,.T.);
#4528 = VERTEX_POINT('',#4529);
#4529 = CARTESIAN_POINT('',(30.798697082945,-9.900925052432,0.));
#4530 = LINE('',#4531,#4532);
#4531 = CARTESIAN_POINT('',(30.599864234125,-10.36572050167,0.));
#4532 = VECTOR('',#4533,1.);
#4533 = DIRECTION('',(0.39330890872,0.919406385839,0.));
#4534 = ORIENTED_EDGE('',*,*,#4535,.T.);
#4535 = EDGE_CURVE('',#4528,#4536,#4538,.T.);
#4536 = VERTEX_POINT('',#4537);
#4537 = CARTESIAN_POINT('',(30.928017051591,-9.621684261634,0.));
#4538 = LINE('',#4539,#4540);
#4539 = CARTESIAN_POINT('',(30.798697082945,-9.900925052432,0.));
#4540 = VECTOR('',#4541,1.);
#4541 = DIRECTION('',(0.420235488643,0.907415083677,0.));
#4542 = ORIENTED_EDGE('',*,*,#4543,.T.);
#4543 = EDGE_CURVE('',#4536,#4544,#4546,.T.);
#4544 = VERTEX_POINT('',#4545);
#4545 = CARTESIAN_POINT('',(30.977419531357,-9.492457750574,0.));
#4546 = LINE('',#4547,#4548);
#4547 = CARTESIAN_POINT('',(30.928017051591,-9.621684261634,0.));
#4548 = VECTOR('',#4549,1.);
#4549 = DIRECTION('',(0.357089180141,0.934070295763,0.));
#4550 = ORIENTED_EDGE('',*,*,#4551,.T.);
#4551 = EDGE_CURVE('',#4544,#4552,#4554,.T.);
#4552 = VERTEX_POINT('',#4553);
#4553 = CARTESIAN_POINT('',(31.101168375565,-9.263986408407,0.));
#4554 = LINE('',#4555,#4556);
#4555 = CARTESIAN_POINT('',(30.977419531357,-9.492457750574,0.));
#4556 = VECTOR('',#4557,1.);
#4557 = DIRECTION('',(0.476263907884,0.879302388287,0.));
#4558 = ORIENTED_EDGE('',*,*,#4559,.T.);
#4559 = EDGE_CURVE('',#4552,#4560,#4562,.T.);
#4560 = VERTEX_POINT('',#4561);
#4561 = CARTESIAN_POINT('',(31.265083728817,-8.931460416626,0.));
#4562 = LINE('',#4563,#4564);
#4563 = CARTESIAN_POINT('',(31.101168375565,-9.263986408407,0.));
#4564 = VECTOR('',#4565,1.);
#4565 = DIRECTION('',(0.442140452363,0.896945829125,0.));
#4566 = ORIENTED_EDGE('',*,*,#4567,.T.);
#4567 = EDGE_CURVE('',#4560,#4568,#4570,.T.);
#4568 = VERTEX_POINT('',#4569);
#4569 = CARTESIAN_POINT('',(31.479250211997,-8.359361125998,0.));
#4570 = LINE('',#4571,#4572);
#4571 = CARTESIAN_POINT('',(31.265083728817,-8.931460416626,0.));
#4572 = VECTOR('',#4573,1.);
#4573 = DIRECTION('',(0.350591290313,0.936528561848,0.));
#4574 = ORIENTED_EDGE('',*,*,#4575,.T.);
#4575 = EDGE_CURVE('',#4568,#4576,#4578,.T.);
#4576 = VERTEX_POINT('',#4577);
#4577 = CARTESIAN_POINT('',(31.668801594195,-7.764160148043,0.));
#4578 = LINE('',#4579,#4580);
#4579 = CARTESIAN_POINT('',(31.479250211997,-8.359361125998,0.));
#4580 = VECTOR('',#4581,1.);
#4581 = DIRECTION('',(0.303449691797,0.952847461322,0.));
#4582 = ORIENTED_EDGE('',*,*,#4583,.T.);
#4583 = EDGE_CURVE('',#4576,#4584,#4586,.T.);
#4584 = VERTEX_POINT('',#4585);
#4585 = CARTESIAN_POINT('',(31.758871644502,-7.362329094283,0.));
#4586 = LINE('',#4587,#4588);
#4587 = CARTESIAN_POINT('',(31.668801594195,-7.764160148043,0.));
#4588 = VECTOR('',#4589,1.);
#4589 = DIRECTION('',(0.218721790767,0.975787260751,0.));
#4590 = ORIENTED_EDGE('',*,*,#4591,.T.);
#4591 = EDGE_CURVE('',#4584,#4592,#4594,.T.);
#4592 = VERTEX_POINT('',#4593);
#4593 = CARTESIAN_POINT('',(31.845260469999,-6.859829344318,0.));
#4594 = LINE('',#4595,#4596);
#4595 = CARTESIAN_POINT('',(31.758871644502,-7.362329094283,0.));
#4596 = VECTOR('',#4597,1.);
#4597 = DIRECTION('',(0.169432517755,0.985541791061,0.));
#4598 = ORIENTED_EDGE('',*,*,#4599,.T.);
#4599 = EDGE_CURVE('',#4592,#4600,#4602,.T.);
#4600 = VERTEX_POINT('',#4601);
#4601 = CARTESIAN_POINT('',(32.008329902842,-6.384051053368,0.));
#4602 = LINE('',#4603,#4604);
#4603 = CARTESIAN_POINT('',(31.845260469999,-6.859829344318,0.));
#4604 = VECTOR('',#4605,1.);
#4605 = DIRECTION('',(0.324227265974,0.94597921753,0.));
#4606 = ORIENTED_EDGE('',*,*,#4607,.T.);
#4607 = EDGE_CURVE('',#4600,#4608,#4610,.T.);
#4608 = VERTEX_POINT('',#4609);
#4609 = CARTESIAN_POINT('',(32.200875825087,-5.837416999953,0.));
#4610 = LINE('',#4611,#4612);
#4611 = CARTESIAN_POINT('',(32.008329902842,-6.384051053368,0.));
#4612 = VECTOR('',#4613,1.);
#4613 = DIRECTION('',(0.332231260898,0.943197958693,0.));
#4614 = ORIENTED_EDGE('',*,*,#4615,.T.);
#4615 = EDGE_CURVE('',#4608,#4616,#4618,.T.);
#4616 = VERTEX_POINT('',#4617);
#4617 = CARTESIAN_POINT('',(32.270095105062,-5.327298303361,0.));
#4618 = LINE('',#4619,#4620);
#4619 = CARTESIAN_POINT('',(32.200875825087,-5.837416999953,0.));
#4620 = VECTOR('',#4621,1.);
#4621 = DIRECTION('',(0.13446027195,0.990918985219,0.));
#4622 = ORIENTED_EDGE('',*,*,#4623,.T.);
#4623 = EDGE_CURVE('',#4616,#4624,#4626,.T.);
#4624 = VERTEX_POINT('',#4625);
#4625 = CARTESIAN_POINT('',(32.296712935501,-4.868509888398,0.));
#4626 = LINE('',#4627,#4628);
#4627 = CARTESIAN_POINT('',(32.270095105062,-5.327298303361,0.));
#4628 = VECTOR('',#4629,1.);
#4629 = DIRECTION('',(5.79202610424E-02,0.998321212517,0.));
#4630 = ORIENTED_EDGE('',*,*,#4631,.T.);
#4631 = EDGE_CURVE('',#4624,#4632,#4634,.T.);
#4632 = VERTEX_POINT('',#4633);
#4633 = CARTESIAN_POINT('',(32.374910376107,-4.35031288049,0.));
#4634 = LINE('',#4635,#4636);
#4635 = CARTESIAN_POINT('',(32.296712935501,-4.868509888398,0.));
#4636 = VECTOR('',#4637,1.);
#4637 = DIRECTION('',(0.14921355878,0.988804992846,0.));
#4638 = ORIENTED_EDGE('',*,*,#4639,.T.);
#4639 = EDGE_CURVE('',#4632,#4640,#4642,.T.);
#4640 = VERTEX_POINT('',#4641);
#4641 = CARTESIAN_POINT('',(32.488401715015,-3.858526309167,0.));
#4642 = LINE('',#4643,#4644);
#4643 = CARTESIAN_POINT('',(32.374910376107,-4.35031288049,0.));
#4644 = VECTOR('',#4645,1.);
#4645 = DIRECTION('',(0.224863513809,0.974390270968,0.));
#4646 = ORIENTED_EDGE('',*,*,#4647,.T.);
#4647 = EDGE_CURVE('',#4640,#4648,#4650,.T.);
#4648 = VERTEX_POINT('',#4649);
#4649 = CARTESIAN_POINT('',(32.620901240362,-3.47896920396,0.));
#4650 = LINE('',#4651,#4652);
#4651 = CARTESIAN_POINT('',(32.488401715015,-3.858526309167,0.));
#4652 = VECTOR('',#4653,1.);
#4653 = DIRECTION('',(0.329584779223,0.94412598381,0.));
#4654 = ORIENTED_EDGE('',*,*,#4655,.T.);
#4655 = EDGE_CURVE('',#4648,#4656,#4658,.T.);
#4656 = VERTEX_POINT('',#4657);
#4657 = CARTESIAN_POINT('',(32.703677084897,-3.167166735976,0.));
#4658 = LINE('',#4659,#4660);
#4659 = CARTESIAN_POINT('',(32.620901240362,-3.47896920396,0.));
#4660 = VECTOR('',#4661,1.);
#4661 = DIRECTION('',(0.256587430405,0.966521024374,0.));
#4662 = ORIENTED_EDGE('',*,*,#4663,.T.);
#4663 = EDGE_CURVE('',#4656,#4664,#4666,.T.);
#4664 = VERTEX_POINT('',#4665);
#4665 = CARTESIAN_POINT('',(32.78290060967,-2.667379333216,0.));
#4666 = LINE('',#4667,#4668);
#4667 = CARTESIAN_POINT('',(32.703677084897,-3.167166735976,0.));
#4668 = VECTOR('',#4669,1.);
#4669 = DIRECTION('',(0.156559726963,0.987668492913,0.));
#4670 = ORIENTED_EDGE('',*,*,#4671,.T.);
#4671 = EDGE_CURVE('',#4664,#4672,#4674,.T.);
#4672 = VERTEX_POINT('',#4673);
#4673 = CARTESIAN_POINT('',(32.853879064391,-1.692774003978,0.));
#4674 = LINE('',#4675,#4676);
#4675 = CARTESIAN_POINT('',(32.78290060967,-2.667379333216,0.));
#4676 = VECTOR('',#4677,1.);
#4677 = DIRECTION('',(7.263552402091E-02,0.997358551701,0.));
#4678 = ORIENTED_EDGE('',*,*,#4679,.T.);
#4679 = EDGE_CURVE('',#4672,#4680,#4682,.T.);
#4680 = VERTEX_POINT('',#4681);
#4681 = CARTESIAN_POINT('',(32.836794444547,-0.314571851793,0.));
#4682 = LINE('',#4683,#4684);
#4683 = CARTESIAN_POINT('',(32.853879064391,-1.692774003978,0.));
#4684 = VECTOR('',#4685,1.);
#4685 = DIRECTION('',(-1.239535672249E-02,0.999923174615,0.));
#4686 = ORIENTED_EDGE('',*,*,#4687,.T.);
#4687 = EDGE_CURVE('',#4680,#4688,#4690,.T.);
#4688 = VERTEX_POINT('',#4689);
#4689 = CARTESIAN_POINT('',(32.857283067525,0.157828481892,0.));
#4690 = LINE('',#4691,#4692);
#4691 = CARTESIAN_POINT('',(32.836794444547,-0.314571851793,0.));
#4692 = VECTOR('',#4693,1.);
#4693 = DIRECTION('',(4.333057872121E-02,0.999060789416,0.));
#4694 = ORIENTED_EDGE('',*,*,#4695,.T.);
#4695 = EDGE_CURVE('',#4688,#4696,#4698,.T.);
#4696 = VERTEX_POINT('',#4697);
#4697 = CARTESIAN_POINT('',(32.895109267544,0.38429113753,0.));
#4698 = LINE('',#4699,#4700);
#4699 = CARTESIAN_POINT('',(32.857283067525,0.157828481892,0.));
#4700 = VECTOR('',#4701,1.);
#4701 = DIRECTION('',(0.164748264475,0.98633564741,0.));
#4702 = ORIENTED_EDGE('',*,*,#4703,.T.);
#4703 = EDGE_CURVE('',#4696,#4704,#4706,.T.);
#4704 = VERTEX_POINT('',#4705);
#4705 = CARTESIAN_POINT('',(32.931259398658,0.730435665532,0.));
#4706 = LINE('',#4707,#4708);
#4707 = CARTESIAN_POINT('',(32.895109267544,0.38429113753,0.));
#4708 = VECTOR('',#4709,1.);
#4709 = DIRECTION('',(0.103871596582,0.994590715533,0.));
#4710 = ORIENTED_EDGE('',*,*,#4711,.T.);
#4711 = EDGE_CURVE('',#4704,#4712,#4714,.T.);
#4712 = VERTEX_POINT('',#4713);
#4713 = CARTESIAN_POINT('',(32.92665066413,1.372162345464,0.));
#4714 = LINE('',#4715,#4716);
#4715 = CARTESIAN_POINT('',(32.931259398658,0.730435665532,0.));
#4716 = VECTOR('',#4717,1.);
#4717 = DIRECTION('',(-7.181586527752E-03,0.999974212075,0.));
#4718 = ORIENTED_EDGE('',*,*,#4719,.T.);
#4719 = EDGE_CURVE('',#4712,#4720,#4722,.T.);
#4720 = VERTEX_POINT('',#4721);
#4721 = CARTESIAN_POINT('',(32.890504172687,2.018114298199,0.));
#4722 = LINE('',#4723,#4724);
#4723 = CARTESIAN_POINT('',(32.92665066413,1.372162345464,0.));
#4724 = VECTOR('',#4725,1.);
#4725 = DIRECTION('',(-5.587107549372E-02,0.998437991526,0.));
#4726 = ORIENTED_EDGE('',*,*,#4727,.T.);
#4727 = EDGE_CURVE('',#4720,#4728,#4730,.T.);
#4728 = VERTEX_POINT('',#4729);
#4729 = CARTESIAN_POINT('',(32.83204103306,2.376934644612,0.));
#4730 = LINE('',#4731,#4732);
#4731 = CARTESIAN_POINT('',(32.890504172687,2.018114298199,0.));
#4732 = VECTOR('',#4733,1.);
#4733 = DIRECTION('',(-0.16081098896,0.986985220674,0.));
#4734 = ORIENTED_EDGE('',*,*,#4735,.T.);
#4735 = EDGE_CURVE('',#4728,#4736,#4738,.T.);
#4736 = VERTEX_POINT('',#4737);
#4737 = CARTESIAN_POINT('',(32.716212114881,2.941063158275,0.));
#4738 = LINE('',#4739,#4740);
#4739 = CARTESIAN_POINT('',(32.83204103306,2.376934644612,0.));
#4740 = VECTOR('',#4741,1.);
#4741 = DIRECTION('',(-0.201127848442,0.979564999671,0.));
#4742 = ORIENTED_EDGE('',*,*,#4743,.T.);
#4743 = EDGE_CURVE('',#4736,#4744,#4746,.T.);
#4744 = VERTEX_POINT('',#4745);
#4745 = CARTESIAN_POINT('',(32.598616742612,3.779314930549,0.));
#4746 = LINE('',#4747,#4748);
#4747 = CARTESIAN_POINT('',(32.716212114881,2.941063158275,0.));
#4748 = VECTOR('',#4749,1.);
#4749 = DIRECTION('',(-0.138926066222,0.990302755789,0.));
#4750 = ORIENTED_EDGE('',*,*,#4751,.T.);
#4751 = EDGE_CURVE('',#4744,#4752,#4754,.T.);
#4752 = VERTEX_POINT('',#4753);
#4753 = CARTESIAN_POINT('',(32.575499973225,4.06093581498,0.));
#4754 = LINE('',#4755,#4756);
#4755 = CARTESIAN_POINT('',(32.598616742612,3.779314930549,0.));
#4756 = VECTOR('',#4757,1.);
#4757 = DIRECTION('',(-8.180956307067E-02,0.996647979675,0.));
#4758 = ORIENTED_EDGE('',*,*,#4759,.T.);
#4759 = EDGE_CURVE('',#4752,#4760,#4762,.T.);
#4760 = VERTEX_POINT('',#4761);
#4761 = CARTESIAN_POINT('',(32.600383196702,4.209928794113,0.));
#4762 = LINE('',#4763,#4764);
#4763 = CARTESIAN_POINT('',(32.575499973225,4.06093581498,0.));
#4764 = VECTOR('',#4765,1.);
#4765 = DIRECTION('',(0.164727863472,0.986339054786,0.));
#4766 = ORIENTED_EDGE('',*,*,#4767,.T.);
#4767 = EDGE_CURVE('',#4760,#4768,#4770,.T.);
#4768 = VERTEX_POINT('',#4769);
#4769 = CARTESIAN_POINT('',(32.613621896585,4.393339383038,0.));
#4770 = LINE('',#4771,#4772);
#4771 = CARTESIAN_POINT('',(32.600383196702,4.209928794113,0.));
#4772 = VECTOR('',#4773,1.);
#4773 = DIRECTION('',(7.199337287546E-02,0.997405110405,0.));
#4774 = ORIENTED_EDGE('',*,*,#4775,.T.);
#4775 = EDGE_CURVE('',#4768,#4776,#4778,.T.);
#4776 = VERTEX_POINT('',#4777);
#4777 = CARTESIAN_POINT('',(32.556745957207,4.774057307777,0.));
#4778 = LINE('',#4779,#4780);
#4779 = CARTESIAN_POINT('',(32.613621896585,4.393339383038,0.));
#4780 = VECTOR('',#4781,1.);
#4781 = DIRECTION('',(-0.147751638706,0.989024495783,0.));
#4782 = ORIENTED_EDGE('',*,*,#4783,.T.);
#4783 = EDGE_CURVE('',#4776,#4784,#4786,.T.);
#4784 = VERTEX_POINT('',#4785);
#4785 = CARTESIAN_POINT('',(32.42257309271,5.4879530479,0.));
#4786 = LINE('',#4787,#4788);
#4787 = CARTESIAN_POINT('',(32.556745957207,4.774057307777,0.));
#4788 = VECTOR('',#4789,1.);
#4789 = DIRECTION('',(-0.18471064818,0.982792946886,0.));
#4790 = ORIENTED_EDGE('',*,*,#4791,.T.);
#4791 = EDGE_CURVE('',#4784,#4792,#4794,.T.);
#4792 = VERTEX_POINT('',#4793);
#4793 = CARTESIAN_POINT('',(32.375627088163,5.645635078316,0.));
#4794 = LINE('',#4795,#4796);
#4795 = CARTESIAN_POINT('',(32.42257309271,5.4879530479,0.));
#4796 = VECTOR('',#4797,1.);
#4797 = DIRECTION('',(-0.28534755929,0.958424107797,0.));
#4798 = ORIENTED_EDGE('',*,*,#4799,.T.);
#4799 = EDGE_CURVE('',#4792,#4800,#4802,.T.);
#4800 = VERTEX_POINT('',#4801);
#4801 = CARTESIAN_POINT('',(32.341733136573,5.669517458137,0.));
#4802 = LINE('',#4803,#4804);
#4803 = CARTESIAN_POINT('',(32.375627088163,5.645635078316,0.));
#4804 = VECTOR('',#4805,1.);
#4805 = DIRECTION('',(-0.817453472226,0.575994636038,0.));
#4806 = ORIENTED_EDGE('',*,*,#4807,.T.);
#4807 = EDGE_CURVE('',#4800,#4808,#4810,.T.);
#4808 = VERTEX_POINT('',#4809);
#4809 = CARTESIAN_POINT('',(32.298127857947,5.654822096363,0.));
#4810 = LINE('',#4811,#4812);
#4811 = CARTESIAN_POINT('',(32.341733136573,5.669517458137,0.));
#4812 = VECTOR('',#4813,1.);
#4813 = DIRECTION('',(-0.947633226407,-0.319360718012,0.));
#4814 = ORIENTED_EDGE('',*,*,#4815,.T.);
#4815 = EDGE_CURVE('',#4808,#4816,#4818,.T.);
#4816 = VERTEX_POINT('',#4817);
#4817 = CARTESIAN_POINT('',(32.173491237104,5.50388219402,0.));
#4818 = LINE('',#4819,#4820);
#4819 = CARTESIAN_POINT('',(32.298127857947,5.654822096363,0.));
#4820 = VECTOR('',#4821,1.);
#4821 = DIRECTION('',(-0.636720914106,-0.77109433764,0.));
#4822 = ORIENTED_EDGE('',*,*,#4823,.T.);
#4823 = EDGE_CURVE('',#4816,#4824,#4826,.T.);
#4824 = VERTEX_POINT('',#4825);
#4825 = CARTESIAN_POINT('',(31.985133060673,5.181183463268,0.));
#4826 = LINE('',#4827,#4828);
#4827 = CARTESIAN_POINT('',(32.173491237104,5.50388219402,0.));
#4828 = VECTOR('',#4829,1.);
#4829 = DIRECTION('',(-0.504105136045,-0.8636422939,0.));
#4830 = ORIENTED_EDGE('',*,*,#4831,.T.);
#4831 = EDGE_CURVE('',#4824,#4832,#4834,.T.);
#4832 = VERTEX_POINT('',#4833);
#4833 = CARTESIAN_POINT('',(31.71200237637,4.749784323213,0.));
#4834 = LINE('',#4835,#4836);
#4835 = CARTESIAN_POINT('',(31.985133060673,5.181183463268,0.));
#4836 = VECTOR('',#4837,1.);
#4837 = DIRECTION('',(-0.534927989157,-0.844897654404,0.));
#4838 = ORIENTED_EDGE('',*,*,#4839,.T.);
#4839 = EDGE_CURVE('',#4832,#4840,#4842,.T.);
#4840 = VERTEX_POINT('',#4841);
#4841 = CARTESIAN_POINT('',(31.426642394521,4.391018846891,0.));
#4842 = LINE('',#4843,#4844);
#4843 = CARTESIAN_POINT('',(31.71200237637,4.749784323213,0.));
#4844 = VECTOR('',#4845,1.);
#4845 = DIRECTION('',(-0.622494643818,-0.782624059442,0.));
#4846 = ORIENTED_EDGE('',*,*,#4847,.T.);
#4847 = EDGE_CURVE('',#4840,#4848,#4850,.T.);
#4848 = VERTEX_POINT('',#4849);
#4849 = CARTESIAN_POINT('',(30.54824883385,3.26877933155,0.));
#4850 = LINE('',#4851,#4852);
#4851 = CARTESIAN_POINT('',(31.426642394521,4.391018846891,0.));
#4852 = VECTOR('',#4853,1.);
#4853 = DIRECTION('',(-0.616360113204,-0.787464418784,0.));
#4854 = ORIENTED_EDGE('',*,*,#4855,.T.);
#4855 = EDGE_CURVE('',#4848,#4856,#4858,.T.);
#4856 = VERTEX_POINT('',#4857);
#4857 = CARTESIAN_POINT('',(29.269549600197,1.494142695646,0.));
#4858 = LINE('',#4859,#4860);
#4859 = CARTESIAN_POINT('',(30.54824883385,3.26877933155,0.));
#4860 = VECTOR('',#4861,1.);
#4861 = DIRECTION('',(-0.584593995067,-0.811325989311,0.));
#4862 = ORIENTED_EDGE('',*,*,#4863,.T.);
#4863 = EDGE_CURVE('',#4856,#4864,#4866,.T.);
#4864 = VERTEX_POINT('',#4865);
#4865 = CARTESIAN_POINT('',(28.526299483194,0.394067388674,0.));
#4866 = LINE('',#4867,#4868);
#4867 = CARTESIAN_POINT('',(29.269549600197,1.494142695646,0.));
#4868 = VECTOR('',#4869,1.);
#4869 = DIRECTION('',(-0.559834652347,-0.828604345892,0.));
#4870 = ORIENTED_EDGE('',*,*,#4871,.T.);
#4871 = EDGE_CURVE('',#4864,#4872,#4874,.T.);
#4872 = VERTEX_POINT('',#4873);
#4873 = CARTESIAN_POINT('',(28.162460896086,-0.170930223128,0.));
#4874 = LINE('',#4875,#4876);
#4875 = CARTESIAN_POINT('',(28.526299483194,0.394067388674,0.));
#4876 = VECTOR('',#4877,1.);
#4877 = DIRECTION('',(-0.541416386739,-0.840754599256,0.));
#4878 = ORIENTED_EDGE('',*,*,#4879,.T.);
#4879 = EDGE_CURVE('',#4872,#4880,#4882,.T.);
#4880 = VERTEX_POINT('',#4881);
#4881 = CARTESIAN_POINT('',(27.74063505645,-0.665702940657,0.));
#4882 = LINE('',#4883,#4884);
#4883 = CARTESIAN_POINT('',(28.162460896086,-0.170930223128,0.));
#4884 = VECTOR('',#4885,1.);
#4885 = DIRECTION('',(-0.648780827803,-0.760975319886,0.));
#4886 = ORIENTED_EDGE('',*,*,#4887,.T.);
#4887 = EDGE_CURVE('',#4880,#4888,#4890,.T.);
#4888 = VERTEX_POINT('',#4889);
#4889 = CARTESIAN_POINT('',(27.560292347436,-0.851537739873,0.));
#4890 = LINE('',#4891,#4892);
#4891 = CARTESIAN_POINT('',(27.74063505645,-0.665702940657,0.));
#4892 = VECTOR('',#4893,1.);
#4893 = DIRECTION('',(-0.696422957995,-0.717631565343,0.));
#4894 = ORIENTED_EDGE('',*,*,#4895,.T.);
#4895 = EDGE_CURVE('',#4888,#4896,#4898,.T.);
#4896 = VERTEX_POINT('',#4897);
#4897 = CARTESIAN_POINT('',(27.36437548241,-1.141929015673,0.));
#4898 = LINE('',#4899,#4900);
#4899 = CARTESIAN_POINT('',(27.560292347436,-0.851537739873,0.));
#4900 = VECTOR('',#4901,1.);
#4901 = DIRECTION('',(-0.559282126451,-0.828977383909,0.));
#4902 = ORIENTED_EDGE('',*,*,#4903,.T.);
#4903 = EDGE_CURVE('',#4896,#4904,#4906,.T.);
#4904 = VERTEX_POINT('',#4905);
#4905 = CARTESIAN_POINT('',(27.214092823523,-1.433915108616,0.));
#4906 = LINE('',#4907,#4908);
#4907 = CARTESIAN_POINT('',(27.36437548241,-1.141929015673,0.));
#4908 = VECTOR('',#4909,1.);
#4909 = DIRECTION('',(-0.457633078327,-0.889141139314,0.));
#4910 = ORIENTED_EDGE('',*,*,#4911,.T.);
#4911 = EDGE_CURVE('',#4904,#4912,#4914,.T.);
#4912 = VERTEX_POINT('',#4913);
#4913 = CARTESIAN_POINT('',(27.170652732922,-1.62453435926,0.));
#4914 = LINE('',#4915,#4916);
#4915 = CARTESIAN_POINT('',(27.214092823523,-1.433915108616,0.));
#4916 = VECTOR('',#4917,1.);
#4917 = DIRECTION('',(-0.222192713712,-0.975002768188,0.));
#4918 = ORIENTED_EDGE('',*,*,#4919,.T.);
#4919 = EDGE_CURVE('',#4912,#4920,#4922,.T.);
#4920 = VERTEX_POINT('',#4921);
#4921 = CARTESIAN_POINT('',(27.171560224446,-1.744262554114,0.));
#4922 = LINE('',#4923,#4924);
#4923 = CARTESIAN_POINT('',(27.170652732922,-1.62453435926,0.));
#4924 = VECTOR('',#4925,1.);
#4925 = DIRECTION('',(7.57937976594E-03,-0.999971276089,0.));
#4926 = ORIENTED_EDGE('',*,*,#4927,.T.);
#4927 = EDGE_CURVE('',#4920,#4928,#4930,.T.);
#4928 = VERTEX_POINT('',#4929);
#4929 = CARTESIAN_POINT('',(27.113272092376,-1.849776362151,0.));
#4930 = LINE('',#4931,#4932);
#4931 = CARTESIAN_POINT('',(27.171560224446,-1.744262554114,0.));
#4932 = VECTOR('',#4933,1.);
#4933 = DIRECTION('',(-0.483545468426,-0.875319244598,0.));
#4934 = ORIENTED_EDGE('',*,*,#4935,.T.);
#4935 = EDGE_CURVE('',#4928,#4936,#4938,.T.);
#4936 = VERTEX_POINT('',#4937);
#4937 = CARTESIAN_POINT('',(27.041165339369,-2.007286061877,0.));
#4938 = LINE('',#4939,#4940);
#4939 = CARTESIAN_POINT('',(27.113272092376,-1.849776362151,0.));
#4940 = VECTOR('',#4941,1.);
#4941 = DIRECTION('',(-0.416248254931,-0.909251005095,0.));
#4942 = ORIENTED_EDGE('',*,*,#4943,.T.);
#4943 = EDGE_CURVE('',#4936,#4944,#4946,.T.);
#4944 = VERTEX_POINT('',#4945);
#4945 = CARTESIAN_POINT('',(27.060006707512,-2.271919827612,0.));
#4946 = LINE('',#4947,#4948);
#4947 = CARTESIAN_POINT('',(27.041165339369,-2.007286061877,0.));
#4948 = VECTOR('',#4949,1.);
#4949 = DIRECTION('',(7.101812616162E-02,-0.997475025129,0.));
#4950 = ORIENTED_EDGE('',*,*,#4951,.T.);
#4951 = EDGE_CURVE('',#4944,#4952,#4954,.T.);
#4952 = VERTEX_POINT('',#4953);
#4953 = CARTESIAN_POINT('',(27.127476518533,-2.316728288723,0.));
#4954 = LINE('',#4955,#4956);
#4955 = CARTESIAN_POINT('',(27.060006707512,-2.271919827612,0.));
#4956 = VECTOR('',#4957,1.);
#4957 = DIRECTION('',(0.833025792401,-0.553234154039,0.));
#4958 = ORIENTED_EDGE('',*,*,#4959,.T.);
#4959 = EDGE_CURVE('',#4952,#4960,#4962,.T.);
#4960 = VERTEX_POINT('',#4961);
#4961 = CARTESIAN_POINT('',(27.25728662966,-2.305468339265,0.));
#4962 = LINE('',#4963,#4964);
#4963 = CARTESIAN_POINT('',(27.127476518533,-2.316728288723,0.));
#4964 = VECTOR('',#4965,1.);
#4965 = DIRECTION('',(0.996259036327,8.641720046505E-02,0.));
#4966 = ORIENTED_EDGE('',*,*,#4967,.T.);
#4967 = EDGE_CURVE('',#4960,#4968,#4970,.T.);
#4968 = VERTEX_POINT('',#4969);
#4969 = CARTESIAN_POINT('',(27.383515303648,-2.254228772511,0.));
#4970 = LINE('',#4971,#4972);
#4971 = CARTESIAN_POINT('',(27.25728662966,-2.305468339265,0.));
#4972 = VECTOR('',#4973,1.);
#4973 = DIRECTION('',(0.926571055487,0.376119767006,0.));
#4974 = ORIENTED_EDGE('',*,*,#4975,.T.);
#4975 = EDGE_CURVE('',#4968,#4976,#4978,.T.);
#4976 = VERTEX_POINT('',#4977);
#4977 = CARTESIAN_POINT('',(27.440240803254,-2.179098381733,0.));
#4978 = LINE('',#4979,#4980);
#4979 = CARTESIAN_POINT('',(27.383515303648,-2.254228772511,0.));
#4980 = VECTOR('',#4981,1.);
#4981 = DIRECTION('',(0.602564701106,0.798070035135,0.));
#4982 = ORIENTED_EDGE('',*,*,#4983,.T.);
#4983 = EDGE_CURVE('',#4976,#4984,#4986,.T.);
#4984 = VERTEX_POINT('',#4985);
#4985 = CARTESIAN_POINT('',(27.453049415242,-2.100942966944,0.));
#4986 = LINE('',#4987,#4988);
#4987 = CARTESIAN_POINT('',(27.440240803254,-2.179098381733,0.));
#4988 = VECTOR('',#4989,1.);
#4989 = DIRECTION('',(0.161728902994,0.986835225322,0.));
#4990 = ORIENTED_EDGE('',*,*,#4991,.T.);
#4991 = EDGE_CURVE('',#4984,#4992,#4994,.T.);
#4992 = VERTEX_POINT('',#4993);
#4993 = CARTESIAN_POINT('',(27.481694239616,-2.109486708989,0.));
#4994 = LINE('',#4995,#4996);
#4995 = CARTESIAN_POINT('',(27.453049415242,-2.100942966944,0.));
#4996 = VECTOR('',#4997,1.);
#4997 = DIRECTION('',(0.958282732155,-0.285821981754,0.));
#4998 = ORIENTED_EDGE('',*,*,#4999,.T.);
#4999 = EDGE_CURVE('',#4992,#5000,#5002,.T.);
#5000 = VERTEX_POINT('',#5001);
#5001 = CARTESIAN_POINT('',(27.527806455995,-2.303383827232,0.));
#5002 = LINE('',#5003,#5004);
#5003 = CARTESIAN_POINT('',(27.481694239616,-2.109486708989,0.));
#5004 = VECTOR('',#5005,1.);
#5005 = DIRECTION('',(0.231365232978,-0.972866963654,0.));
#5006 = ORIENTED_EDGE('',*,*,#5007,.T.);
#5007 = EDGE_CURVE('',#5000,#5008,#5010,.T.);
#5008 = VERTEX_POINT('',#5009);
#5009 = CARTESIAN_POINT('',(27.508384711839,-2.360284078044,0.));
#5010 = LINE('',#5011,#5012);
#5011 = CARTESIAN_POINT('',(27.527806455995,-2.303383827232,0.));
#5012 = VECTOR('',#5013,1.);
#5013 = DIRECTION('',(-0.323030498544,-0.946388554987,0.));
#5014 = ORIENTED_EDGE('',*,*,#5015,.T.);
#5015 = EDGE_CURVE('',#5008,#5016,#5018,.T.);
#5016 = VERTEX_POINT('',#5017);
#5017 = CARTESIAN_POINT('',(27.451759151557,-2.40416253935,0.));
#5018 = LINE('',#5019,#5020);
#5019 = CARTESIAN_POINT('',(27.508384711839,-2.360284078044,0.));
#5020 = VECTOR('',#5021,1.);
#5021 = DIRECTION('',(-0.790457955373,-0.612516302467,0.));
#5022 = ORIENTED_EDGE('',*,*,#5023,.T.);
#5023 = EDGE_CURVE('',#5016,#5024,#5026,.T.);
#5024 = VERTEX_POINT('',#5025);
#5025 = CARTESIAN_POINT('',(27.262940253326,-2.450126856869,0.));
#5026 = LINE('',#5027,#5028);
#5027 = CARTESIAN_POINT('',(27.451759151557,-2.40416253935,0.));
#5028 = VECTOR('',#5029,1.);
#5029 = DIRECTION('',(-0.971625757932,-0.236523543276,0.));
#5030 = ORIENTED_EDGE('',*,*,#5031,.T.);
#5031 = EDGE_CURVE('',#5024,#5032,#5034,.T.);
#5032 = VERTEX_POINT('',#5033);
#5033 = CARTESIAN_POINT('',(27.033437102726,-2.435822306635,0.));
#5034 = LINE('',#5035,#5036);
#5035 = CARTESIAN_POINT('',(27.262940253326,-2.450126856869,0.));
#5036 = VECTOR('',#5037,1.);
#5037 = DIRECTION('',(-0.998063230243,6.220762362687E-02,0.));
#5038 = ORIENTED_EDGE('',*,*,#5039,.T.);
#5039 = EDGE_CURVE('',#5032,#5040,#5042,.T.);
#5040 = VERTEX_POINT('',#5041);
#5041 = CARTESIAN_POINT('',(26.83533704118,-2.355794415495,0.));
#5042 = LINE('',#5043,#5044);
#5043 = CARTESIAN_POINT('',(27.033437102726,-2.435822306635,0.));
#5044 = VECTOR('',#5045,1.);
#5045 = DIRECTION('',(-0.927199669898,0.374567446717,0.));
#5046 = ORIENTED_EDGE('',*,*,#5047,.T.);
#5047 = EDGE_CURVE('',#5040,#5048,#5050,.T.);
#5048 = VERTEX_POINT('',#5049);
#5049 = CARTESIAN_POINT('',(26.735139300538,-2.355307477896,0.));
#5050 = LINE('',#5051,#5052);
#5051 = CARTESIAN_POINT('',(26.83533704118,-2.355794415495,0.));
#5052 = VECTOR('',#5053,1.);
#5053 = DIRECTION('',(-0.999988191545,4.859708873503E-03,0.));
#5054 = ORIENTED_EDGE('',*,*,#5055,.T.);
#5055 = EDGE_CURVE('',#5048,#5056,#5058,.T.);
#5056 = VERTEX_POINT('',#5057);
#5057 = CARTESIAN_POINT('',(26.585383787462,-2.45889063074,0.));
#5058 = LINE('',#5059,#5060);
#5059 = CARTESIAN_POINT('',(26.735139300538,-2.355307477896,0.));
#5060 = VECTOR('',#5061,1.);
#5061 = DIRECTION('',(-0.822433048808,-0.568861916662,0.));
#5062 = ORIENTED_EDGE('',*,*,#5063,.T.);
#5063 = EDGE_CURVE('',#5056,#5064,#5066,.T.);
#5064 = VERTEX_POINT('',#5065);
#5065 = CARTESIAN_POINT('',(26.152806357068,-2.964357225874,0.));
#5066 = LINE('',#5067,#5068);
#5067 = CARTESIAN_POINT('',(26.585383787462,-2.45889063074,0.));
#5068 = VECTOR('',#5069,1.);
#5069 = DIRECTION('',(-0.650202269177,-0.759761152703,0.));
#5070 = ORIENTED_EDGE('',*,*,#5071,.T.);
#5071 = EDGE_CURVE('',#5064,#5072,#5074,.T.);
#5072 = VERTEX_POINT('',#5073);
#5073 = CARTESIAN_POINT('',(25.793827945155,-3.3866595113,0.));
#5074 = LINE('',#5075,#5076);
#5075 = CARTESIAN_POINT('',(26.152806357068,-2.964357225874,0.));
#5076 = VECTOR('',#5077,1.);
#5077 = DIRECTION('',(-0.647670907498,-0.761920202896,0.));
#5078 = ORIENTED_EDGE('',*,*,#5079,.T.);
#5079 = EDGE_CURVE('',#5072,#5080,#5082,.T.);
#5080 = VERTEX_POINT('',#5081);
#5081 = CARTESIAN_POINT('',(25.569041809322,-3.715699184278,0.));
#5082 = LINE('',#5083,#5084);
#5083 = CARTESIAN_POINT('',(25.793827945155,-3.3866595113,0.));
#5084 = VECTOR('',#5085,1.);
#5085 = DIRECTION('',(-0.564091896683,-0.825712015231,0.));
#5086 = ORIENTED_EDGE('',*,*,#5087,.T.);
#5087 = EDGE_CURVE('',#5080,#5088,#5090,.T.);
#5088 = VERTEX_POINT('',#5089);
#5089 = CARTESIAN_POINT('',(25.112093135963,-4.43771238925,0.));
#5090 = LINE('',#5091,#5092);
#5091 = CARTESIAN_POINT('',(25.569041809322,-3.715699184278,0.));
#5092 = VECTOR('',#5093,1.);
#5093 = DIRECTION('',(-0.534779452657,-0.844991678666,0.));
#5094 = ORIENTED_EDGE('',*,*,#5095,.T.);
#5095 = EDGE_CURVE('',#5088,#5096,#5098,.T.);
#5096 = VERTEX_POINT('',#5097);
#5097 = CARTESIAN_POINT('',(24.771866313619,-4.966706397449,0.));
#5098 = LINE('',#5099,#5100);
#5099 = CARTESIAN_POINT('',(25.112093135963,-4.43771238925,0.));
#5100 = VECTOR('',#5101,1.);
#5101 = DIRECTION('',(-0.540936731102,-0.841063287122,0.));
#5102 = ORIENTED_EDGE('',*,*,#5103,.T.);
#5103 = EDGE_CURVE('',#5096,#5104,#5106,.T.);
#5104 = VERTEX_POINT('',#5105);
#5105 = CARTESIAN_POINT('',(24.709807481473,-5.021163998586,0.));
#5106 = LINE('',#5107,#5108);
#5107 = CARTESIAN_POINT('',(24.771866313619,-4.966706397449,0.));
#5108 = VECTOR('',#5109,1.);
#5109 = DIRECTION('',(-0.751638840938,-0.659574903096,0.));
#5110 = ORIENTED_EDGE('',*,*,#5111,.T.);
#5111 = EDGE_CURVE('',#5104,#5112,#5114,.T.);
#5112 = VERTEX_POINT('',#5113);
#5113 = CARTESIAN_POINT('',(24.66598097904,-5.042092940566,0.));
#5114 = LINE('',#5115,#5116);
#5115 = CARTESIAN_POINT('',(24.709807481473,-5.021163998586,0.));
#5116 = VECTOR('',#5117,1.);
#5117 = DIRECTION('',(-0.90238698999,-0.430926583418,0.));
#5118 = ORIENTED_EDGE('',*,*,#5119,.T.);
#5119 = EDGE_CURVE('',#5112,#5120,#5122,.T.);
#5120 = VERTEX_POINT('',#5121);
#5121 = CARTESIAN_POINT('',(24.647748649326,-5.092403575965,0.));
#5122 = LINE('',#5123,#5124);
#5123 = CARTESIAN_POINT('',(24.66598097904,-5.042092940566,0.));
#5124 = VECTOR('',#5125,1.);
#5125 = DIRECTION('',(-0.34071218561,-0.940167648123,0.));
#5126 = ORIENTED_EDGE('',*,*,#5127,.T.);
#5127 = EDGE_CURVE('',#5120,#5128,#5130,.T.);
#5128 = VERTEX_POINT('',#5129);
#5129 = CARTESIAN_POINT('',(24.599547261283,-5.175616413997,0.));
#5130 = LINE('',#5131,#5132);
#5131 = CARTESIAN_POINT('',(24.647748649326,-5.092403575965,0.));
#5132 = VECTOR('',#5133,1.);
#5133 = DIRECTION('',(-0.501235126986,-0.865311127558,0.));
#5134 = ORIENTED_EDGE('',*,*,#5135,.T.);
#5135 = EDGE_CURVE('',#5128,#5136,#5138,.T.);
#5136 = VERTEX_POINT('',#5137);
#5137 = CARTESIAN_POINT('',(24.483662534802,-5.275664168258,0.));
#5138 = LINE('',#5139,#5140);
#5139 = CARTESIAN_POINT('',(24.599547261283,-5.175616413997,0.));
#5140 = VECTOR('',#5141,1.);
#5141 = DIRECTION('',(-0.756934500788,-0.653490750903,0.));
#5142 = ORIENTED_EDGE('',*,*,#5143,.T.);
#5143 = EDGE_CURVE('',#5136,#5144,#5146,.T.);
#5144 = VERTEX_POINT('',#5145);
#5145 = CARTESIAN_POINT('',(24.234978616655,-5.530218656563,0.));
#5146 = LINE('',#5147,#5148);
#5147 = CARTESIAN_POINT('',(24.483662534802,-5.275664168258,0.));
#5148 = VECTOR('',#5149,1.);
#5149 = DIRECTION('',(-0.698810419782,-0.715306925175,0.));
#5150 = ORIENTED_EDGE('',*,*,#5151,.T.);
#5151 = EDGE_CURVE('',#5144,#5152,#5154,.T.);
#5152 = VERTEX_POINT('',#5153);
#5153 = CARTESIAN_POINT('',(23.899730562149,-5.959761312554,0.));
#5154 = LINE('',#5155,#5156);
#5155 = CARTESIAN_POINT('',(24.234978616655,-5.530218656563,0.));
#5156 = VECTOR('',#5157,1.);
#5157 = DIRECTION('',(-0.615265437802,-0.788320011827,0.));
#5158 = ORIENTED_EDGE('',*,*,#5159,.T.);
#5159 = EDGE_CURVE('',#5152,#5160,#5162,.T.);
#5160 = VERTEX_POINT('',#5161);
#5161 = CARTESIAN_POINT('',(23.595780046212,-6.403303286661,0.));
#5162 = LINE('',#5163,#5164);
#5163 = CARTESIAN_POINT('',(23.899730562149,-5.959761312554,0.));
#5164 = VECTOR('',#5165,1.);
#5165 = DIRECTION('',(-0.565284754689,-0.824895839555,0.));
#5166 = ORIENTED_EDGE('',*,*,#5167,.T.);
#5167 = EDGE_CURVE('',#5160,#5168,#5170,.T.);
#5168 = VERTEX_POINT('',#5169);
#5169 = CARTESIAN_POINT('',(23.440988743773,-6.69985572931,0.));
#5170 = LINE('',#5171,#5172);
#5171 = CARTESIAN_POINT('',(23.595780046212,-6.403303286661,0.));
#5172 = VECTOR('',#5173,1.);
#5173 = DIRECTION('',(-0.462726459713,-0.886501113074,0.));
#5174 = ORIENTED_EDGE('',*,*,#5175,.T.);
#5175 = EDGE_CURVE('',#5168,#5176,#5178,.T.);
#5176 = VERTEX_POINT('',#5177);
#5177 = CARTESIAN_POINT('',(23.3077233708,-6.93138214996,0.));
#5178 = LINE('',#5179,#5180);
#5179 = CARTESIAN_POINT('',(23.440988743773,-6.69985572931,0.));
#5180 = VECTOR('',#5181,1.);
#5181 = DIRECTION('',(-0.498858402259,-0.866683503071,0.));
#5182 = ORIENTED_EDGE('',*,*,#5183,.T.);
#5183 = EDGE_CURVE('',#5176,#5184,#5186,.T.);
#5184 = VERTEX_POINT('',#5185);
#5185 = CARTESIAN_POINT('',(23.040954832958,-7.238255408736,0.));
#5186 = LINE('',#5187,#5188);
#5187 = CARTESIAN_POINT('',(23.3077233708,-6.93138214996,0.));
#5188 = VECTOR('',#5189,1.);
#5189 = DIRECTION('',(-0.656069792364,-0.75470022363,0.));
#5190 = ORIENTED_EDGE('',*,*,#5191,.T.);
#5191 = EDGE_CURVE('',#5184,#5192,#5194,.T.);
#5192 = VERTEX_POINT('',#5193);
#5193 = CARTESIAN_POINT('',(22.718872988202,-7.597261320836,0.));
#5194 = LINE('',#5195,#5196);
#5195 = CARTESIAN_POINT('',(23.040954832958,-7.238255408736,0.));
#5196 = VECTOR('',#5197,1.);
#5197 = DIRECTION('',(-0.667791504927,-0.744348376734,0.));
#5198 = ORIENTED_EDGE('',*,*,#5199,.T.);
#5199 = EDGE_CURVE('',#5192,#5200,#5202,.T.);
#5200 = VERTEX_POINT('',#5201);
#5201 = CARTESIAN_POINT('',(22.444805694999,-7.958503947436,0.));
#5202 = LINE('',#5203,#5204);
#5203 = CARTESIAN_POINT('',(22.718872988202,-7.597261320836,0.));
#5204 = VECTOR('',#5205,1.);
#5205 = DIRECTION('',(-0.604416103993,-0.796668797703,0.));
#5206 = ORIENTED_EDGE('',*,*,#5207,.T.);
#5207 = EDGE_CURVE('',#5200,#5208,#5210,.T.);
#5208 = VERTEX_POINT('',#5209);
#5209 = CARTESIAN_POINT('',(21.905978962837,-8.727792561821,0.));
#5210 = LINE('',#5211,#5212);
#5211 = CARTESIAN_POINT('',(22.444805694999,-7.958503947436,0.));
#5212 = VECTOR('',#5213,1.);
#5213 = DIRECTION('',(-0.573694343945,-0.819069471855,0.));
#5214 = ORIENTED_EDGE('',*,*,#5215,.T.);
#5215 = EDGE_CURVE('',#5208,#5216,#5218,.T.);
#5216 = VERTEX_POINT('',#5217);
#5217 = CARTESIAN_POINT('',(21.694574687314,-9.05288599985,0.));
#5218 = LINE('',#5219,#5220);
#5219 = CARTESIAN_POINT('',(21.905978962837,-8.727792561821,0.));
#5220 = VECTOR('',#5221,1.);
#5221 = DIRECTION('',(-0.545157912712,-0.838333376532,0.));
#5222 = ORIENTED_EDGE('',*,*,#5223,.T.);
#5223 = EDGE_CURVE('',#5216,#5224,#5226,.T.);
#5224 = VERTEX_POINT('',#5225);
#5225 = CARTESIAN_POINT('',(21.606089410809,-9.263721708466,0.));
#5226 = LINE('',#5227,#5228);
#5227 = CARTESIAN_POINT('',(21.694574687314,-9.05288599985,0.));
#5228 = VECTOR('',#5229,1.);
#5229 = DIRECTION('',(-0.386988140898,-0.922084691774,0.));
#5230 = ORIENTED_EDGE('',*,*,#5231,.T.);
#5231 = EDGE_CURVE('',#5224,#5232,#5234,.T.);
#5232 = VERTEX_POINT('',#5233);
#5233 = CARTESIAN_POINT('',(21.55768420114,-9.451254998968,0.));
#5234 = LINE('',#5235,#5236);
#5235 = CARTESIAN_POINT('',(21.606089410809,-9.263721708466,0.));
#5236 = VECTOR('',#5237,1.);
#5237 = DIRECTION('',(-0.249924111689,-0.968265427657,0.));
#5238 = ORIENTED_EDGE('',*,*,#5239,.T.);
#5239 = EDGE_CURVE('',#5232,#5240,#5242,.T.);
#5240 = VERTEX_POINT('',#5241);
#5241 = CARTESIAN_POINT('',(21.385690292826,-9.578661697936,0.));
#5242 = LINE('',#5243,#5244);
#5243 = CARTESIAN_POINT('',(21.55768420114,-9.451254998968,0.));
#5244 = VECTOR('',#5245,1.);
#5245 = DIRECTION('',(-0.80354869304,-0.595239025866,0.));
#5246 = ORIENTED_EDGE('',*,*,#5247,.T.);
#5247 = EDGE_CURVE('',#5240,#5248,#5250,.T.);
#5248 = VERTEX_POINT('',#5249);
#5249 = CARTESIAN_POINT('',(21.151279651296,-9.817435933837,0.));
#5250 = LINE('',#5251,#5252);
#5251 = CARTESIAN_POINT('',(21.385690292826,-9.578661697936,0.));
#5252 = VECTOR('',#5253,1.);
#5253 = DIRECTION('',(-0.700556229367,-0.713597203956,0.));
#5254 = ORIENTED_EDGE('',*,*,#5255,.T.);
#5255 = EDGE_CURVE('',#5248,#5256,#5258,.T.);
#5256 = VERTEX_POINT('',#5257);
#5257 = CARTESIAN_POINT('',(20.767052835493,-10.29511179248,0.));
#5258 = LINE('',#5259,#5260);
#5259 = CARTESIAN_POINT('',(21.151279651296,-9.817435933837,0.));
#5260 = VECTOR('',#5261,1.);
#5261 = DIRECTION('',(-0.626767833485,-0.779206059337,0.));
#5262 = ORIENTED_EDGE('',*,*,#5263,.T.);
#5263 = EDGE_CURVE('',#5256,#5264,#5266,.T.);
#5264 = VERTEX_POINT('',#5265);
#5265 = CARTESIAN_POINT('',(20.390105363466,-10.80737731589,0.));
#5266 = LINE('',#5267,#5268);
#5267 = CARTESIAN_POINT('',(20.767052835493,-10.29511179248,0.));
#5268 = VECTOR('',#5269,1.);
#5269 = DIRECTION('',(-0.592677844932,-0.805439614202,0.));
#5270 = ORIENTED_EDGE('',*,*,#5271,.T.);
#5271 = EDGE_CURVE('',#5264,#5272,#5274,.T.);
#5272 = VERTEX_POINT('',#5273);
#5273 = CARTESIAN_POINT('',(20.177532753267,-11.14992054605,0.));
#5274 = LINE('',#5275,#5276);
#5275 = CARTESIAN_POINT('',(20.390105363466,-10.80737731589,0.));
#5276 = VECTOR('',#5277,1.);
#5277 = DIRECTION('',(-0.527290464965,-0.849685097878,0.));
#5278 = ORIENTED_EDGE('',*,*,#5279,.T.);
#5279 = EDGE_CURVE('',#5272,#5280,#5282,.T.);
#5280 = VERTEX_POINT('',#5281);
#5281 = CARTESIAN_POINT('',(19.694378442311,-11.88840470483,0.));
#5282 = LINE('',#5283,#5284);
#5283 = CARTESIAN_POINT('',(20.177532753267,-11.14992054605,0.));
#5284 = VECTOR('',#5285,1.);
#5285 = DIRECTION('',(-0.547486910528,-0.836814246294,0.));
#5286 = ORIENTED_EDGE('',*,*,#5287,.T.);
#5287 = EDGE_CURVE('',#5280,#5288,#5290,.T.);
#5288 = VERTEX_POINT('',#5289);
#5289 = CARTESIAN_POINT('',(19.391461896496,-12.29065238527,0.));
#5290 = LINE('',#5291,#5292);
#5291 = CARTESIAN_POINT('',(19.694378442311,-11.88840470483,0.));
#5292 = VECTOR('',#5293,1.);
#5293 = DIRECTION('',(-0.601563154849,-0.798825244173,0.));
#5294 = ORIENTED_EDGE('',*,*,#5295,.T.);
#5295 = EDGE_CURVE('',#5288,#5296,#5298,.T.);
#5296 = VERTEX_POINT('',#5297);
#5297 = CARTESIAN_POINT('',(19.226831044412,-12.46673216448,0.));
#5298 = LINE('',#5299,#5300);
#5299 = CARTESIAN_POINT('',(19.391461896496,-12.29065238527,0.));
#5300 = VECTOR('',#5301,1.);
#5301 = DIRECTION('',(-0.682960334973,-0.730455461239,0.));
#5302 = ORIENTED_EDGE('',*,*,#5303,.T.);
#5303 = EDGE_CURVE('',#5296,#5304,#5306,.T.);
#5304 = VERTEX_POINT('',#5305);
#5305 = CARTESIAN_POINT('',(19.056688515865,-12.60296440064,0.));
#5306 = LINE('',#5307,#5308);
#5307 = CARTESIAN_POINT('',(19.226831044412,-12.46673216448,0.));
#5308 = VECTOR('',#5309,1.);
#5309 = DIRECTION('',(-0.780604175541,-0.625025696374,0.));
#5310 = ORIENTED_EDGE('',*,*,#5311,.T.);
#5311 = EDGE_CURVE('',#5304,#5312,#5314,.T.);
#5312 = VERTEX_POINT('',#5313);
#5313 = CARTESIAN_POINT('',(18.969552647713,-12.67959972087,0.));
#5314 = LINE('',#5315,#5316);
#5315 = CARTESIAN_POINT('',(19.056688515865,-12.60296440064,0.));
#5316 = VECTOR('',#5317,1.);
#5317 = DIRECTION('',(-0.750902576628,-0.660412992311,0.));
#5318 = ORIENTED_EDGE('',*,*,#5319,.T.);
#5319 = EDGE_CURVE('',#5312,#5320,#5322,.T.);
#5320 = VERTEX_POINT('',#5321);
#5321 = CARTESIAN_POINT('',(18.814720702271,-12.72423447265,0.));
#5322 = LINE('',#5323,#5324);
#5323 = CARTESIAN_POINT('',(18.969552647713,-12.67959972087,0.));
#5324 = VECTOR('',#5325,1.);
#5325 = DIRECTION('',(-0.960870362885,-0.276998457991,0.));
#5326 = ORIENTED_EDGE('',*,*,#5327,.T.);
#5327 = EDGE_CURVE('',#5320,#5328,#5330,.T.);
#5328 = VERTEX_POINT('',#5329);
#5329 = CARTESIAN_POINT('',(17.930758443611,-12.77383703571,0.));
#5330 = LINE('',#5331,#5332);
#5331 = CARTESIAN_POINT('',(18.814720702271,-12.72423447265,0.));
#5332 = VECTOR('',#5333,1.);
#5333 = DIRECTION('',(-0.998429323841,-5.602575563581E-02,0.));
#5334 = ORIENTED_EDGE('',*,*,#5335,.T.);
#5335 = EDGE_CURVE('',#5328,#5336,#5338,.T.);
#5336 = VERTEX_POINT('',#5337);
#5337 = CARTESIAN_POINT('',(16.394370440253,-12.83738266814,0.));
#5338 = LINE('',#5339,#5340);
#5339 = CARTESIAN_POINT('',(17.930758443611,-12.77383703571,0.));
#5340 = VECTOR('',#5341,1.);
#5341 = DIRECTION('',(-0.999145754237,-4.132507459678E-02,0.));
#5342 = ORIENTED_EDGE('',*,*,#5343,.T.);
#5343 = EDGE_CURVE('',#5336,#5344,#5346,.T.);
#5344 = VERTEX_POINT('',#5345);
#5345 = CARTESIAN_POINT('',(15.797891305377,-12.82162419834,0.));
#5346 = LINE('',#5347,#5348);
#5347 = CARTESIAN_POINT('',(16.394370440253,-12.83738266814,0.));
#5348 = VECTOR('',#5349,1.);
#5349 = DIRECTION('',(-0.999651196922,2.64099316814E-02,0.));
#5350 = ORIENTED_EDGE('',*,*,#5351,.T.);
#5351 = EDGE_CURVE('',#5344,#5352,#5354,.T.);
#5352 = VERTEX_POINT('',#5353);
#5353 = CARTESIAN_POINT('',(15.63388556694,-12.6432922638,0.));
#5354 = LINE('',#5355,#5356);
#5355 = CARTESIAN_POINT('',(15.797891305377,-12.82162419834,0.));
#5356 = VECTOR('',#5357,1.);
#5357 = DIRECTION('',(-0.676923197666,0.736053655966,0.));
#5358 = ORIENTED_EDGE('',*,*,#5359,.T.);
#5359 = EDGE_CURVE('',#5352,#5360,#5362,.T.);
#5360 = VERTEX_POINT('',#5361);
#5361 = CARTESIAN_POINT('',(15.392691486928,-12.31161138172,0.));
#5362 = LINE('',#5363,#5364);
#5363 = CARTESIAN_POINT('',(15.63388556694,-12.6432922638,0.));
#5364 = VECTOR('',#5365,1.);
#5365 = DIRECTION('',(-0.588126435647,0.808769000205,0.));
#5366 = ORIENTED_EDGE('',*,*,#5367,.T.);
#5367 = EDGE_CURVE('',#5360,#5368,#5370,.T.);
#5368 = VERTEX_POINT('',#5369);
#5369 = CARTESIAN_POINT('',(15.003549900851,-11.66227375131,0.));
#5370 = LINE('',#5371,#5372);
#5371 = CARTESIAN_POINT('',(15.392691486928,-12.31161138172,0.));
#5372 = VECTOR('',#5373,1.);
#5373 = DIRECTION('',(-0.514047919809,0.85776146809,0.));
#5374 = ORIENTED_EDGE('',*,*,#5375,.T.);
#5375 = EDGE_CURVE('',#5368,#5376,#5378,.T.);
#5376 = VERTEX_POINT('',#5377);
#5377 = CARTESIAN_POINT('',(14.868253590964,-11.41616236392,0.));
#5378 = LINE('',#5379,#5380);
#5379 = CARTESIAN_POINT('',(15.003549900851,-11.66227375131,0.));
#5380 = VECTOR('',#5381,1.);
#5381 = DIRECTION('',(-0.481741177698,0.876313549884,0.));
#5382 = ORIENTED_EDGE('',*,*,#5383,.T.);
#5383 = EDGE_CURVE('',#5376,#5384,#5386,.T.);
#5384 = VERTEX_POINT('',#5385);
#5385 = CARTESIAN_POINT('',(14.697565111634,-11.20291347418,0.));
#5386 = LINE('',#5387,#5388);
#5387 = CARTESIAN_POINT('',(14.868253590964,-11.41616236392,0.));
#5388 = VECTOR('',#5389,1.);
#5389 = DIRECTION('',(-0.624894525121,0.780709185596,0.));
#5390 = ORIENTED_EDGE('',*,*,#5391,.T.);
#5391 = EDGE_CURVE('',#5384,#5392,#5394,.T.);
#5392 = VERTEX_POINT('',#5393);
#5393 = CARTESIAN_POINT('',(13.948161522692,-10.27263435585,0.));
#5394 = LINE('',#5395,#5396);
#5395 = CARTESIAN_POINT('',(14.697565111634,-11.20291347418,0.));
#5396 = VECTOR('',#5397,1.);
#5397 = DIRECTION('',(-0.627335669005,0.778748970075,0.));
#5398 = ORIENTED_EDGE('',*,*,#5399,.T.);
#5399 = EDGE_CURVE('',#5392,#5400,#5402,.T.);
#5400 = VERTEX_POINT('',#5401);
#5401 = CARTESIAN_POINT('',(13.315790370099,-9.472675841671,0.));
#5402 = LINE('',#5403,#5404);
#5403 = CARTESIAN_POINT('',(13.948161522692,-10.27263435585,0.));
#5404 = VECTOR('',#5405,1.);
#5405 = DIRECTION('',(-0.620142543507,0.784489149531,0.));
#5406 = ORIENTED_EDGE('',*,*,#5407,.T.);
#5407 = EDGE_CURVE('',#5400,#5408,#5410,.T.);
#5408 = VERTEX_POINT('',#5409);
#5409 = CARTESIAN_POINT('',(13.269981459711,-9.407204517167,0.));
#5410 = LINE('',#5411,#5412);
#5411 = CARTESIAN_POINT('',(13.315790370099,-9.472675841671,0.));
#5412 = VECTOR('',#5413,1.);
#5413 = DIRECTION('',(-0.573285808245,0.819355467465,0.));
#5414 = ORIENTED_EDGE('',*,*,#5415,.T.);
#5415 = EDGE_CURVE('',#5408,#5416,#5418,.T.);
#5416 = VERTEX_POINT('',#5417);
#5417 = CARTESIAN_POINT('',(13.270600203932,-9.333355439539,0.));
#5418 = LINE('',#5419,#5420);
#5419 = CARTESIAN_POINT('',(13.269981459711,-9.407204517167,0.));
#5420 = VECTOR('',#5421,1.);
#5421 = DIRECTION('',(8.37820219805E-03,0.999964902248,0.));
#5422 = ORIENTED_EDGE('',*,*,#5423,.T.);
#5423 = EDGE_CURVE('',#5416,#5424,#5426,.T.);
#5424 = VERTEX_POINT('',#5425);
#5425 = CARTESIAN_POINT('',(13.251182251101,-9.210534391315,0.));
#5426 = LINE('',#5427,#5428);
#5427 = CARTESIAN_POINT('',(13.270600203932,-9.333355439539,0.));
#5428 = VECTOR('',#5429,1.);
#5429 = DIRECTION('',(-0.156159952955,0.987731779935,0.));
#5430 = ORIENTED_EDGE('',*,*,#5431,.T.);
#5431 = EDGE_CURVE('',#5424,#5432,#5434,.T.);
#5432 = VERTEX_POINT('',#5433);
#5433 = CARTESIAN_POINT('',(13.146674229025,-9.015951534788,0.));
#5434 = LINE('',#5435,#5436);
#5435 = CARTESIAN_POINT('',(13.251182251101,-9.210534391315,0.));
#5436 = VECTOR('',#5437,1.);
#5437 = DIRECTION('',(-0.473161150131,0.880975894112,0.));
#5438 = ORIENTED_EDGE('',*,*,#5439,.T.);
#5439 = EDGE_CURVE('',#5432,#5440,#5442,.T.);
#5440 = VERTEX_POINT('',#5441);
#5441 = CARTESIAN_POINT('',(12.780477134533,-8.565231504893,0.));
#5442 = LINE('',#5443,#5444);
#5443 = CARTESIAN_POINT('',(13.146674229025,-9.015951534788,0.));
#5444 = VECTOR('',#5445,1.);
#5445 = DIRECTION('',(-0.630579213804,0.776124896597,0.));
#5446 = ORIENTED_EDGE('',*,*,#5447,.T.);
#5447 = EDGE_CURVE('',#5440,#5448,#5450,.T.);
#5448 = VERTEX_POINT('',#5449);
#5449 = CARTESIAN_POINT('',(12.269877271089,-7.948167414751,0.));
#5450 = LINE('',#5451,#5452);
#5451 = CARTESIAN_POINT('',(12.780477134533,-8.565231504893,0.));
#5452 = VECTOR('',#5453,1.);
#5453 = DIRECTION('',(-0.637512975424,0.770439618767,0.));
#5454 = ORIENTED_EDGE('',*,*,#5455,.T.);
#5455 = EDGE_CURVE('',#5448,#5456,#5458,.T.);
#5456 = VERTEX_POINT('',#5457);
#5457 = CARTESIAN_POINT('',(11.910527612643,-7.358340948509,0.));
#5458 = LINE('',#5459,#5460);
#5459 = CARTESIAN_POINT('',(12.269877271089,-7.948167414751,0.));
#5460 = VECTOR('',#5461,1.);
#5461 = DIRECTION('',(-0.520290093445,0.853989589318,0.));
#5462 = ORIENTED_EDGE('',*,*,#5463,.T.);
#5463 = EDGE_CURVE('',#5456,#5464,#5466,.T.);
#5464 = VERTEX_POINT('',#5465);
#5465 = CARTESIAN_POINT('',(11.677564043995,-6.955047979035,0.));
#5466 = LINE('',#5467,#5468);
#5467 = CARTESIAN_POINT('',(11.910527612643,-7.358340948509,0.));
#5468 = VECTOR('',#5469,1.);
#5469 = DIRECTION('',(-0.500196872425,0.865911709597,0.));
#5470 = ORIENTED_EDGE('',*,*,#5471,.T.);
#5471 = EDGE_CURVE('',#5464,#5472,#5474,.T.);
#5472 = VERTEX_POINT('',#5473);
#5473 = CARTESIAN_POINT('',(11.275106415008,-6.380318784204,0.));
#5474 = LINE('',#5475,#5476);
#5475 = CARTESIAN_POINT('',(11.677564043995,-6.955047979035,0.));
#5476 = VECTOR('',#5477,1.);
#5477 = DIRECTION('',(-0.573603132139,0.819133351049,0.));
#5478 = ORIENTED_EDGE('',*,*,#5479,.T.);
#5479 = EDGE_CURVE('',#5472,#5480,#5482,.T.);
#5480 = VERTEX_POINT('',#5481);
#5481 = CARTESIAN_POINT('',(10.868583272522,-5.858410462543,0.));
#5482 = LINE('',#5483,#5484);
#5483 = CARTESIAN_POINT('',(11.275106415008,-6.380318784204,0.));
#5484 = VECTOR('',#5485,1.);
#5485 = DIRECTION('',(-0.614500335643,0.788916559273,0.));
#5486 = ORIENTED_EDGE('',*,*,#5487,.T.);
#5487 = EDGE_CURVE('',#5480,#5488,#5490,.T.);
#5488 = VERTEX_POINT('',#5489);
#5489 = CARTESIAN_POINT('',(10.623423163376,-5.613580112581,0.));
#5490 = LINE('',#5491,#5492);
#5491 = CARTESIAN_POINT('',(10.868583272522,-5.858410462543,0.));
#5492 = VECTOR('',#5493,1.);
#5493 = DIRECTION('',(-0.707582497471,0.706630744642,0.));
#5494 = ORIENTED_EDGE('',*,*,#5495,.T.);
#5495 = EDGE_CURVE('',#5488,#5496,#5498,.T.);
#5496 = VERTEX_POINT('',#5497);
#5497 = CARTESIAN_POINT('',(10.529801096612,-5.549017591207,0.));
#5498 = LINE('',#5499,#5500);
#5499 = CARTESIAN_POINT('',(10.623423163376,-5.613580112581,0.));
#5500 = VECTOR('',#5501,1.);
#5501 = DIRECTION('',(-0.823230954949,0.567706609803,0.));
#5502 = ORIENTED_EDGE('',*,*,#5503,.T.);
#5503 = EDGE_CURVE('',#5496,#5504,#5506,.T.);
#5504 = VERTEX_POINT('',#5505);
#5505 = CARTESIAN_POINT('',(10.498373743079,-5.426366667841,0.));
#5506 = LINE('',#5507,#5508);
#5507 = CARTESIAN_POINT('',(10.529801096612,-5.549017591207,0.));
#5508 = VECTOR('',#5509,1.);
#5509 = DIRECTION('',(-0.248215264224,0.96870489965,0.));
#5510 = ORIENTED_EDGE('',*,*,#5511,.T.);
#5511 = EDGE_CURVE('',#5504,#5512,#5514,.T.);
#5512 = VERTEX_POINT('',#5513);
#5513 = CARTESIAN_POINT('',(10.32491031724,-5.075413699979,0.));
#5514 = LINE('',#5515,#5516);
#5515 = CARTESIAN_POINT('',(10.498373743079,-5.426366667841,0.));
#5516 = VECTOR('',#5517,1.);
#5517 = DIRECTION('',(-0.443095139426,0.896474593849,0.));
#5518 = ORIENTED_EDGE('',*,*,#5519,.T.);
#5519 = EDGE_CURVE('',#5512,#5520,#5522,.T.);
#5520 = VERTEX_POINT('',#5521);
#5521 = CARTESIAN_POINT('',(9.915208527971,-4.464852956505,0.));
#5522 = LINE('',#5523,#5524);
#5523 = CARTESIAN_POINT('',(10.32491031724,-5.075413699979,0.));
#5524 = VECTOR('',#5525,1.);
#5525 = DIRECTION('',(-0.557203431598,0.830376020737,0.));
#5526 = ORIENTED_EDGE('',*,*,#5527,.T.);
#5527 = EDGE_CURVE('',#5520,#5528,#5530,.T.);
#5528 = VERTEX_POINT('',#5529);
#5529 = CARTESIAN_POINT('',(9.433292008763,-3.824751699647,0.));
#5530 = LINE('',#5531,#5532);
#5531 = CARTESIAN_POINT('',(9.915208527971,-4.464852956505,0.));
#5532 = VECTOR('',#5533,1.);
#5533 = DIRECTION('',(-0.601469183459,0.798896001585,0.));
#5534 = ORIENTED_EDGE('',*,*,#5535,.T.);
#5535 = EDGE_CURVE('',#5528,#5536,#5538,.T.);
#5536 = VERTEX_POINT('',#5537);
#5537 = CARTESIAN_POINT('',(9.043184393105,-3.385177191632,0.));
#5538 = LINE('',#5539,#5540);
#5539 = CARTESIAN_POINT('',(9.433292008763,-3.824751699647,0.));
#5540 = VECTOR('',#5541,1.);
#5541 = DIRECTION('',(-0.66376930305,0.747937371929,0.));
#5542 = ORIENTED_EDGE('',*,*,#5543,.T.);
#5543 = EDGE_CURVE('',#5536,#5544,#5546,.T.);
#5544 = VERTEX_POINT('',#5545);
#5545 = CARTESIAN_POINT('',(8.794572965091,-3.103428368896,0.));
#5546 = LINE('',#5547,#5548);
#5547 = CARTESIAN_POINT('',(9.043184393105,-3.385177191632,0.));
#5548 = VECTOR('',#5549,1.);
#5549 = DIRECTION('',(-0.661635890584,0.749825278509,0.));
#5550 = ORIENTED_EDGE('',*,*,#5551,.T.);
#5551 = EDGE_CURVE('',#5544,#5552,#5554,.T.);
#5552 = VERTEX_POINT('',#5553);
#5553 = CARTESIAN_POINT('',(8.603162620475,-2.770632162592,0.));
#5554 = LINE('',#5555,#5556);
#5555 = CARTESIAN_POINT('',(8.794572965091,-3.103428368896,0.));
#5556 = VECTOR('',#5557,1.);
#5557 = DIRECTION('',(-0.49857394197,0.866847174759,0.));
#5558 = ORIENTED_EDGE('',*,*,#5559,.T.);
#5559 = EDGE_CURVE('',#5552,#5560,#5562,.T.);
#5560 = VERTEX_POINT('',#5561);
#5561 = CARTESIAN_POINT('',(8.417946694108,-2.427288215109,0.));
#5562 = LINE('',#5563,#5564);
#5563 = CARTESIAN_POINT('',(8.603162620475,-2.770632162592,0.));
#5564 = VECTOR('',#5565,1.);
#5565 = DIRECTION('',(-0.474772178521,0.880108731068,0.));
#5566 = ORIENTED_EDGE('',*,*,#5567,.T.);
#5567 = EDGE_CURVE('',#5560,#5568,#5570,.T.);
#5568 = VERTEX_POINT('',#5569);
#5569 = CARTESIAN_POINT('',(8.159993744886,-2.034078107543,0.));
#5570 = LINE('',#5571,#5572);
#5571 = CARTESIAN_POINT('',(8.417946694108,-2.427288215109,0.));
#5572 = VECTOR('',#5573,1.);
#5573 = DIRECTION('',(-0.54852090503,0.836136840921,0.));
#5574 = ORIENTED_EDGE('',*,*,#5575,.T.);
#5575 = EDGE_CURVE('',#5568,#5576,#5578,.T.);
#5576 = VERTEX_POINT('',#5577);
#5577 = CARTESIAN_POINT('',(7.890011680072,-1.677251006829,0.));
#5578 = LINE('',#5579,#5580);
#5579 = CARTESIAN_POINT('',(8.159993744886,-2.034078107543,0.));
#5580 = VECTOR('',#5581,1.);
#5581 = DIRECTION('',(-0.603372674421,0.797459350539,0.));
#5582 = ORIENTED_EDGE('',*,*,#5583,.T.);
#5583 = EDGE_CURVE('',#5576,#5584,#5586,.T.);
#5584 = VERTEX_POINT('',#5585);
#5585 = CARTESIAN_POINT('',(7.66870840693,-1.443056079902,0.));
#5586 = LINE('',#5587,#5588);
#5587 = CARTESIAN_POINT('',(7.890011680072,-1.677251006829,0.));
#5588 = VECTOR('',#5589,1.);
#5589 = DIRECTION('',(-0.686818998767,0.726828496231,0.));
#5590 = ORIENTED_EDGE('',*,*,#5591,.T.);
#5591 = EDGE_CURVE('',#5584,#5592,#5594,.T.);
#5592 = VERTEX_POINT('',#5593);
#5593 = CARTESIAN_POINT('',(6.998872898366,-0.602497006479,0.));
#5594 = LINE('',#5595,#5596);
#5595 = CARTESIAN_POINT('',(7.66870840693,-1.443056079902,0.));
#5596 = VECTOR('',#5597,1.);
#5597 = DIRECTION('',(-0.623212238964,0.78205275091,0.));
#5598 = ORIENTED_EDGE('',*,*,#5599,.T.);
#5599 = EDGE_CURVE('',#5592,#5600,#5602,.T.);
#5600 = VERTEX_POINT('',#5601);
#5601 = CARTESIAN_POINT('',(6.627902374192,-7.647976969677E-02,0.));
#5602 = LINE('',#5603,#5604);
#5603 = CARTESIAN_POINT('',(6.998872898366,-0.602497006479,0.));
#5604 = VECTOR('',#5605,1.);
#5605 = DIRECTION('',(-0.576334988115,0.817213547045,0.));
#5606 = ORIENTED_EDGE('',*,*,#5607,.T.);
#5607 = EDGE_CURVE('',#5600,#5608,#5610,.T.);
#5608 = VERTEX_POINT('',#5609);
#5609 = CARTESIAN_POINT('',(6.465481409557,0.202036405013,0.));
#5610 = LINE('',#5611,#5612);
#5611 = CARTESIAN_POINT('',(6.627902374192,-7.647976969677E-02,0.));
#5612 = VECTOR('',#5613,1.);
#5613 = DIRECTION('',(-0.50376271081,0.863842075381,0.));
#5614 = ORIENTED_EDGE('',*,*,#5615,.T.);
#5615 = EDGE_CURVE('',#5608,#5616,#5618,.T.);
#5616 = VERTEX_POINT('',#5617);
#5617 = CARTESIAN_POINT('',(6.410206015892,0.318403737807,0.));
#5618 = LINE('',#5619,#5620);
#5619 = CARTESIAN_POINT('',(6.465481409557,0.202036405013,0.));
#5620 = VECTOR('',#5621,1.);
#5621 = DIRECTION('',(-0.429062581597,0.903274764993,0.));
#5622 = ORIENTED_EDGE('',*,*,#5623,.T.);
#5623 = EDGE_CURVE('',#5616,#5624,#5626,.T.);
#5624 = VERTEX_POINT('',#5625);
#5625 = CARTESIAN_POINT('',(6.271591235161,0.436946573238,0.));
#5626 = LINE('',#5627,#5628);
#5627 = CARTESIAN_POINT('',(6.410206015892,0.318403737807,0.));
#5628 = VECTOR('',#5629,1.);
#5629 = DIRECTION('',(-0.759987133447,0.64993811782,0.));
#5630 = ORIENTED_EDGE('',*,*,#5631,.T.);
#5631 = EDGE_CURVE('',#5624,#5632,#5634,.T.);
#5632 = VERTEX_POINT('',#5633);
#5633 = CARTESIAN_POINT('',(6.090454167757,0.530577835499,0.));
#5634 = LINE('',#5635,#5636);
#5635 = CARTESIAN_POINT('',(6.271591235161,0.436946573238,0.));
#5636 = VECTOR('',#5637,1.);
#5637 = DIRECTION('',(-0.888338337046,0.459189502204,0.));
#5638 = ORIENTED_EDGE('',*,*,#5639,.T.);
#5639 = EDGE_CURVE('',#5632,#5640,#5642,.T.);
#5640 = VERTEX_POINT('',#5641);
#5641 = CARTESIAN_POINT('',(5.907611914073,0.572210448779,0.));
#5642 = LINE('',#5643,#5644);
#5643 = CARTESIAN_POINT('',(6.090454167757,0.530577835499,0.));
#5644 = VECTOR('',#5645,1.);
#5645 = DIRECTION('',(-0.97504339747,0.222014353251,0.));
#5646 = ORIENTED_EDGE('',*,*,#5647,.T.);
#5647 = EDGE_CURVE('',#5640,#5648,#5650,.T.);
#5648 = VERTEX_POINT('',#5649);
#5649 = CARTESIAN_POINT('',(5.764354428543,0.583482254588,0.));
#5650 = LINE('',#5651,#5652);
#5651 = CARTESIAN_POINT('',(5.907611914073,0.572210448779,0.));
#5652 = VECTOR('',#5653,1.);
#5653 = DIRECTION('',(-0.996918859141,7.843971116736E-02,0.));
#5654 = ORIENTED_EDGE('',*,*,#5655,.T.);
#5655 = EDGE_CURVE('',#5648,#5656,#5658,.T.);
#5656 = VERTEX_POINT('',#5657);
#5657 = CARTESIAN_POINT('',(5.853803004874,0.603568568423,0.));
#5658 = LINE('',#5659,#5660);
#5659 = CARTESIAN_POINT('',(5.764354428543,0.583482254588,0.));
#5660 = VECTOR('',#5661,1.);
#5661 = DIRECTION('',(0.975702213235,0.219100869666,0.));
#5662 = ORIENTED_EDGE('',*,*,#5663,.T.);
#5663 = EDGE_CURVE('',#5656,#5664,#5666,.T.);
#5664 = VERTEX_POINT('',#5665);
#5665 = CARTESIAN_POINT('',(6.017830884648,0.62649158329,0.));
#5666 = LINE('',#5667,#5668);
#5667 = CARTESIAN_POINT('',(5.853803004874,0.603568568423,0.));
#5668 = VECTOR('',#5669,1.);
#5669 = DIRECTION('',(0.990375615502,0.138405708766,0.));
#5670 = ORIENTED_EDGE('',*,*,#5671,.T.);
#5671 = EDGE_CURVE('',#5664,#5672,#5674,.T.);
#5672 = VERTEX_POINT('',#5673);
#5673 = CARTESIAN_POINT('',(5.789065374218,1.004112518722,0.));
#5674 = LINE('',#5675,#5676);
#5675 = CARTESIAN_POINT('',(6.017830884648,0.62649158329,0.));
#5676 = VECTOR('',#5677,1.);
#5677 = DIRECTION('',(-0.518143241792,0.855293856511,0.));
#5678 = ORIENTED_EDGE('',*,*,#5679,.T.);
#5679 = EDGE_CURVE('',#5672,#5680,#5682,.T.);
#5680 = VERTEX_POINT('',#5681);
#5681 = CARTESIAN_POINT('',(5.236572887338,1.817253089952,0.));
#5682 = LINE('',#5683,#5684);
#5683 = CARTESIAN_POINT('',(5.789065374218,1.004112518722,0.));
#5684 = VECTOR('',#5685,1.);
#5685 = DIRECTION('',(-0.562001771157,0.827136028242,0.));
#5686 = ORIENTED_EDGE('',*,*,#5687,.T.);
#5687 = EDGE_CURVE('',#5680,#5688,#5690,.T.);
#5688 = VERTEX_POINT('',#5689);
#5689 = CARTESIAN_POINT('',(4.923328165927,2.296765855899,0.));
#5690 = LINE('',#5691,#5692);
#5691 = CARTESIAN_POINT('',(5.236572887338,1.817253089952,0.));
#5692 = VECTOR('',#5693,1.);
#5693 = DIRECTION('',(-0.54690336721,0.837195739917,0.));
#5694 = ORIENTED_EDGE('',*,*,#5695,.T.);
#5695 = EDGE_CURVE('',#5688,#5696,#5698,.T.);
#5696 = VERTEX_POINT('',#5697);
#5697 = CARTESIAN_POINT('',(4.895841363825,2.425392380426,0.));
#5698 = LINE('',#5699,#5700);
#5699 = CARTESIAN_POINT('',(4.923328165927,2.296765855899,0.));
#5700 = VECTOR('',#5701,1.);
#5701 = DIRECTION('',(-0.208976431768,0.977920677236,0.));
#5702 = ORIENTED_EDGE('',*,*,#5703,.T.);
#5703 = EDGE_CURVE('',#5696,#5704,#5706,.T.);
#5704 = VERTEX_POINT('',#5705);
#5705 = CARTESIAN_POINT('',(4.665775277307,3.130553022506,0.));
#5706 = LINE('',#5707,#5708);
#5707 = CARTESIAN_POINT('',(4.895841363825,2.425392380426,0.));
#5708 = VECTOR('',#5709,1.);
#5709 = DIRECTION('',(-0.310169751266,0.9506811902,0.));
#5710 = ORIENTED_EDGE('',*,*,#5711,.T.);
#5711 = EDGE_CURVE('',#5704,#5712,#5714,.T.);
#5712 = VERTEX_POINT('',#5713);
#5713 = CARTESIAN_POINT('',(4.351337046823,4.000673564726,0.));
#5714 = LINE('',#5715,#5716);
#5715 = CARTESIAN_POINT('',(4.665775277307,3.130553022506,0.));
#5716 = VECTOR('',#5717,1.);
#5717 = DIRECTION('',(-0.339862494654,0.940475137751,0.));
#5718 = ORIENTED_EDGE('',*,*,#5719,.T.);
#5719 = EDGE_CURVE('',#5712,#5720,#5722,.T.);
#5720 = VERTEX_POINT('',#5721);
#5721 = CARTESIAN_POINT('',(3.943331951266,4.951309211415,0.));
#5722 = LINE('',#5723,#5724);
#5723 = CARTESIAN_POINT('',(4.351337046823,4.000673564726,0.));
#5724 = VECTOR('',#5725,1.);
#5725 = DIRECTION('',(-0.394400924632,0.918938469458,0.));
#5726 = ORIENTED_EDGE('',*,*,#5727,.T.);
#5727 = EDGE_CURVE('',#5720,#5728,#5730,.T.);
#5728 = VERTEX_POINT('',#5729);
#5729 = CARTESIAN_POINT('',(3.540535226181,5.767252293268,0.));
#5730 = LINE('',#5731,#5732);
#5731 = CARTESIAN_POINT('',(3.943331951266,4.951309211415,0.));
#5732 = VECTOR('',#5733,1.);
#5733 = DIRECTION('',(-0.44265826959,0.896690390472,0.));
#5734 = ORIENTED_EDGE('',*,*,#5735,.T.);
#5735 = EDGE_CURVE('',#5728,#5736,#5738,.T.);
#5736 = VERTEX_POINT('',#5737);
#5737 = CARTESIAN_POINT('',(3.241722107115,6.233295140981,0.));
#5738 = LINE('',#5739,#5740);
#5739 = CARTESIAN_POINT('',(3.540535226181,5.767252293268,0.));
#5740 = VECTOR('',#5741,1.);
#5741 = DIRECTION('',(-0.539752789724,0.841823571769,0.));
#5742 = ORIENTED_EDGE('',*,*,#5743,.T.);
#5743 = EDGE_CURVE('',#5736,#5744,#5746,.T.);
#5744 = VERTEX_POINT('',#5745);
#5745 = CARTESIAN_POINT('',(2.904329375948,6.704161042197,0.));
#5746 = LINE('',#5747,#5748);
#5747 = CARTESIAN_POINT('',(3.241722107115,6.233295140981,0.));
#5748 = VECTOR('',#5749,1.);
#5749 = DIRECTION('',(-0.582449178893,0.812867119526,0.));
#5750 = ORIENTED_EDGE('',*,*,#5751,.T.);
#5751 = EDGE_CURVE('',#5744,#5752,#5754,.T.);
#5752 = VERTEX_POINT('',#5753);
#5753 = CARTESIAN_POINT('',(2.595743434555,7.136045465477,0.));
#5754 = LINE('',#5755,#5756);
#5755 = CARTESIAN_POINT('',(2.904329375948,6.704161042197,0.));
#5756 = VECTOR('',#5757,1.);
#5757 = DIRECTION('',(-0.581359276989,0.813646969551,0.));
#5758 = ORIENTED_EDGE('',*,*,#5759,.T.);
#5759 = EDGE_CURVE('',#5752,#5760,#5762,.T.);
#5760 = VERTEX_POINT('',#5761);
#5761 = CARTESIAN_POINT('',(2.281469899224,7.638657712917,0.));
#5762 = LINE('',#5763,#5764);
#5763 = CARTESIAN_POINT('',(2.595743434555,7.136045465477,0.));
#5764 = VECTOR('',#5765,1.);
#5765 = DIRECTION('',(-0.530169831816,0.847891472673,0.));
#5766 = ORIENTED_EDGE('',*,*,#5767,.T.);
#5767 = EDGE_CURVE('',#5760,#5768,#5770,.T.);
#5768 = VERTEX_POINT('',#5769);
#5769 = CARTESIAN_POINT('',(2.08265403554,7.963259250223,0.));
#5770 = LINE('',#5771,#5772);
#5771 = CARTESIAN_POINT('',(2.281469899224,7.638657712917,0.));
#5772 = VECTOR('',#5773,1.);
#5773 = DIRECTION('',(-0.52230715425,0.85275743129,0.));
#5774 = ORIENTED_EDGE('',*,*,#5775,.T.);
#5775 = EDGE_CURVE('',#5768,#5776,#5778,.T.);
#5776 = VERTEX_POINT('',#5777);
#5777 = CARTESIAN_POINT('',(1.931925516846,8.141587600286,0.));
#5778 = LINE('',#5779,#5780);
#5779 = CARTESIAN_POINT('',(2.08265403554,7.963259250223,0.));
#5780 = VECTOR('',#5781,1.);
#5781 = DIRECTION('',(-0.645531087465,0.763733994999,0.));
#5782 = ORIENTED_EDGE('',*,*,#5783,.T.);
#5783 = EDGE_CURVE('',#5776,#5784,#5786,.T.);
#5784 = VERTEX_POINT('',#5785);
#5785 = CARTESIAN_POINT('',(1.49836780149,8.65729367146,0.));
#5786 = LINE('',#5787,#5788);
#5787 = CARTESIAN_POINT('',(1.931925516846,8.141587600286,0.));
#5788 = VECTOR('',#5789,1.);
#5789 = DIRECTION('',(-0.643509328189,0.765438269578,0.));
#5790 = ORIENTED_EDGE('',*,*,#5791,.T.);
#5791 = EDGE_CURVE('',#5784,#5792,#5794,.T.);
#5792 = VERTEX_POINT('',#5793);
#5793 = CARTESIAN_POINT('',(0.844740965069,9.477528201102,0.));
#5794 = LINE('',#5795,#5796);
#5795 = CARTESIAN_POINT('',(1.49836780149,8.65729367146,0.));
#5796 = VECTOR('',#5797,1.);
#5797 = DIRECTION('',(-0.623205131216,0.78205841497,0.));
#5798 = ORIENTED_EDGE('',*,*,#5799,.T.);
#5799 = EDGE_CURVE('',#5792,#5800,#5802,.T.);
#5800 = VERTEX_POINT('',#5801);
#5801 = CARTESIAN_POINT('',(0.508163520405,9.91440662993,0.));
#5802 = LINE('',#5803,#5804);
#5803 = CARTESIAN_POINT('',(0.844740965069,9.477528201102,0.));
#5804 = VECTOR('',#5805,1.);
#5805 = DIRECTION('',(-0.610299679571,0.792170626264,0.));
#5806 = ORIENTED_EDGE('',*,*,#5807,.T.);
#5807 = EDGE_CURVE('',#5800,#5808,#5810,.T.);
#5808 = VERTEX_POINT('',#5809);
#5809 = CARTESIAN_POINT('',(0.226448063341,10.25625778004,0.));
#5810 = LINE('',#5811,#5812);
#5811 = CARTESIAN_POINT('',(0.508163520405,9.91440662993,0.));
#5812 = VECTOR('',#5813,1.);
#5813 = DIRECTION('',(-0.635964119414,0.771718626714,0.));
#5814 = ORIENTED_EDGE('',*,*,#5815,.T.);
#5815 = EDGE_CURVE('',#5808,#5816,#5818,.T.);
#5816 = VERTEX_POINT('',#5817);
#5817 = CARTESIAN_POINT('',(-0.102641363024,10.548927681163,0.));
#5818 = LINE('',#5819,#5820);
#5819 = CARTESIAN_POINT('',(0.226448063341,10.25625778004,0.));
#5820 = VECTOR('',#5821,1.);
#5821 = DIRECTION('',(-0.747244719622,0.664548966591,0.));
#5822 = ORIENTED_EDGE('',*,*,#5823,.T.);
#5823 = EDGE_CURVE('',#5816,#5824,#5826,.T.);
#5824 = VERTEX_POINT('',#5825);
#5825 = CARTESIAN_POINT('',(-0.372840898233,10.749635584027,0.));
#5826 = LINE('',#5827,#5828);
#5827 = CARTESIAN_POINT('',(-0.102641363024,10.548927681163,0.));
#5828 = VECTOR('',#5829,1.);
#5829 = DIRECTION('',(-0.80276056114,0.59630150216,0.));
#5830 = ORIENTED_EDGE('',*,*,#5831,.T.);
#5831 = EDGE_CURVE('',#5824,#5832,#5834,.T.);
#5832 = VERTEX_POINT('',#5833);
#5833 = CARTESIAN_POINT('',(-0.884467149149,11.197118278501,0.));
#5834 = LINE('',#5835,#5836);
#5835 = CARTESIAN_POINT('',(-0.372840898233,10.749635584027,0.));
#5836 = VECTOR('',#5837,1.);
#5837 = DIRECTION('',(-0.752715407716,0.658346045015,0.));
#5838 = ORIENTED_EDGE('',*,*,#5839,.T.);
#5839 = EDGE_CURVE('',#5832,#5840,#5842,.T.);
#5840 = VERTEX_POINT('',#5841);
#5841 = CARTESIAN_POINT('',(-1.380581118477,11.659414243407,0.));
#5842 = LINE('',#5843,#5844);
#5843 = CARTESIAN_POINT('',(-0.884467149149,11.197118278501,0.));
#5844 = VECTOR('',#5845,1.);
#5845 = DIRECTION('',(-0.73160211436,0.681731872707,0.));
#5846 = ORIENTED_EDGE('',*,*,#5847,.T.);
#5847 = EDGE_CURVE('',#5840,#5848,#5850,.T.);
#5848 = VERTEX_POINT('',#5849);
#5849 = CARTESIAN_POINT('',(-1.60424380892,11.904561957569,0.));
#5850 = LINE('',#5851,#5852);
#5851 = CARTESIAN_POINT('',(-1.380581118477,11.659414243407,0.));
#5852 = VECTOR('',#5853,1.);
#5853 = DIRECTION('',(-0.673993501437,0.738737274016,0.));
#5854 = ORIENTED_EDGE('',*,*,#5855,.T.);
#5855 = EDGE_CURVE('',#5848,#5856,#5858,.T.);
#5856 = VERTEX_POINT('',#5857);
#5857 = CARTESIAN_POINT('',(-1.780559524295,12.090325894405,0.));
#5858 = LINE('',#5859,#5860);
#5859 = CARTESIAN_POINT('',(-1.60424380892,11.904561957569,0.));
#5860 = VECTOR('',#5861,1.);
#5861 = DIRECTION('',(-0.688420974571,0.725311355054,0.));
#5862 = ORIENTED_EDGE('',*,*,#5863,.T.);
#5863 = EDGE_CURVE('',#5856,#5864,#5866,.T.);
#5864 = VERTEX_POINT('',#5865);
#5865 = CARTESIAN_POINT('',(-2.229663188205,12.441671224783,0.));
#5866 = LINE('',#5867,#5868);
#5867 = CARTESIAN_POINT('',(-1.780559524295,12.090325894405,0.));
#5868 = VECTOR('',#5869,1.);
#5869 = DIRECTION('',(-0.787613174836,0.616170014545,0.));
#5870 = ORIENTED_EDGE('',*,*,#5871,.T.);
#5871 = EDGE_CURVE('',#5864,#5872,#5874,.T.);
#5872 = VERTEX_POINT('',#5873);
#5873 = CARTESIAN_POINT('',(-3.494427331422,13.306095203696,0.));
#5874 = LINE('',#5875,#5876);
#5875 = CARTESIAN_POINT('',(-2.229663188205,12.441671224783,0.));
#5876 = VECTOR('',#5877,1.);
#5877 = DIRECTION('',(-0.825593407824,0.56426547383,0.));
#5878 = ORIENTED_EDGE('',*,*,#5879,.T.);
#5879 = EDGE_CURVE('',#5872,#5880,#5882,.T.);
#5880 = VERTEX_POINT('',#5881);
#5881 = CARTESIAN_POINT('',(-4.223565227289,13.786278542826,0.));
#5882 = LINE('',#5883,#5884);
#5883 = CARTESIAN_POINT('',(-3.494427331422,13.306095203696,0.));
#5884 = VECTOR('',#5885,1.);
#5885 = DIRECTION('',(-0.835160679416,0.550006035929,0.));
#5886 = ORIENTED_EDGE('',*,*,#5887,.T.);
#5887 = EDGE_CURVE('',#5880,#5888,#5890,.T.);
#5888 = VERTEX_POINT('',#5889);
#5889 = CARTESIAN_POINT('',(-4.297376559964,14.109036831065,0.));
#5890 = LINE('',#5891,#5892);
#5891 = CARTESIAN_POINT('',(-4.223565227289,13.786278542826,0.));
#5892 = VECTOR('',#5893,1.);
#5893 = DIRECTION('',(-0.222933901449,0.974833563017,0.));
#5894 = ORIENTED_EDGE('',*,*,#5895,.T.);
#5895 = EDGE_CURVE('',#5888,#5896,#5898,.T.);
#5896 = VERTEX_POINT('',#5897);
#5897 = CARTESIAN_POINT('',(-4.341510008059,14.908392325695,0.));
#5898 = LINE('',#5899,#5900);
#5899 = CARTESIAN_POINT('',(-4.297376559964,14.109036831065,0.));
#5900 = VECTOR('',#5901,1.);
#5901 = DIRECTION('',(-5.51273320667E-02,0.998479332415,0.));
#5902 = ORIENTED_EDGE('',*,*,#5903,.T.);
#5903 = EDGE_CURVE('',#5896,#5904,#5906,.T.);
#5904 = VERTEX_POINT('',#5905);
#5905 = CARTESIAN_POINT('',(-4.337220048127,17.81213523457,0.));
#5906 = LINE('',#5907,#5908);
#5907 = CARTESIAN_POINT('',(-4.341510008059,14.908392325695,0.));
#5908 = VECTOR('',#5909,1.);
#5909 = DIRECTION('',(1.477388110926E-03,0.999998908662,0.));
#5910 = ORIENTED_EDGE('',*,*,#5911,.T.);
#5911 = EDGE_CURVE('',#5904,#5912,#5914,.T.);
#5912 = VERTEX_POINT('',#5913);
#5913 = CARTESIAN_POINT('',(-4.31740082147,18.89809321137,0.));
#5914 = LINE('',#5915,#5916);
#5915 = CARTESIAN_POINT('',(-4.337220048127,17.81213523457,0.));
#5916 = VECTOR('',#5917,1.);
#5917 = DIRECTION('',(1.824741584796E-02,0.999833502047,0.));
#5918 = ORIENTED_EDGE('',*,*,#5919,.T.);
#5919 = EDGE_CURVE('',#5912,#5920,#5922,.T.);
#5920 = VERTEX_POINT('',#5921);
#5921 = CARTESIAN_POINT('',(-5.407089467507,18.89809321137,0.));
#5922 = LINE('',#5923,#5924);
#5923 = CARTESIAN_POINT('',(-4.31740082147,18.89809321137,0.));
#5924 = VECTOR('',#5925,1.);
#5925 = DIRECTION('',(-1.,0.,0.));
#5926 = ORIENTED_EDGE('',*,*,#5927,.T.);
#5927 = EDGE_CURVE('',#5920,#5928,#5930,.T.);
#5928 = VERTEX_POINT('',#5929);
#5929 = CARTESIAN_POINT('',(-6.209736603282,18.882689880652,0.));
#5930 = LINE('',#5931,#5932);
#5931 = CARTESIAN_POINT('',(-5.407089467507,18.89809321137,0.));
#5932 = VECTOR('',#5933,1.);
#5933 = DIRECTION('',(-0.999815910072,-1.918713022526E-02,0.));
#5934 = ORIENTED_EDGE('',*,*,#5935,.T.);
#5935 = EDGE_CURVE('',#5928,#5936,#5938,.T.);
#5936 = VERTEX_POINT('',#5937);
#5937 = CARTESIAN_POINT('',(-6.535135402352,18.841676830671,0.));
#5938 = LINE('',#5939,#5940);
#5939 = CARTESIAN_POINT('',(-6.209736603282,18.882689880652,0.));
#5940 = VECTOR('',#5941,1.);
#5941 = DIRECTION('',(-0.992150442562,-0.125049987297,0.));
#5942 = ORIENTED_EDGE('',*,*,#5943,.T.);
#5943 = EDGE_CURVE('',#5936,#5944,#5946,.T.);
#5944 = VERTEX_POINT('',#5945);
#5945 = CARTESIAN_POINT('',(-6.859854796003,18.799202416433,0.));
#5946 = LINE('',#5947,#5948);
#5947 = CARTESIAN_POINT('',(-6.535135402352,18.841676830671,0.));
#5948 = VECTOR('',#5949,1.);
#5949 = DIRECTION('',(-0.991553463868,-0.129698605586,0.));
#5950 = ORIENTED_EDGE('',*,*,#5951,.T.);
#5951 = EDGE_CURVE('',#5944,#5952,#5954,.T.);
#5952 = VERTEX_POINT('',#5953);
#5953 = CARTESIAN_POINT('',(-7.528028187738,18.785044278353,0.));
#5954 = LINE('',#5955,#5956);
#5955 = CARTESIAN_POINT('',(-6.859854796003,18.799202416433,0.));
#5956 = VECTOR('',#5957,1.);
#5957 = DIRECTION('',(-0.999775581982,-2.118456214073E-02,0.));
#5958 = ORIENTED_EDGE('',*,*,#5959,.T.);
#5959 = EDGE_CURVE('',#5952,#5960,#5962,.T.);
#5960 = VERTEX_POINT('',#5961);
#5961 = CARTESIAN_POINT('',(-8.196201579474,18.799202416433,0.));
#5962 = LINE('',#5963,#5964);
#5963 = CARTESIAN_POINT('',(-7.528028187738,18.785044278353,0.));
#5964 = VECTOR('',#5965,1.);
#5965 = DIRECTION('',(-0.999775581982,2.118456214073E-02,0.));
#5966 = ORIENTED_EDGE('',*,*,#5967,.T.);
#5967 = EDGE_CURVE('',#5960,#5968,#5970,.T.);
#5968 = VERTEX_POINT('',#5969);
#5969 = CARTESIAN_POINT('',(-8.520920973125,18.841676830671,0.));
#5970 = LINE('',#5971,#5972);
#5971 = CARTESIAN_POINT('',(-8.196201579474,18.799202416433,0.));
#5972 = VECTOR('',#5973,1.);
#5973 = DIRECTION('',(-0.991553463868,0.129698605586,0.));
#5974 = ORIENTED_EDGE('',*,*,#5975,.T.);
#5975 = EDGE_CURVE('',#5968,#5976,#5978,.T.);
#5976 = VERTEX_POINT('',#5977);
#5977 = CARTESIAN_POINT('',(-8.886607300328,18.888931284671,0.));
#5978 = LINE('',#5979,#5980);
#5979 = CARTESIAN_POINT('',(-8.520920973125,18.841676830671,0.));
#5980 = VECTOR('',#5981,1.);
#5981 = DIRECTION('',(-0.991754057256,0.128155725255,0.));
#5982 = ORIENTED_EDGE('',*,*,#5983,.T.);
#5983 = EDGE_CURVE('',#5976,#5984,#5986,.T.);
#5984 = VERTEX_POINT('',#5985);
#5985 = CARTESIAN_POINT('',(-9.639023324371,18.900735799111,0.));
#5986 = LINE('',#5987,#5988);
#5987 = CARTESIAN_POINT('',(-8.886607300328,18.888931284671,0.));
#5988 = VECTOR('',#5989,1.);
#5989 = DIRECTION('',(-0.999876953285,1.568688272956E-02,0.));
#5990 = ORIENTED_EDGE('',*,*,#5991,.T.);
#5991 = EDGE_CURVE('',#5984,#5992,#5994,.T.);
#5992 = VERTEX_POINT('',#5993);
#5993 = CARTESIAN_POINT('',(-10.39537747339,18.879485908453,0.));
#5994 = LINE('',#5995,#5996);
#5995 = CARTESIAN_POINT('',(-9.639023324371,18.900735799111,0.));
#5996 = VECTOR('',#5997,1.);
#5997 = DIRECTION('',(-0.999605564491,-2.808407803894E-02,0.));
#5998 = ORIENTED_EDGE('',*,*,#5999,.T.);
#5999 = EDGE_CURVE('',#5992,#6000,#6002,.T.);
#6000 = VERTEX_POINT('',#6001);
#6001 = CARTESIAN_POINT('',(-10.77287817555,18.827577147162,0.));
#6002 = LINE('',#6003,#6004);
#6003 = CARTESIAN_POINT('',(-10.39537747339,18.879485908453,0.));
#6004 = VECTOR('',#6005,1.);
#6005 = DIRECTION('',(-0.990677984652,-0.136224559925,0.));
#6006 = ORIENTED_EDGE('',*,*,#6007,.T.);
#6007 = EDGE_CURVE('',#6000,#6008,#6010,.T.);
#6008 = VERTEX_POINT('',#6009);
#6009 = CARTESIAN_POINT('',(-11.03035827073,18.781155395058,0.));
#6010 = LINE('',#6011,#6012);
#6011 = CARTESIAN_POINT('',(-10.77287817555,18.827577147162,0.));
#6012 = VECTOR('',#6013,1.);
#6013 = DIRECTION('',(-0.984133081265,-0.177431897806,0.));
#6014 = ORIENTED_EDGE('',*,*,#6015,.T.);
#6015 = EDGE_CURVE('',#6008,#6016,#6018,.T.);
#6016 = VERTEX_POINT('',#6017);
#6017 = CARTESIAN_POINT('',(-11.81990016126,18.801054213101,0.));
#6018 = LINE('',#6019,#6020);
#6019 = CARTESIAN_POINT('',(-11.03035827073,18.781155395058,0.));
#6020 = VECTOR('',#6021,1.);
#6021 = DIRECTION('',(-0.999682555814,2.519499157449E-02,0.));
#6022 = ORIENTED_EDGE('',*,*,#6023,.T.);
#6023 = EDGE_CURVE('',#6016,#6024,#6026,.T.);
#6024 = VERTEX_POINT('',#6025);
#6025 = CARTESIAN_POINT('',(-14.12565171419,18.878086307517,0.));
#6026 = LINE('',#6027,#6028);
#6027 = CARTESIAN_POINT('',(-11.81990016126,18.801054213101,0.));
#6028 = VECTOR('',#6029,1.);
#6029 = DIRECTION('',(-0.999442397089,3.339004195711E-02,0.));
#6030 = ORIENTED_EDGE('',*,*,#6031,.T.);
#6031 = EDGE_CURVE('',#6024,#6032,#6034,.T.);
#6032 = VERTEX_POINT('',#6033);
#6033 = CARTESIAN_POINT('',(-14.77020727505,18.875769080119,0.));
#6034 = LINE('',#6035,#6036);
#6035 = CARTESIAN_POINT('',(-14.12565171419,18.878086307517,0.));
#6036 = VECTOR('',#6037,1.);
#6037 = DIRECTION('',(-0.99999353777,-3.595054583368E-03,0.));
#6038 = ORIENTED_EDGE('',*,*,#6039,.T.);
#6039 = EDGE_CURVE('',#6032,#6040,#6042,.T.);
#6040 = VERTEX_POINT('',#6041);
#6041 = CARTESIAN_POINT('',(-15.03152722407,18.845612036456,0.));
#6042 = LINE('',#6043,#6044);
#6043 = CARTESIAN_POINT('',(-14.77020727505,18.875769080119,0.));
#6044 = VECTOR('',#6045,1.);
#6045 = DIRECTION('',(-0.993406883101,-0.114641897262,0.));
#6046 = ORIENTED_EDGE('',*,*,#6047,.T.);
#6047 = EDGE_CURVE('',#6040,#6048,#6050,.T.);
#6048 = VERTEX_POINT('',#6049);
#6049 = CARTESIAN_POINT('',(-15.70910370813,18.803245156569,0.));
#6050 = LINE('',#6051,#6052);
#6051 = CARTESIAN_POINT('',(-15.03152722407,18.845612036456,0.));
#6052 = VECTOR('',#6053,1.);
#6053 = DIRECTION('',(-0.998050895412,-6.240520945129E-02,0.));
#6054 = ORIENTED_EDGE('',*,*,#6055,.T.);
#6055 = EDGE_CURVE('',#6048,#6056,#6058,.T.);
#6056 = VERTEX_POINT('',#6057);
#6057 = CARTESIAN_POINT('',(-17.11177926549,18.787430989486,0.));
#6058 = LINE('',#6059,#6060);
#6059 = CARTESIAN_POINT('',(-15.70910370813,18.803245156569,0.));
#6060 = VECTOR('',#6061,1.);
#6061 = DIRECTION('',(-0.999936451282,-1.127357073449E-02,0.));
#6062 = ORIENTED_EDGE('',*,*,#6063,.T.);
#6063 = EDGE_CURVE('',#6056,#6064,#6066,.T.);
#6064 = VERTEX_POINT('',#6065);
#6065 = CARTESIAN_POINT('',(-18.5143820294,18.799211791222,0.));
#6066 = LINE('',#6067,#6068);
#6067 = CARTESIAN_POINT('',(-17.11177926549,18.787430989486,0.));
#6068 = VECTOR('',#6069,1.);
#6069 = DIRECTION('',(-0.999964728223,8.39894695058E-03,0.));
#6070 = ORIENTED_EDGE('',*,*,#6071,.T.);
#6071 = EDGE_CURVE('',#6064,#6072,#6074,.T.);
#6072 = VERTEX_POINT('',#6073);
#6073 = CARTESIAN_POINT('',(-19.19174013315,18.839629817796,0.));
#6074 = LINE('',#6075,#6076);
#6075 = CARTESIAN_POINT('',(-18.5143820294,18.799211791222,0.));
#6076 = VECTOR('',#6077,1.);
#6077 = DIRECTION('',(-0.998224479443,5.956415567069E-02,0.));
#6078 = ORIENTED_EDGE('',*,*,#6079,.T.);
#6079 = EDGE_CURVE('',#6072,#6080,#6082,.T.);
#6080 = VERTEX_POINT('',#6081);
#6081 = CARTESIAN_POINT('',(-19.64089020287,18.884547191903,0.));
#6082 = LINE('',#6083,#6084);
#6083 = CARTESIAN_POINT('',(-19.19174013315,18.839629817796,0.));
#6084 = VECTOR('',#6085,1.);
#6085 = DIRECTION('',(-0.995036670979,9.950891119357E-02,0.));
#6086 = ORIENTED_EDGE('',*,*,#6087,.T.);
#6087 = EDGE_CURVE('',#6080,#6088,#6090,.T.);
#6088 = VERTEX_POINT('',#6089);
#6089 = CARTESIAN_POINT('',(-20.62384911045,18.919445673254,0.));
#6090 = LINE('',#6091,#6092);
#6091 = CARTESIAN_POINT('',(-19.64089020287,18.884547191903,0.));
#6092 = VECTOR('',#6093,1.);
#6093 = DIRECTION('',(-0.999370345948,3.548114484957E-02,0.));
#6094 = ORIENTED_EDGE('',*,*,#6095,.T.);
#6095 = EDGE_CURVE('',#6088,#6096,#6098,.T.);
#6096 = VERTEX_POINT('',#6097);
#6097 = CARTESIAN_POINT('',(-22.11106757305,18.974220914321,0.));
#6098 = LINE('',#6099,#6100);
#6099 = CARTESIAN_POINT('',(-20.62384911045,18.919445673254,0.));
#6100 = VECTOR('',#6101,1.);
#6101 = DIRECTION('',(-0.999322440408,3.68057074016E-02,0.));
#6102 = ORIENTED_EDGE('',*,*,#6103,.T.);
#6103 = EDGE_CURVE('',#6096,#6104,#6106,.T.);
#6104 = VERTEX_POINT('',#6105);
#6105 = CARTESIAN_POINT('',(-22.76265619321,19.099794566199,0.));
#6106 = LINE('',#6107,#6108);
#6107 = CARTESIAN_POINT('',(-22.11106757305,18.974220914321,0.));
#6108 = VECTOR('',#6109,1.);
#6109 = DIRECTION('',(-0.981931430719,0.189237061289,0.));
#6110 = ORIENTED_EDGE('',*,*,#6111,.T.);
#6111 = EDGE_CURVE('',#6104,#6112,#6114,.T.);
#6112 = VERTEX_POINT('',#6113);
#6113 = CARTESIAN_POINT('',(-23.20088724727,19.206885544716,0.));
#6114 = LINE('',#6115,#6116);
#6115 = CARTESIAN_POINT('',(-22.76265619321,19.099794566199,0.));
#6116 = VECTOR('',#6117,1.);
#6117 = DIRECTION('',(-0.971415451739,0.237385804382,0.));
#6118 = ORIENTED_EDGE('',*,*,#6119,.T.);
#6119 = EDGE_CURVE('',#6112,#6120,#6122,.T.);
#6120 = VERTEX_POINT('',#6121);
#6121 = CARTESIAN_POINT('',(-23.45069976701,19.332042294187,0.));
#6122 = LINE('',#6123,#6124);
#6123 = CARTESIAN_POINT('',(-23.20088724727,19.206885544716,0.));
#6124 = VECTOR('',#6125,1.);
#6125 = DIRECTION('',(-0.894068306838,0.447930644975,0.));
#6126 = ORIENTED_EDGE('',*,*,#6127,.T.);
#6127 = EDGE_CURVE('',#6120,#6128,#6130,.T.);
#6128 = VERTEX_POINT('',#6129);
#6129 = CARTESIAN_POINT('',(-23.69318684046,19.455081444132,0.));
#6130 = LINE('',#6131,#6132);
#6131 = CARTESIAN_POINT('',(-23.45069976701,19.332042294187,0.));
#6132 = VECTOR('',#6133,1.);
#6133 = DIRECTION('',(-0.891770171605,0.452488630836,0.));
#6134 = ORIENTED_EDGE('',*,*,#6135,.T.);
#6135 = EDGE_CURVE('',#6128,#6136,#6138,.T.);
#6136 = VERTEX_POINT('',#6137);
#6137 = CARTESIAN_POINT('',(-24.10226897559,19.556401963941,0.));
#6138 = LINE('',#6139,#6140);
#6139 = CARTESIAN_POINT('',(-23.69318684046,19.455081444132,0.));
#6140 = VECTOR('',#6141,1.);
#6141 = DIRECTION('',(-0.970670578952,0.240413450448,0.));
#6142 = ORIENTED_EDGE('',*,*,#6143,.T.);
#6143 = EDGE_CURVE('',#6136,#6144,#6146,.T.);
#6144 = VERTEX_POINT('',#6145);
#6145 = CARTESIAN_POINT('',(-24.45576577624,19.671491568063,0.));
#6146 = LINE('',#6147,#6148);
#6147 = CARTESIAN_POINT('',(-24.10226897559,19.556401963941,0.));
#6148 = VECTOR('',#6149,1.);
#6149 = DIRECTION('',(-0.950873314071,0.309580265177,0.));
#6150 = ORIENTED_EDGE('',*,*,#6151,.T.);
#6151 = EDGE_CURVE('',#6144,#6152,#6154,.T.);
#6152 = VERTEX_POINT('',#6153);
#6153 = CARTESIAN_POINT('',(-24.87956488674,19.888627962456,0.));
#6154 = LINE('',#6155,#6156);
#6155 = CARTESIAN_POINT('',(-24.45576577624,19.671491568063,0.));
#6156 = VECTOR('',#6157,1.);
#6157 = DIRECTION('',(-0.889984941237,0.455989916962,0.));
#6158 = ORIENTED_EDGE('',*,*,#6159,.T.);
#6159 = EDGE_CURVE('',#6152,#6160,#6162,.T.);
#6160 = VERTEX_POINT('',#6161);
#6161 = CARTESIAN_POINT('',(-25.34726981419,20.187018966777,0.));
#6162 = LINE('',#6163,#6164);
#6163 = CARTESIAN_POINT('',(-24.87956488674,19.888627962456,0.));
#6164 = VECTOR('',#6165,1.);
#6165 = DIRECTION('',(-0.843039951396,0.537850946221,0.));
#6166 = ORIENTED_EDGE('',*,*,#6167,.T.);
#6167 = EDGE_CURVE('',#6160,#6168,#6170,.T.);
#6168 = VERTEX_POINT('',#6169);
#6169 = CARTESIAN_POINT('',(-25.8324840657,20.545872400683,0.));
#6170 = LINE('',#6171,#6172);
#6171 = CARTESIAN_POINT('',(-25.34726981419,20.187018966777,0.));
#6172 = VECTOR('',#6173,1.);
#6173 = DIRECTION('',(-0.804004382679,0.594623370406,0.));
#6174 = ORIENTED_EDGE('',*,*,#6175,.T.);
#6175 = EDGE_CURVE('',#6168,#6176,#6178,.T.);
#6176 = VERTEX_POINT('',#6177);
#6177 = CARTESIAN_POINT('',(-26.30881114837,20.94439608383,0.));
#6178 = LINE('',#6179,#6180);
#6179 = CARTESIAN_POINT('',(-25.8324840657,20.545872400683,0.));
#6180 = VECTOR('',#6181,1.);
#6181 = DIRECTION('',(-0.766965104926,0.64168880918,0.));
#6182 = ORIENTED_EDGE('',*,*,#6183,.T.);
#6183 = EDGE_CURVE('',#6176,#6184,#6186,.T.);
#6184 = VERTEX_POINT('',#6185);
#6185 = CARTESIAN_POINT('',(-26.74985456931,21.361797835874,0.));
#6186 = LINE('',#6187,#6188);
#6187 = CARTESIAN_POINT('',(-26.30881114837,20.94439608383,0.));
#6188 = VECTOR('',#6189,1.);
#6189 = DIRECTION('',(-0.726305191587,0.68737236537,0.));
#6190 = ORIENTED_EDGE('',*,*,#6191,.T.);
#6191 = EDGE_CURVE('',#6184,#6192,#6194,.T.);
#6192 = VERTEX_POINT('',#6193);
#6193 = CARTESIAN_POINT('',(-27.12921783564,21.777285476471,0.));
#6194 = LINE('',#6195,#6196);
#6195 = CARTESIAN_POINT('',(-26.74985456931,21.361797835874,0.));
#6196 = VECTOR('',#6197,1.);
#6197 = DIRECTION('',(-0.674274196805,0.738481081358,0.));
#6198 = ORIENTED_EDGE('',*,*,#6199,.T.);
#6199 = EDGE_CURVE('',#6192,#6200,#6202,.T.);
#6200 = VERTEX_POINT('',#6201);
#6201 = CARTESIAN_POINT('',(-27.42050445446,22.170066825279,0.));
#6202 = LINE('',#6203,#6204);
#6203 = CARTESIAN_POINT('',(-27.12921783564,21.777285476471,0.));
#6204 = VECTOR('',#6205,1.);
#6205 = DIRECTION('',(-0.595673072452,0.803226985824,0.));
#6206 = ORIENTED_EDGE('',*,*,#6207,.T.);
#6207 = EDGE_CURVE('',#6200,#6208,#6210,.T.);
#6208 = VERTEX_POINT('',#6209);
#6209 = CARTESIAN_POINT('',(-27.81884955752,22.737777611473,0.));
#6210 = LINE('',#6211,#6212);
#6211 = CARTESIAN_POINT('',(-27.42050445446,22.170066825279,0.));
#6212 = VECTOR('',#6213,1.);
#6213 = DIRECTION('',(-0.574378957299,0.818589526815,0.));
#6214 = ORIENTED_EDGE('',*,*,#6215,.T.);
#6215 = EDGE_CURVE('',#6208,#6216,#6218,.T.);
#6216 = VERTEX_POINT('',#6217);
#6217 = CARTESIAN_POINT('',(-28.01962356468,23.104457616022,0.));
#6218 = LINE('',#6219,#6220);
#6219 = CARTESIAN_POINT('',(-27.81884955752,22.737777611473,0.));
#6220 = VECTOR('',#6221,1.);
#6221 = DIRECTION('',(-0.480265032579,0.877123422605,0.));
#6222 = ORIENTED_EDGE('',*,*,#6223,.T.);
#6223 = EDGE_CURVE('',#6216,#6224,#6226,.T.);
#6224 = VERTEX_POINT('',#6225);
#6225 = CARTESIAN_POINT('',(-28.60558162135,25.039555355991,0.));
#6226 = LINE('',#6227,#6228);
#6227 = CARTESIAN_POINT('',(-28.01962356468,23.104457616022,0.));
#6228 = VECTOR('',#6229,1.);
#6229 = DIRECTION('',(-0.289810246753,0.957084124242,0.));
#6230 = ORIENTED_EDGE('',*,*,#6231,.T.);
#6231 = EDGE_CURVE('',#6224,#6232,#6234,.T.);
#6232 = VERTEX_POINT('',#6233);
#6233 = CARTESIAN_POINT('',(-28.68507448185,25.261462139628,0.));
#6234 = LINE('',#6235,#6236);
#6235 = CARTESIAN_POINT('',(-28.60558162135,25.039555355991,0.));
#6236 = VECTOR('',#6237,1.);
#6237 = DIRECTION('',(-0.337240887632,0.941418389298,0.));
#6238 = ORIENTED_EDGE('',*,*,#6239,.T.);
#6239 = EDGE_CURVE('',#6232,#6240,#6242,.T.);
#6240 = VERTEX_POINT('',#6241);
#6241 = CARTESIAN_POINT('',(-28.76458190103,25.369971468661,0.));
#6242 = LINE('',#6243,#6244);
#6243 = CARTESIAN_POINT('',(-28.68507448185,25.261462139628,0.));
#6244 = VECTOR('',#6245,1.);
#6245 = DIRECTION('',(-0.591044135219,0.806639219368,0.));
#6246 = ORIENTED_EDGE('',*,*,#6247,.T.);
#6247 = EDGE_CURVE('',#6240,#6248,#6250,.T.);
#6248 = VERTEX_POINT('',#6249);
#6249 = CARTESIAN_POINT('',(-28.88355447206,25.431586825031,0.));
#6250 = LINE('',#6251,#6252);
#6251 = CARTESIAN_POINT('',(-28.76458190103,25.369971468661,0.));
#6252 = VECTOR('',#6253,1.);
#6253 = DIRECTION('',(-0.887980508883,0.459881088808,0.));
#6254 = ORIENTED_EDGE('',*,*,#6255,.T.);
#6255 = EDGE_CURVE('',#6248,#6256,#6258,.T.);
#6256 = VERTEX_POINT('',#6257);
#6257 = CARTESIAN_POINT('',(-28.92854820968,25.501370449338,0.));
#6258 = LINE('',#6259,#6260);
#6259 = CARTESIAN_POINT('',(-28.88355447206,25.431586825031,0.));
#6260 = VECTOR('',#6261,1.);
#6261 = DIRECTION('',(-0.541889114557,0.840449991091,0.));
#6262 = ORIENTED_EDGE('',*,*,#6263,.T.);
#6263 = EDGE_CURVE('',#6256,#6264,#6266,.T.);
#6264 = VERTEX_POINT('',#6265);
#6265 = CARTESIAN_POINT('',(-28.90901283952,25.573231554586,0.));
#6266 = LINE('',#6267,#6268);
#6267 = CARTESIAN_POINT('',(-28.92854820968,25.501370449338,0.));
#6268 = VECTOR('',#6269,1.);
#6269 = DIRECTION('',(0.262328484523,0.964978635104,0.));
#6270 = ORIENTED_EDGE('',*,*,#6271,.T.);
#6271 = EDGE_CURVE('',#6264,#6272,#6274,.T.);
#6272 = VERTEX_POINT('',#6273);
#6273 = CARTESIAN_POINT('',(-28.83439808719,25.64107935378,0.));
#6274 = LINE('',#6275,#6276);
#6275 = CARTESIAN_POINT('',(-28.90901283952,25.573231554586,0.));
#6276 = VECTOR('',#6277,1.);
#6277 = DIRECTION('',(0.739860083712,0.67276077214,0.));
#6278 = ORIENTED_EDGE('',*,*,#6279,.T.);
#6279 = EDGE_CURVE('',#6272,#6280,#6282,.T.);
#6280 = VERTEX_POINT('',#6281);
#6281 = CARTESIAN_POINT('',(-28.55772933851,25.740371886022,0.));
#6282 = LINE('',#6283,#6284);
#6283 = CARTESIAN_POINT('',(-28.83439808719,25.64107935378,0.));
#6284 = VECTOR('',#6285,1.);
#6285 = DIRECTION('',(0.941221123139,0.337791055769,0.));
#6286 = ORIENTED_EDGE('',*,*,#6287,.T.);
#6287 = EDGE_CURVE('',#6280,#6288,#6290,.T.);
#6288 = VERTEX_POINT('',#6289);
#6289 = CARTESIAN_POINT('',(-28.17413976859,25.750521750103,0.));
#6290 = LINE('',#6291,#6292);
#6291 = CARTESIAN_POINT('',(-28.55772933851,25.740371886022,0.));
#6292 = VECTOR('',#6293,1.);
#6293 = DIRECTION('',(0.999650112119,2.645096103336E-02,0.));
#6294 = ORIENTED_EDGE('',*,*,#6295,.T.);
#6295 = EDGE_CURVE('',#6288,#6296,#6298,.T.);
#6296 = VERTEX_POINT('',#6297);
#6297 = CARTESIAN_POINT('',(-26.94853849489,25.704958066974,0.));
#6298 = LINE('',#6299,#6300);
#6299 = CARTESIAN_POINT('',(-28.17413976859,25.750521750103,0.));
#6300 = VECTOR('',#6301,1.);
#6301 = DIRECTION('',(0.999309665864,-3.715093149847E-02,0.));
#6302 = ORIENTED_EDGE('',*,*,#6303,.T.);
#6303 = EDGE_CURVE('',#6296,#6304,#6306,.T.);
#6304 = VERTEX_POINT('',#6305);
#6305 = CARTESIAN_POINT('',(-24.62432409969,25.705187473589,0.));
#6306 = LINE('',#6307,#6308);
#6307 = CARTESIAN_POINT('',(-26.94853849489,25.704958066974,0.));
#6308 = VECTOR('',#6309,1.);
#6309 = DIRECTION('',(0.999999995129,9.870286263001E-05,0.));
#6310 = ORIENTED_EDGE('',*,*,#6311,.T.);
#6311 = EDGE_CURVE('',#6304,#6312,#6314,.T.);
#6312 = VERTEX_POINT('',#6313);
#6313 = CARTESIAN_POINT('',(-20.31145849871,25.710622645705,0.));
#6314 = LINE('',#6315,#6316);
#6315 = CARTESIAN_POINT('',(-24.62432409969,25.705187473589,0.));
#6316 = VECTOR('',#6317,1.);
#6317 = DIRECTION('',(0.99999920592,1.260221927373E-03,0.));
#6318 = ORIENTED_EDGE('',*,*,#6319,.T.);
#6319 = EDGE_CURVE('',#6312,#6320,#6322,.T.);
#6320 = VERTEX_POINT('',#6321);
#6321 = CARTESIAN_POINT('',(-13.91974819612,25.710869698983,0.));
#6322 = LINE('',#6323,#6324);
#6323 = CARTESIAN_POINT('',(-20.31145849871,25.710622645705,0.));
#6324 = VECTOR('',#6325,1.);
#6325 = DIRECTION('',(0.999999999253,3.865213943202E-05,0.));
#6326 = ORIENTED_EDGE('',*,*,#6327,.T.);
#6327 = EDGE_CURVE('',#6320,#6328,#6330,.T.);
#6328 = VERTEX_POINT('',#6329);
#6329 = CARTESIAN_POINT('',(-11.7943545175,25.724845855854,0.));
#6330 = LINE('',#6331,#6332);
#6331 = CARTESIAN_POINT('',(-13.91974819612,25.710869698983,0.));
#6332 = VECTOR('',#6333,1.);
#6333 = DIRECTION('',(0.99997838015,6.575654594342E-03,0.));
#6334 = ORIENTED_EDGE('',*,*,#6335,.T.);
#6335 = EDGE_CURVE('',#6328,#6336,#6338,.T.);
#6336 = VERTEX_POINT('',#6337);
#6337 = CARTESIAN_POINT('',(-9.622411861872,25.724828209191,0.));
#6338 = LINE('',#6339,#6340);
#6339 = CARTESIAN_POINT('',(-11.7943545175,25.724845855854,0.));
#6340 = VECTOR('',#6341,1.);
#6341 = DIRECTION('',(0.999999999967,-8.124829018694E-06,0.));
#6342 = ORIENTED_EDGE('',*,*,#6343,.T.);
#6343 = EDGE_CURVE('',#6336,#6344,#6346,.T.);
#6344 = VERTEX_POINT('',#6345);
#6345 = CARTESIAN_POINT('',(-3.494427331422,25.724051756031,0.));
#6346 = LINE('',#6347,#6348);
#6347 = CARTESIAN_POINT('',(-9.622411861872,25.724828209191,0.));
#6348 = VECTOR('',#6349,1.);
#6349 = DIRECTION('',(0.999999991973,-1.267061216221E-04,0.));
#6350 = ORIENTED_EDGE('',*,*,#6351,.T.);
#6351 = EDGE_CURVE('',#6344,#278,#6352,.T.);
#6352 = LINE('',#6353,#6354);
#6353 = CARTESIAN_POINT('',(-3.494427331422,25.724051756031,0.));
#6354 = VECTOR('',#6355,1.);
#6355 = DIRECTION('',(0.999982595166,5.899946150673E-03,0.));
#6356 = PLANE('',#6357);
#6357 = AXIS2_PLACEMENT_3D('',#6358,#6359,#6360);
#6358 = CARTESIAN_POINT('',(1.647943949361,-5.796627239199,0.));
#6359 = DIRECTION('',(-0.,-0.,-1.));
#6360 = DIRECTION('',(-1.,0.,0.));
#6361 = SHELL_BASED_SURFACE_MODEL('',(#6362));
#6362 = OPEN_SHELL('',(#6363));
#6363 = ADVANCED_FACE('',(#6364),#8718,.T.);
#6364 = FACE_BOUND('',#6365,.T.);
#6365 = EDGE_LOOP('',(#6366,#6376,#6384,#6392,#6400,#6408,#6416,#6424,
    #6432,#6440,#6448,#6456,#6464,#6472,#6480,#6488,#6496,#6504,#6512,
    #6520,#6528,#6536,#6544,#6552,#6560,#6568,#6576,#6584,#6592,#6600,
    #6608,#6616,#6624,#6632,#6640,#6648,#6656,#6664,#6672,#6680,#6688,
    #6696,#6704,#6712,#6720,#6728,#6736,#6744,#6752,#6760,#6768,#6776,
    #6784,#6792,#6800,#6808,#6816,#6824,#6832,#6840,#6848,#6856,#6864,
    #6872,#6880,#6888,#6896,#6904,#6912,#6920,#6928,#6936,#6944,#6952,
    #6960,#6968,#6976,#6984,#6992,#7000,#7008,#7016,#7024,#7032,#7040,
    #7048,#7056,#7064,#7072,#7080,#7088,#7096,#7104,#7112,#7120,#7128,
    #7136,#7144,#7152,#7160,#7168,#7176,#7184,#7192,#7200,#7208,#7216,
    #7224,#7232,#7240,#7248,#7256,#7264,#7272,#7280,#7288,#7296,#7304,
    #7312,#7320,#7328,#7336,#7344,#7352,#7360,#7368,#7376,#7384,#7392,
    #7400,#7408,#7416,#7424,#7432,#7440,#7448,#7456,#7464,#7472,#7480,
    #7488,#7496,#7504,#7512,#7520,#7528,#7536,#7544,#7552,#7560,#7568,
    #7576,#7584,#7592,#7600,#7608,#7616,#7624,#7632,#7640,#7648,#7656,
    #7664,#7672,#7680,#7688,#7696,#7704,#7712,#7720,#7728,#7736,#7744,
    #7752,#7760,#7768,#7776,#7784,#7792,#7800,#7808,#7816,#7824,#7832,
    #7840,#7848,#7856,#7864,#7872,#7880,#7888,#7896,#7904,#7912,#7920,
    #7928,#7936,#7944,#7952,#7960,#7968,#7976,#7984,#7992,#8000,#8008,
    #8016,#8024,#8032,#8040,#8048,#8056,#8064,#8072,#8080,#8088,#8096,
    #8104,#8112,#8120,#8128,#8136,#8144,#8152,#8160,#8168,#8176,#8184,
    #8192,#8200,#8208,#8216,#8224,#8232,#8240,#8248,#8256,#8264,#8272,
    #8280,#8288,#8296,#8304,#8312,#8320,#8328,#8336,#8344,#8352,#8360,
    #8368,#8376,#8384,#8392,#8400,#8408,#8416,#8424,#8432,#8440,#8448,
    #8456,#8464,#8472,#8480,#8488,#8496,#8504,#8512,#8520,#8528,#8536,
    #8544,#8552,#8560,#8568,#8576,#8584,#8592,#8600,#8608,#8616,#8624,
    #8632,#8640,#8648,#8656,#8664,#8672,#8680,#8688,#8696,#8704,#8712));
#6366 = ORIENTED_EDGE('',*,*,#6367,.T.);
#6367 = EDGE_CURVE('',#6368,#6370,#6372,.T.);
#6368 = VERTEX_POINT('',#6369);
#6369 = CARTESIAN_POINT('',(-22.51444027621,16.126914238641,0.));
#6370 = VERTEX_POINT('',#6371);
#6371 = CARTESIAN_POINT('',(-20.61983091269,16.16298401723,0.));
#6372 = LINE('',#6373,#6374);
#6373 = CARTESIAN_POINT('',(-22.51444027621,16.126914238641,0.));
#6374 = VECTOR('',#6375,1.);
#6375 = DIRECTION('',(0.999818824462,1.90346592399E-02,0.));
#6376 = ORIENTED_EDGE('',*,*,#6377,.T.);
#6377 = EDGE_CURVE('',#6370,#6378,#6380,.T.);
#6378 = VERTEX_POINT('',#6379);
#6379 = CARTESIAN_POINT('',(-19.76810886762,16.157019445232,0.));
#6380 = LINE('',#6381,#6382);
#6381 = CARTESIAN_POINT('',(-20.61983091269,16.16298401723,0.));
#6382 = VECTOR('',#6383,1.);
#6383 = DIRECTION('',(0.999975480206,-7.002784279217E-03,0.));
#6384 = ORIENTED_EDGE('',*,*,#6385,.T.);
#6385 = EDGE_CURVE('',#6378,#6386,#6388,.T.);
#6386 = VERTEX_POINT('',#6387);
#6387 = CARTESIAN_POINT('',(-18.09451979275,16.071997824273,0.));
#6388 = LINE('',#6389,#6390);
#6389 = CARTESIAN_POINT('',(-19.76810886762,16.157019445232,0.));
#6390 = VECTOR('',#6391,1.);
#6391 = DIRECTION('',(0.998712072369,-5.073654013387E-02,0.));
#6392 = ORIENTED_EDGE('',*,*,#6393,.T.);
#6393 = EDGE_CURVE('',#6386,#6394,#6396,.T.);
#6394 = VERTEX_POINT('',#6395);
#6395 = CARTESIAN_POINT('',(-15.87449464503,15.96082384917,0.));
#6396 = LINE('',#6397,#6398);
#6397 = CARTESIAN_POINT('',(-18.09451979275,16.071997824273,0.));
#6398 = VECTOR('',#6399,1.);
#6399 = DIRECTION('',(0.998748460433,-5.001512554386E-02,0.));
#6400 = ORIENTED_EDGE('',*,*,#6401,.T.);
#6401 = EDGE_CURVE('',#6394,#6402,#6404,.T.);
#6402 = VERTEX_POINT('',#6403);
#6403 = CARTESIAN_POINT('',(-14.788533023,15.882419726729,0.));
#6404 = LINE('',#6405,#6406);
#6405 = CARTESIAN_POINT('',(-15.87449464503,15.96082384917,0.));
#6406 = VECTOR('',#6407,1.);
#6407 = DIRECTION('',(0.997403878237,-7.201044144379E-02,0.));
#6408 = ORIENTED_EDGE('',*,*,#6409,.T.);
#6409 = EDGE_CURVE('',#6402,#6410,#6412,.T.);
#6410 = VERTEX_POINT('',#6411);
#6411 = CARTESIAN_POINT('',(-14.03001569565,15.832323057115,0.));
#6412 = LINE('',#6413,#6414);
#6413 = CARTESIAN_POINT('',(-14.788533023,15.882419726729,0.));
#6414 = VECTOR('',#6415,1.);
#6415 = DIRECTION('',(0.99782610413,-6.590194168082E-02,0.));
#6416 = ORIENTED_EDGE('',*,*,#6417,.T.);
#6417 = EDGE_CURVE('',#6410,#6418,#6420,.T.);
#6418 = VERTEX_POINT('',#6419);
#6419 = CARTESIAN_POINT('',(-13.54741461482,15.74052291184,0.));
#6420 = LINE('',#6421,#6422);
#6421 = CARTESIAN_POINT('',(-14.03001569565,15.832323057115,0.));
#6422 = VECTOR('',#6423,1.);
#6423 = DIRECTION('',(0.982384883437,-0.186868779614,0.));
#6424 = ORIENTED_EDGE('',*,*,#6425,.T.);
#6425 = EDGE_CURVE('',#6418,#6426,#6428,.T.);
#6426 = VERTEX_POINT('',#6427);
#6427 = CARTESIAN_POINT('',(-13.07417962299,15.586968270395,0.));
#6428 = LINE('',#6429,#6430);
#6429 = CARTESIAN_POINT('',(-13.54741461482,15.74052291184,0.));
#6430 = VECTOR('',#6431,1.);
#6431 = DIRECTION('',(0.951179738544,-0.308637497694,0.));
#6432 = ORIENTED_EDGE('',*,*,#6433,.T.);
#6433 = EDGE_CURVE('',#6426,#6434,#6436,.T.);
#6434 = VERTEX_POINT('',#6435);
#6435 = CARTESIAN_POINT('',(-12.68654971397,15.537056890739,0.));
#6436 = LINE('',#6437,#6438);
#6437 = CARTESIAN_POINT('',(-13.07417962299,15.586968270395,0.));
#6438 = VECTOR('',#6439,1.);
#6439 = DIRECTION('',(0.991812053452,-0.127706110378,0.));
#6440 = ORIENTED_EDGE('',*,*,#6441,.T.);
#6441 = EDGE_CURVE('',#6434,#6442,#6444,.T.);
#6442 = VERTEX_POINT('',#6443);
#6443 = CARTESIAN_POINT('',(-12.12013912179,15.467599626294,0.));
#6444 = LINE('',#6445,#6446);
#6445 = CARTESIAN_POINT('',(-12.68654971397,15.537056890739,0.));
#6446 = VECTOR('',#6447,1.);
#6447 = DIRECTION('',(0.992565049765,-0.121715331761,0.));
#6448 = ORIENTED_EDGE('',*,*,#6449,.T.);
#6449 = EDGE_CURVE('',#6442,#6450,#6452,.T.);
#6450 = VERTEX_POINT('',#6451);
#6451 = CARTESIAN_POINT('',(-11.31764485223,15.267817346035,0.));
#6452 = LINE('',#6453,#6454);
#6453 = CARTESIAN_POINT('',(-12.12013912179,15.467599626294,0.));
#6454 = VECTOR('',#6455,1.);
#6455 = DIRECTION('',(0.970381390031,-0.241578057533,0.));
#6456 = ORIENTED_EDGE('',*,*,#6457,.T.);
#6457 = EDGE_CURVE('',#6450,#6458,#6460,.T.);
#6458 = VERTEX_POINT('',#6459);
#6459 = CARTESIAN_POINT('',(-10.81698129304,15.091143370602,0.));
#6460 = LINE('',#6461,#6462);
#6461 = CARTESIAN_POINT('',(-11.31764485223,15.267817346035,0.));
#6462 = VECTOR('',#6463,1.);
#6463 = DIRECTION('',(0.943008545127,-0.332768513862,0.));
#6464 = ORIENTED_EDGE('',*,*,#6465,.T.);
#6465 = EDGE_CURVE('',#6458,#6466,#6468,.T.);
#6466 = VERTEX_POINT('',#6467);
#6467 = CARTESIAN_POINT('',(-10.22745150503,14.87258945288,0.));
#6468 = LINE('',#6469,#6470);
#6469 = CARTESIAN_POINT('',(-10.81698129304,15.091143370602,0.));
#6470 = VECTOR('',#6471,1.);
#6471 = DIRECTION('',(0.937640164616,-0.347607424689,0.));
#6472 = ORIENTED_EDGE('',*,*,#6473,.T.);
#6473 = EDGE_CURVE('',#6466,#6474,#6476,.T.);
#6474 = VERTEX_POINT('',#6475);
#6475 = CARTESIAN_POINT('',(-9.310875359801,14.559572949647,0.));
#6476 = LINE('',#6477,#6478);
#6477 = CARTESIAN_POINT('',(-10.22745150503,14.87258945288,0.));
#6478 = VECTOR('',#6479,1.);
#6479 = DIRECTION('',(0.946337452313,-0.323180176294,0.));
#6480 = ORIENTED_EDGE('',*,*,#6481,.T.);
#6481 = EDGE_CURVE('',#6474,#6482,#6484,.T.);
#6482 = VERTEX_POINT('',#6483);
#6483 = CARTESIAN_POINT('',(-8.544641928046,14.328613428037,0.));
#6484 = LINE('',#6485,#6486);
#6485 = CARTESIAN_POINT('',(-9.310875359801,14.559572949647,0.));
#6486 = VECTOR('',#6487,1.);
#6487 = DIRECTION('',(0.957450779106,-0.28859661396,0.));
#6488 = ORIENTED_EDGE('',*,*,#6489,.T.);
#6489 = EDGE_CURVE('',#6482,#6490,#6492,.T.);
#6490 = VERTEX_POINT('',#6491);
#6491 = CARTESIAN_POINT('',(-8.294575237888,14.258181736935,0.));
#6492 = LINE('',#6493,#6494);
#6493 = CARTESIAN_POINT('',(-8.544641928046,14.328613428037,0.));
#6494 = VECTOR('',#6495,1.);
#6495 = DIRECTION('',(0.962550115243,-0.271103809723,0.));
#6496 = ORIENTED_EDGE('',*,*,#6497,.T.);
#6497 = EDGE_CURVE('',#6490,#6498,#6500,.T.);
#6498 = VERTEX_POINT('',#6499);
#6499 = CARTESIAN_POINT('',(-7.885152793436,14.091548161127,0.));
#6500 = LINE('',#6501,#6502);
#6501 = CARTESIAN_POINT('',(-8.294575237888,14.258181736935,0.));
#6502 = VECTOR('',#6503,1.);
#6503 = DIRECTION('',(0.926225227489,-0.376970592969,0.));
#6504 = ORIENTED_EDGE('',*,*,#6505,.T.);
#6505 = EDGE_CURVE('',#6498,#6506,#6508,.T.);
#6506 = VERTEX_POINT('',#6507);
#6507 = CARTESIAN_POINT('',(-7.198584499976,13.737644340384,0.));
#6508 = LINE('',#6509,#6510);
#6509 = CARTESIAN_POINT('',(-7.885152793436,14.091548161127,0.));
#6510 = VECTOR('',#6511,1.);
#6511 = DIRECTION('',(0.88886009038,-0.458178720294,0.));
#6512 = ORIENTED_EDGE('',*,*,#6513,.T.);
#6513 = EDGE_CURVE('',#6506,#6514,#6516,.T.);
#6514 = VERTEX_POINT('',#6515);
#6515 = CARTESIAN_POINT('',(-6.789293690325,13.488658752811,0.));
#6516 = LINE('',#6517,#6518);
#6517 = CARTESIAN_POINT('',(-7.198584499976,13.737644340384,0.));
#6518 = VECTOR('',#6519,1.);
#6519 = DIRECTION('',(0.854335685326,-0.519721595451,0.));
#6520 = ORIENTED_EDGE('',*,*,#6521,.T.);
#6521 = EDGE_CURVE('',#6514,#6522,#6524,.T.);
#6522 = VERTEX_POINT('',#6523);
#6523 = CARTESIAN_POINT('',(-6.437320433573,13.369587896143,0.));
#6524 = LINE('',#6525,#6526);
#6525 = CARTESIAN_POINT('',(-6.789293690325,13.488658752811,0.));
#6526 = VECTOR('',#6527,1.);
#6527 = DIRECTION('',(0.947263813222,-0.32045478333,0.));
#6528 = ORIENTED_EDGE('',*,*,#6529,.T.);
#6529 = EDGE_CURVE('',#6522,#6530,#6532,.T.);
#6530 = VERTEX_POINT('',#6531);
#6531 = CARTESIAN_POINT('',(-6.135744500237,13.285481695812,0.));
#6532 = LINE('',#6533,#6534);
#6533 = CARTESIAN_POINT('',(-6.437320433573,13.369587896143,0.));
#6534 = VECTOR('',#6535,1.);
#6535 = DIRECTION('',(0.963241377604,-0.268637392168,0.));
#6536 = ORIENTED_EDGE('',*,*,#6537,.T.);
#6537 = EDGE_CURVE('',#6530,#6538,#6540,.T.);
#6538 = VERTEX_POINT('',#6539);
#6539 = CARTESIAN_POINT('',(-5.883566193772,13.145510572992,0.));
#6540 = LINE('',#6541,#6542);
#6541 = CARTESIAN_POINT('',(-6.135744500237,13.285481695812,0.));
#6542 = VECTOR('',#6543,1.);
#6543 = DIRECTION('',(0.874345521493,-0.48530393471,0.));
#6544 = ORIENTED_EDGE('',*,*,#6545,.T.);
#6545 = EDGE_CURVE('',#6538,#6546,#6548,.T.);
#6546 = VERTEX_POINT('',#6547);
#6547 = CARTESIAN_POINT('',(-5.13889903118,12.648721724248,0.));
#6548 = LINE('',#6549,#6550);
#6549 = CARTESIAN_POINT('',(-5.883566193772,13.145510572992,0.));
#6550 = VECTOR('',#6551,1.);
#6551 = DIRECTION('',(0.831872851588,-0.554966268156,0.));
#6552 = ORIENTED_EDGE('',*,*,#6553,.T.);
#6553 = EDGE_CURVE('',#6546,#6554,#6556,.T.);
#6554 = VERTEX_POINT('',#6555);
#6555 = CARTESIAN_POINT('',(-4.612306449458,12.291959144145,0.));
#6556 = LINE('',#6557,#6558);
#6557 = CARTESIAN_POINT('',(-5.13889903118,12.648721724248,0.));
#6558 = VECTOR('',#6559,1.);
#6559 = DIRECTION('',(0.827890530522,-0.560889712397,0.));
#6560 = ORIENTED_EDGE('',*,*,#6561,.T.);
#6561 = EDGE_CURVE('',#6554,#6562,#6564,.T.);
#6562 = VERTEX_POINT('',#6563);
#6563 = CARTESIAN_POINT('',(-4.348381708585,12.076916912303,0.));
#6564 = LINE('',#6565,#6566);
#6565 = CARTESIAN_POINT('',(-4.612306449458,12.291959144145,0.));
#6566 = VECTOR('',#6567,1.);
#6567 = DIRECTION('',(0.775245855551,-0.631659610432,0.));
#6568 = ORIENTED_EDGE('',*,*,#6569,.T.);
#6569 = EDGE_CURVE('',#6562,#6570,#6572,.T.);
#6570 = VERTEX_POINT('',#6571);
#6571 = CARTESIAN_POINT('',(-4.069126669717,11.868192185714,0.));
#6572 = LINE('',#6573,#6574);
#6573 = CARTESIAN_POINT('',(-4.348381708585,12.076916912303,0.));
#6574 = VECTOR('',#6575,1.);
#6575 = DIRECTION('',(0.800985454524,-0.598683807732,0.));
#6576 = ORIENTED_EDGE('',*,*,#6577,.T.);
#6577 = EDGE_CURVE('',#6570,#6578,#6580,.T.);
#6578 = VERTEX_POINT('',#6579);
#6579 = CARTESIAN_POINT('',(-3.511424599141,11.524093291941,0.));
#6580 = LINE('',#6581,#6582);
#6581 = CARTESIAN_POINT('',(-4.069126669717,11.868192185714,0.));
#6582 = VECTOR('',#6583,1.);
#6583 = DIRECTION('',(0.851046343891,-0.525090583185,0.));
#6584 = ORIENTED_EDGE('',*,*,#6585,.T.);
#6585 = EDGE_CURVE('',#6578,#6586,#6588,.T.);
#6586 = VERTEX_POINT('',#6587);
#6587 = CARTESIAN_POINT('',(-2.625642504537,10.873749801752,0.));
#6588 = LINE('',#6589,#6590);
#6589 = CARTESIAN_POINT('',(-3.511424599141,11.524093291941,0.));
#6590 = VECTOR('',#6591,1.);
#6591 = DIRECTION('',(0.806070734446,-0.591819204715,0.));
#6592 = ORIENTED_EDGE('',*,*,#6593,.T.);
#6593 = EDGE_CURVE('',#6586,#6594,#6596,.T.);
#6594 = VERTEX_POINT('',#6595);
#6595 = CARTESIAN_POINT('',(-1.830660517758,10.248616775084,0.));
#6596 = LINE('',#6597,#6598);
#6597 = CARTESIAN_POINT('',(-2.625642504537,10.873749801752,0.));
#6598 = VECTOR('',#6599,1.);
#6599 = DIRECTION('',(0.786076020836,-0.618129832209,0.));
#6600 = ORIENTED_EDGE('',*,*,#6601,.T.);
#6601 = EDGE_CURVE('',#6594,#6602,#6604,.T.);
#6602 = VERTEX_POINT('',#6603);
#6603 = CARTESIAN_POINT('',(-1.62949827893,10.022386559082,0.));
#6604 = LINE('',#6605,#6606);
#6605 = CARTESIAN_POINT('',(-1.830660517758,10.248616775084,0.));
#6606 = VECTOR('',#6607,1.);
#6607 = DIRECTION('',(0.664490624069,-0.747296601441,0.));
#6608 = ORIENTED_EDGE('',*,*,#6609,.T.);
#6609 = EDGE_CURVE('',#6602,#6610,#6612,.T.);
#6610 = VERTEX_POINT('',#6611);
#6611 = CARTESIAN_POINT('',(-1.208752208621,9.514674426117,0.));
#6612 = LINE('',#6613,#6614);
#6613 = CARTESIAN_POINT('',(-1.62949827893,10.022386559082,0.));
#6614 = VECTOR('',#6615,1.);
#6615 = DIRECTION('',(0.638081079821,-0.769969178328,0.));
#6616 = ORIENTED_EDGE('',*,*,#6617,.T.);
#6617 = EDGE_CURVE('',#6610,#6618,#6620,.T.);
#6618 = VERTEX_POINT('',#6619);
#6619 = CARTESIAN_POINT('',(-0.671594872632,8.941140241226,0.));
#6620 = LINE('',#6621,#6622);
#6621 = CARTESIAN_POINT('',(-1.208752208621,9.514674426117,0.));
#6622 = VECTOR('',#6623,1.);
#6623 = DIRECTION('',(0.683581422873,-0.729874261982,0.));
#6624 = ORIENTED_EDGE('',*,*,#6625,.T.);
#6625 = EDGE_CURVE('',#6618,#6626,#6628,.T.);
#6626 = VERTEX_POINT('',#6627);
#6627 = CARTESIAN_POINT('',(-0.189974076764,8.476980071842,0.));
#6628 = LINE('',#6629,#6630);
#6629 = CARTESIAN_POINT('',(-0.671594872632,8.941140241226,0.));
#6630 = VECTOR('',#6631,1.);
#6631 = DIRECTION('',(0.72003840612,-0.693934214253,0.));
#6632 = ORIENTED_EDGE('',*,*,#6633,.T.);
#6633 = EDGE_CURVE('',#6626,#6634,#6636,.T.);
#6634 = VERTEX_POINT('',#6635);
#6635 = CARTESIAN_POINT('',(0.135829939109,8.125599723866,0.));
#6636 = LINE('',#6637,#6638);
#6637 = CARTESIAN_POINT('',(-0.189974076764,8.476980071842,0.));
#6638 = VECTOR('',#6639,1.);
#6639 = DIRECTION('',(0.679915553294,-0.733290420222,0.));
#6640 = ORIENTED_EDGE('',*,*,#6641,.T.);
#6641 = EDGE_CURVE('',#6634,#6642,#6644,.T.);
#6642 = VERTEX_POINT('',#6643);
#6643 = CARTESIAN_POINT('',(0.686031859148,7.320453090845,0.));
#6644 = LINE('',#6645,#6646);
#6645 = CARTESIAN_POINT('',(0.135829939109,8.125599723866,0.));
#6646 = VECTOR('',#6647,1.);
#6647 = DIRECTION('',(0.564203358474,-0.825635858164,0.));
#6648 = ORIENTED_EDGE('',*,*,#6649,.T.);
#6649 = EDGE_CURVE('',#6642,#6650,#6652,.T.);
#6650 = VERTEX_POINT('',#6651);
#6651 = CARTESIAN_POINT('',(1.333524635213,6.398432610665,0.));
#6652 = LINE('',#6653,#6654);
#6653 = CARTESIAN_POINT('',(0.686031859148,7.320453090845,0.));
#6654 = VECTOR('',#6655,1.);
#6655 = DIRECTION('',(0.574699794026,-0.81836431175,0.));
#6656 = ORIENTED_EDGE('',*,*,#6657,.T.);
#6657 = EDGE_CURVE('',#6650,#6658,#6660,.T.);
#6658 = VERTEX_POINT('',#6659);
#6659 = CARTESIAN_POINT('',(1.533036889452,6.14793823343,0.));
#6660 = LINE('',#6661,#6662);
#6661 = CARTESIAN_POINT('',(1.333524635213,6.398432610665,0.));
#6662 = VECTOR('',#6663,1.);
#6663 = DIRECTION('',(0.623011833726,-0.782212410434,0.));
#6664 = ORIENTED_EDGE('',*,*,#6665,.T.);
#6665 = EDGE_CURVE('',#6658,#6666,#6668,.T.);
#6666 = VERTEX_POINT('',#6667);
#6667 = CARTESIAN_POINT('',(1.791761752421,5.783404504234,0.));
#6668 = LINE('',#6669,#6670);
#6669 = CARTESIAN_POINT('',(1.533036889452,6.14793823343,0.));
#6670 = VECTOR('',#6671,1.);
#6671 = DIRECTION('',(0.578781977793,-0.815482324874,0.));
#6672 = ORIENTED_EDGE('',*,*,#6673,.T.);
#6673 = EDGE_CURVE('',#6666,#6674,#6676,.T.);
#6674 = VERTEX_POINT('',#6675);
#6675 = CARTESIAN_POINT('',(2.027818738868,5.302468976106,0.));
#6676 = LINE('',#6677,#6678);
#6677 = CARTESIAN_POINT('',(1.791761752421,5.783404504234,0.));
#6678 = VECTOR('',#6679,1.);
#6679 = DIRECTION('',(0.440615077044,-0.89769613672,0.));
#6680 = ORIENTED_EDGE('',*,*,#6681,.T.);
#6681 = EDGE_CURVE('',#6674,#6682,#6684,.T.);
#6682 = VERTEX_POINT('',#6683);
#6683 = CARTESIAN_POINT('',(2.184625509616,4.935788971557,0.));
#6684 = LINE('',#6685,#6686);
#6685 = CARTESIAN_POINT('',(2.027818738868,5.302468976106,0.));
#6686 = VECTOR('',#6687,1.);
#6687 = DIRECTION('',(0.393195095986,-0.919455064966,0.));
#6688 = ORIENTED_EDGE('',*,*,#6689,.T.);
#6689 = EDGE_CURVE('',#6682,#6690,#6692,.T.);
#6690 = VERTEX_POINT('',#6691);
#6691 = CARTESIAN_POINT('',(2.386952443448,4.507927987376,0.));
#6692 = LINE('',#6693,#6694);
#6693 = CARTESIAN_POINT('',(2.184625509616,4.935788971557,0.));
#6694 = VECTOR('',#6695,1.);
#6695 = DIRECTION('',(0.427492517886,-0.904018886501,0.));
#6696 = ORIENTED_EDGE('',*,*,#6697,.T.);
#6697 = EDGE_CURVE('',#6690,#6698,#6700,.T.);
#6698 = VERTEX_POINT('',#6699);
#6699 = CARTESIAN_POINT('',(2.641613006142,4.15790643243,0.));
#6700 = LINE('',#6701,#6702);
#6701 = CARTESIAN_POINT('',(2.386952443448,4.507927987376,0.));
#6702 = VECTOR('',#6703,1.);
#6703 = DIRECTION('',(0.588321929883,-0.808626803179,0.));
#6704 = ORIENTED_EDGE('',*,*,#6705,.T.);
#6705 = EDGE_CURVE('',#6698,#6706,#6708,.T.);
#6706 = VERTEX_POINT('',#6707);
#6707 = CARTESIAN_POINT('',(2.756582961755,4.023760914139,0.));
#6708 = LINE('',#6709,#6710);
#6709 = CARTESIAN_POINT('',(2.641613006142,4.15790643243,0.));
#6710 = VECTOR('',#6711,1.);
#6711 = DIRECTION('',(0.650752487509,-0.759289931449,0.));
#6712 = ORIENTED_EDGE('',*,*,#6713,.T.);
#6713 = EDGE_CURVE('',#6706,#6714,#6716,.T.);
#6714 = VERTEX_POINT('',#6715);
#6715 = CARTESIAN_POINT('',(2.804670306746,3.90880614155,0.));
#6716 = LINE('',#6717,#6718);
#6717 = CARTESIAN_POINT('',(2.756582961755,4.023760914139,0.));
#6718 = VECTOR('',#6719,1.);
#6719 = DIRECTION('',(0.385910973375,-0.922536026738,0.));
#6720 = ORIENTED_EDGE('',*,*,#6721,.T.);
#6721 = EDGE_CURVE('',#6714,#6722,#6724,.T.);
#6722 = VERTEX_POINT('',#6723);
#6723 = CARTESIAN_POINT('',(2.992601125036,3.301352865089,0.));
#6724 = LINE('',#6725,#6726);
#6725 = CARTESIAN_POINT('',(2.804670306746,3.90880614155,0.));
#6726 = VECTOR('',#6727,1.);
#6727 = DIRECTION('',(0.295553936619,-0.955326054575,0.));
#6728 = ORIENTED_EDGE('',*,*,#6729,.T.);
#6729 = EDGE_CURVE('',#6722,#6730,#6732,.T.);
#6730 = VERTEX_POINT('',#6731);
#6731 = CARTESIAN_POINT('',(3.268044214212,2.646875644159,0.));
#6732 = LINE('',#6733,#6734);
#6733 = CARTESIAN_POINT('',(2.992601125036,3.301352865089,0.));
#6734 = VECTOR('',#6735,1.);
#6735 = DIRECTION('',(0.387905951113,-0.921698960122,0.));
#6736 = ORIENTED_EDGE('',*,*,#6737,.T.);
#6737 = EDGE_CURVE('',#6730,#6738,#6740,.T.);
#6738 = VERTEX_POINT('',#6739);
#6739 = CARTESIAN_POINT('',(3.321015998877,2.510535322192,0.));
#6740 = LINE('',#6741,#6742);
#6741 = CARTESIAN_POINT('',(3.268044214212,2.646875644159,0.));
#6742 = VECTOR('',#6743,1.);
#6743 = DIRECTION('',(0.362152570189,-0.932118831429,0.));
#6744 = ORIENTED_EDGE('',*,*,#6745,.T.);
#6745 = EDGE_CURVE('',#6738,#6746,#6748,.T.);
#6746 = VERTEX_POINT('',#6747);
#6747 = CARTESIAN_POINT('',(3.323716635418,2.386622662442,0.));
#6748 = LINE('',#6749,#6750);
#6749 = CARTESIAN_POINT('',(3.321015998877,2.510535322192,0.));
#6750 = VECTOR('',#6751,1.);
#6751 = DIRECTION('',(2.178950369677E-02,-0.99976258058,0.));
#6752 = ORIENTED_EDGE('',*,*,#6753,.T.);
#6753 = EDGE_CURVE('',#6746,#6754,#6756,.T.);
#6754 = VERTEX_POINT('',#6755);
#6755 = CARTESIAN_POINT('',(3.327887699403,2.199526126842,0.));
#6756 = LINE('',#6757,#6758);
#6757 = CARTESIAN_POINT('',(3.323716635418,2.386622662442,0.));
#6758 = VECTOR('',#6759,1.);
#6759 = DIRECTION('',(2.228810829524E-02,-0.99975158926,0.));
#6760 = ORIENTED_EDGE('',*,*,#6761,.T.);
#6761 = EDGE_CURVE('',#6754,#6762,#6764,.T.);
#6762 = VERTEX_POINT('',#6763);
#6763 = CARTESIAN_POINT('',(3.384397245143,1.911274508896,0.));
#6764 = LINE('',#6765,#6766);
#6765 = CARTESIAN_POINT('',(3.327887699403,2.199526126842,0.));
#6766 = VECTOR('',#6767,1.);
#6767 = DIRECTION('',(0.19238043351,-0.981320421067,0.));
#6768 = ORIENTED_EDGE('',*,*,#6769,.T.);
#6769 = EDGE_CURVE('',#6762,#6770,#6772,.T.);
#6770 = VERTEX_POINT('',#6771);
#6771 = CARTESIAN_POINT('',(3.547706896332,1.2407189724,0.));
#6772 = LINE('',#6773,#6774);
#6773 = CARTESIAN_POINT('',(3.384397245143,1.911274508896,0.));
#6774 = VECTOR('',#6775,1.);
#6775 = DIRECTION('',(0.236627288384,-0.97160049732,0.));
#6776 = ORIENTED_EDGE('',*,*,#6777,.T.);
#6777 = EDGE_CURVE('',#6770,#6778,#6780,.T.);
#6778 = VERTEX_POINT('',#6779);
#6779 = CARTESIAN_POINT('',(3.701111787087,0.628165810415,0.));
#6780 = LINE('',#6781,#6782);
#6781 = CARTESIAN_POINT('',(3.547706896332,1.2407189724,0.));
#6782 = VECTOR('',#6783,1.);
#6783 = DIRECTION('',(0.24293295986,-0.970043079978,0.));
#6784 = ORIENTED_EDGE('',*,*,#6785,.T.);
#6785 = EDGE_CURVE('',#6778,#6786,#6788,.T.);
#6786 = VERTEX_POINT('',#6787);
#6787 = CARTESIAN_POINT('',(3.810811497806,0.356056477187,0.));
#6788 = LINE('',#6789,#6790);
#6789 = CARTESIAN_POINT('',(3.701111787087,0.628165810415,0.));
#6790 = VECTOR('',#6791,1.);
#6791 = DIRECTION('',(0.373904438066,-0.927467234566,0.));
#6792 = ORIENTED_EDGE('',*,*,#6793,.T.);
#6793 = EDGE_CURVE('',#6786,#6794,#6796,.T.);
#6794 = VERTEX_POINT('',#6795);
#6795 = CARTESIAN_POINT('',(3.895869416616,0.126107502746,0.));
#6796 = LINE('',#6797,#6798);
#6797 = CARTESIAN_POINT('',(3.810811497806,0.356056477187,0.));
#6798 = VECTOR('',#6799,1.);
#6799 = DIRECTION('',(0.346925642776,-0.937892636918,0.));
#6800 = ORIENTED_EDGE('',*,*,#6801,.T.);
#6801 = EDGE_CURVE('',#6794,#6802,#6804,.T.);
#6802 = VERTEX_POINT('',#6803);
#6803 = CARTESIAN_POINT('',(3.95944599194,-0.340547739309,0.));
#6804 = LINE('',#6805,#6806);
#6805 = CARTESIAN_POINT('',(3.895869416616,0.126107502746,0.));
#6806 = VECTOR('',#6807,1.);
#6807 = DIRECTION('',(0.134991820509,-0.990846712865,0.));
#6808 = ORIENTED_EDGE('',*,*,#6809,.T.);
#6809 = EDGE_CURVE('',#6802,#6810,#6812,.T.);
#6810 = VERTEX_POINT('',#6811);
#6811 = CARTESIAN_POINT('',(4.023873037262,-2.003055274491,0.));
#6812 = LINE('',#6813,#6814);
#6813 = CARTESIAN_POINT('',(3.95944599194,-0.340547739309,0.));
#6814 = VECTOR('',#6815,1.);
#6815 = DIRECTION('',(3.872386767462E-02,-0.999249949748,0.));
#6816 = ORIENTED_EDGE('',*,*,#6817,.T.);
#6817 = EDGE_CURVE('',#6810,#6818,#6820,.T.);
#6818 = VERTEX_POINT('',#6819);
#6819 = CARTESIAN_POINT('',(4.022907310988,-4.561055944127,0.));
#6820 = LINE('',#6821,#6822);
#6821 = CARTESIAN_POINT('',(4.023873037262,-2.003055274491,0.));
#6822 = VECTOR('',#6823,1.);
#6823 = DIRECTION('',(-3.77531646904E-04,-0.999999928735,0.));
#6824 = ORIENTED_EDGE('',*,*,#6825,.T.);
#6825 = EDGE_CURVE('',#6818,#6826,#6828,.T.);
#6826 = VERTEX_POINT('',#6827);
#6827 = CARTESIAN_POINT('',(3.962202436784,-5.110658221356,0.));
#6828 = LINE('',#6829,#6830);
#6829 = CARTESIAN_POINT('',(4.022907310988,-4.561055944127,0.));
#6830 = VECTOR('',#6831,1.);
#6831 = DIRECTION('',(-0.109784728511,-0.993955388026,0.));
#6832 = ORIENTED_EDGE('',*,*,#6833,.T.);
#6833 = EDGE_CURVE('',#6826,#6834,#6836,.T.);
#6834 = VERTEX_POINT('',#6835);
#6835 = CARTESIAN_POINT('',(3.83882241266,-5.61350952593,0.));
#6836 = LINE('',#6837,#6838);
#6837 = CARTESIAN_POINT('',(3.962202436784,-5.110658221356,0.));
#6838 = VECTOR('',#6839,1.);
#6839 = DIRECTION('',(-0.238292827703,-0.971193352667,0.));
#6840 = ORIENTED_EDGE('',*,*,#6841,.T.);
#6841 = EDGE_CURVE('',#6834,#6842,#6844,.T.);
#6842 = VERTEX_POINT('',#6843);
#6843 = CARTESIAN_POINT('',(3.596284383803,-6.692355897656,0.));
#6844 = LINE('',#6845,#6846);
#6845 = CARTESIAN_POINT('',(3.83882241266,-5.61350952593,0.));
#6846 = VECTOR('',#6847,1.);
#6847 = DIRECTION('',(-0.219337968011,-0.975648940854,0.));
#6848 = ORIENTED_EDGE('',*,*,#6849,.T.);
#6849 = EDGE_CURVE('',#6842,#6850,#6852,.T.);
#6850 = VERTEX_POINT('',#6851);
#6851 = CARTESIAN_POINT('',(3.509873720275,-7.363776120625,0.));
#6852 = LINE('',#6853,#6854);
#6853 = CARTESIAN_POINT('',(3.596284383803,-6.692355897656,0.));
#6854 = VECTOR('',#6855,1.);
#6855 = DIRECTION('',(-0.127645561195,-0.991819847909,0.));
#6856 = ORIENTED_EDGE('',*,*,#6857,.T.);
#6857 = EDGE_CURVE('',#6850,#6858,#6860,.T.);
#6858 = VERTEX_POINT('',#6859);
#6859 = CARTESIAN_POINT('',(3.509507326638,-7.511341925911,0.));
#6860 = LINE('',#6861,#6862);
#6861 = CARTESIAN_POINT('',(3.509873720275,-7.363776120625,0.));
#6862 = VECTOR('',#6863,1.);
#6863 = DIRECTION('',(-2.482909280267E-03,-0.999996917576,0.));
#6864 = ORIENTED_EDGE('',*,*,#6865,.T.);
#6865 = EDGE_CURVE('',#6858,#6866,#6868,.T.);
#6866 = VERTEX_POINT('',#6867);
#6867 = CARTESIAN_POINT('',(3.457384798747,-7.744749921973,0.));
#6868 = LINE('',#6869,#6870);
#6869 = CARTESIAN_POINT('',(3.509507326638,-7.511341925911,0.));
#6870 = VECTOR('',#6871,1.);
#6871 = DIRECTION('',(-0.217942761675,-0.975961552846,0.));
#6872 = ORIENTED_EDGE('',*,*,#6873,.T.);
#6873 = EDGE_CURVE('',#6866,#6874,#6876,.T.);
#6874 = VERTEX_POINT('',#6875);
#6875 = CARTESIAN_POINT('',(3.329345994606,-8.18032249776,0.));
#6876 = LINE('',#6877,#6878);
#6877 = CARTESIAN_POINT('',(3.457384798747,-7.744749921973,0.));
#6878 = VECTOR('',#6879,1.);
#6879 = DIRECTION('',(-0.282022837044,-0.959407691957,0.));
#6880 = ORIENTED_EDGE('',*,*,#6881,.T.);
#6881 = EDGE_CURVE('',#6874,#6882,#6884,.T.);
#6882 = VERTEX_POINT('',#6883);
#6883 = CARTESIAN_POINT('',(3.238247433685,-8.434187387574,0.));
#6884 = LINE('',#6885,#6886);
#6885 = CARTESIAN_POINT('',(3.329345994606,-8.18032249776,0.));
#6886 = VECTOR('',#6887,1.);
#6887 = DIRECTION('',(-0.337758254883,-0.941232894271,0.));
#6888 = ORIENTED_EDGE('',*,*,#6889,.T.);
#6889 = EDGE_CURVE('',#6882,#6890,#6892,.T.);
#6890 = VERTEX_POINT('',#6891);
#6891 = CARTESIAN_POINT('',(3.076684825003,-8.829066759141,0.));
#6892 = LINE('',#6893,#6894);
#6893 = CARTESIAN_POINT('',(3.238247433685,-8.434187387574,0.));
#6894 = VECTOR('',#6895,1.);
#6895 = DIRECTION('',(-0.378675104899,-0.925529667234,0.));
#6896 = ORIENTED_EDGE('',*,*,#6897,.T.);
#6897 = EDGE_CURVE('',#6890,#6898,#6900,.T.);
#6898 = VERTEX_POINT('',#6899);
#6899 = CARTESIAN_POINT('',(2.854674545598,-9.245669172509,0.));
#6900 = LINE('',#6901,#6902);
#6901 = CARTESIAN_POINT('',(3.076684825003,-8.829066759141,0.));
#6902 = VECTOR('',#6903,1.);
#6903 = DIRECTION('',(-0.470295182804,-0.882509173341,0.));
#6904 = ORIENTED_EDGE('',*,*,#6905,.T.);
#6905 = EDGE_CURVE('',#6898,#6906,#6908,.T.);
#6906 = VERTEX_POINT('',#6907);
#6907 = CARTESIAN_POINT('',(2.742165008181,-9.453158632709,0.));
#6908 = LINE('',#6909,#6910);
#6909 = CARTESIAN_POINT('',(2.854674545598,-9.245669172509,0.));
#6910 = VECTOR('',#6911,1.);
#6911 = DIRECTION('',(-0.476674258045,-0.879080003025,0.));
#6912 = ORIENTED_EDGE('',*,*,#6913,.T.);
#6913 = EDGE_CURVE('',#6906,#6914,#6916,.T.);
#6914 = VERTEX_POINT('',#6915);
#6915 = CARTESIAN_POINT('',(2.553183537939,-9.947127324168,0.));
#6916 = LINE('',#6917,#6918);
#6917 = CARTESIAN_POINT('',(2.742165008181,-9.453158632709,0.));
#6918 = VECTOR('',#6919,1.);
#6919 = DIRECTION('',(-0.35732071147,-0.933981749905,0.));
#6920 = ORIENTED_EDGE('',*,*,#6921,.T.);
#6921 = EDGE_CURVE('',#6914,#6922,#6924,.T.);
#6922 = VERTEX_POINT('',#6923);
#6923 = CARTESIAN_POINT('',(2.096598831769,-10.86801069752,0.));
#6924 = LINE('',#6925,#6926);
#6925 = CARTESIAN_POINT('',(2.553183537939,-9.947127324168,0.));
#6926 = VECTOR('',#6927,1.);
#6927 = DIRECTION('',(-0.444209126003,-0.895923128609,0.));
#6928 = ORIENTED_EDGE('',*,*,#6929,.T.);
#6929 = EDGE_CURVE('',#6922,#6930,#6932,.T.);
#6930 = VERTEX_POINT('',#6931);
#6931 = CARTESIAN_POINT('',(1.537950446501,-11.89774530399,0.));
#6932 = LINE('',#6933,#6934);
#6933 = CARTESIAN_POINT('',(2.096598831769,-10.86801069752,0.));
#6934 = VECTOR('',#6935,1.);
#6935 = DIRECTION('',(-0.476860825415,-0.878978812705,0.));
#6936 = ORIENTED_EDGE('',*,*,#6937,.T.);
#6937 = EDGE_CURVE('',#6930,#6938,#6940,.T.);
#6938 = VERTEX_POINT('',#6939);
#6939 = CARTESIAN_POINT('',(1.042777938969,-12.71826769482,0.));
#6940 = LINE('',#6941,#6942);
#6941 = CARTESIAN_POINT('',(1.537950446501,-11.89774530399,0.));
#6942 = VECTOR('',#6943,1.);
#6943 = DIRECTION('',(-0.516687674381,-0.856173958459,0.));
#6944 = ORIENTED_EDGE('',*,*,#6945,.T.);
#6945 = EDGE_CURVE('',#6938,#6946,#6948,.T.);
#6946 = VERTEX_POINT('',#6947);
#6947 = CARTESIAN_POINT('',(0.818438269555,-13.13185252886,0.));
#6948 = LINE('',#6949,#6950);
#6949 = CARTESIAN_POINT('',(1.042777938969,-12.71826769482,0.));
#6950 = VECTOR('',#6951,1.);
#6951 = DIRECTION('',(-0.476799943438,-0.879011839475,0.));
#6952 = ORIENTED_EDGE('',*,*,#6953,.T.);
#6953 = EDGE_CURVE('',#6946,#6954,#6956,.T.);
#6954 = VERTEX_POINT('',#6955);
#6955 = CARTESIAN_POINT('',(0.702057334473,-13.3327164944,0.));
#6956 = LINE('',#6957,#6958);
#6957 = CARTESIAN_POINT('',(0.818438269555,-13.13185252886,0.));
#6958 = VECTOR('',#6959,1.);
#6959 = DIRECTION('',(-0.501330707159,-0.865255755288,0.));
#6960 = ORIENTED_EDGE('',*,*,#6961,.T.);
#6961 = EDGE_CURVE('',#6954,#6962,#6964,.T.);
#6962 = VERTEX_POINT('',#6963);
#6963 = CARTESIAN_POINT('',(0.440373418258,-13.68172474488,0.));
#6964 = LINE('',#6965,#6966);
#6965 = CARTESIAN_POINT('',(0.702057334473,-13.3327164944,0.));
#6966 = VECTOR('',#6967,1.);
#6967 = DIRECTION('',(-0.599893960667,-0.80007951852,0.));
#6968 = ORIENTED_EDGE('',*,*,#6969,.T.);
#6969 = EDGE_CURVE('',#6962,#6970,#6972,.T.);
#6970 = VERTEX_POINT('',#6971);
#6971 = CARTESIAN_POINT('',(0.164574854461,-14.01286905812,0.));
#6972 = LINE('',#6973,#6974);
#6973 = CARTESIAN_POINT('',(0.440373418258,-13.68172474488,0.));
#6974 = VECTOR('',#6975,1.);
#6975 = DIRECTION('',(-0.639972070806,-0.768398170604,0.));
#6976 = ORIENTED_EDGE('',*,*,#6977,.T.);
#6977 = EDGE_CURVE('',#6970,#6978,#6980,.T.);
#6978 = VERTEX_POINT('',#6979);
#6979 = CARTESIAN_POINT('',(5.849976627964E-03,-14.16014121191,0.));
#6980 = LINE('',#6981,#6982);
#6981 = CARTESIAN_POINT('',(0.164574854461,-14.01286905812,0.));
#6982 = VECTOR('',#6983,1.);
#6983 = DIRECTION('',(-0.73305880377,-0.68016526684,0.));
#6984 = ORIENTED_EDGE('',*,*,#6985,.T.);
#6985 = EDGE_CURVE('',#6978,#6986,#6988,.T.);
#6986 = VERTEX_POINT('',#6987);
#6987 = CARTESIAN_POINT('',(-0.149046269684,-14.28012225035,0.));
#6988 = LINE('',#6989,#6990);
#6989 = CARTESIAN_POINT('',(5.849976627964E-03,-14.16014121191,0.));
#6990 = VECTOR('',#6991,1.);
#6991 = DIRECTION('',(-0.790572078742,-0.612368996859,0.));
#6992 = ORIENTED_EDGE('',*,*,#6993,.T.);
#6993 = EDGE_CURVE('',#6986,#6994,#6996,.T.);
#6994 = VERTEX_POINT('',#6995);
#6995 = CARTESIAN_POINT('',(-0.404042592109,-14.55529190092,0.));
#6996 = LINE('',#6997,#6998);
#6997 = CARTESIAN_POINT('',(-0.149046269684,-14.28012225035,0.));
#6998 = VECTOR('',#6999,1.);
#6999 = DIRECTION('',(-0.679708795048,-0.733482074719,0.));
#7000 = ORIENTED_EDGE('',*,*,#7001,.T.);
#7001 = EDGE_CURVE('',#6994,#7002,#7004,.T.);
#7002 = VERTEX_POINT('',#7003);
#7003 = CARTESIAN_POINT('',(-0.649179043388,-14.85848996645,0.));
#7004 = LINE('',#7005,#7006);
#7005 = CARTESIAN_POINT('',(-0.404042592109,-14.55529190092,0.));
#7006 = VECTOR('',#7007,1.);
#7007 = DIRECTION('',(-0.628718411337,-0.777633049225,0.));
#7008 = ORIENTED_EDGE('',*,*,#7009,.T.);
#7009 = EDGE_CURVE('',#7002,#7010,#7012,.T.);
#7010 = VERTEX_POINT('',#7011);
#7011 = CARTESIAN_POINT('',(-0.774495676263,-15.06255624981,0.));
#7012 = LINE('',#7013,#7014);
#7013 = CARTESIAN_POINT('',(-0.649179043388,-14.85848996645,0.));
#7014 = VECTOR('',#7015,1.);
#7015 = DIRECTION('',(-0.523301771661,-0.852147437816,0.));
#7016 = ORIENTED_EDGE('',*,*,#7017,.T.);
#7017 = EDGE_CURVE('',#7010,#7018,#7020,.T.);
#7018 = VERTEX_POINT('',#7019);
#7019 = CARTESIAN_POINT('',(-0.926527197493,-15.31661525292,0.));
#7020 = LINE('',#7021,#7022);
#7021 = CARTESIAN_POINT('',(-0.774495676263,-15.06255624981,0.));
#7022 = VECTOR('',#7023,1.);
#7023 = DIRECTION('',(-0.513492372171,-0.858094157842,0.));
#7024 = ORIENTED_EDGE('',*,*,#7025,.T.);
#7025 = EDGE_CURVE('',#7018,#7026,#7028,.T.);
#7026 = VERTEX_POINT('',#7027);
#7027 = CARTESIAN_POINT('',(-1.804653848891,-16.14887377737,0.));
#7028 = LINE('',#7029,#7030);
#7029 = CARTESIAN_POINT('',(-0.926527197493,-15.31661525292,0.));
#7030 = VECTOR('',#7031,1.);
#7031 = DIRECTION('',(-0.72580862003,-0.687896683442,0.));
#7032 = ORIENTED_EDGE('',*,*,#7033,.T.);
#7033 = EDGE_CURVE('',#7026,#7034,#7036,.T.);
#7034 = VERTEX_POINT('',#7035);
#7035 = CARTESIAN_POINT('',(-2.009971986404,-16.31363487682,0.));
#7036 = LINE('',#7037,#7038);
#7037 = CARTESIAN_POINT('',(-1.804653848891,-16.14887377737,0.));
#7038 = VECTOR('',#7039,1.);
#7039 = DIRECTION('',(-0.779929220635,-0.625867726281,0.));
#7040 = ORIENTED_EDGE('',*,*,#7041,.T.);
#7041 = EDGE_CURVE('',#7034,#7042,#7044,.T.);
#7042 = VERTEX_POINT('',#7043);
#7043 = CARTESIAN_POINT('',(-2.115836089565,-16.36029182585,0.));
#7044 = LINE('',#7045,#7046);
#7045 = CARTESIAN_POINT('',(-2.009971986404,-16.31363487682,0.));
#7046 = VECTOR('',#7047,1.);
#7047 = DIRECTION('',(-0.915070328145,-0.403294302647,0.));
#7048 = ORIENTED_EDGE('',*,*,#7049,.T.);
#7049 = EDGE_CURVE('',#7042,#7050,#7052,.T.);
#7050 = VERTEX_POINT('',#7051);
#7051 = CARTESIAN_POINT('',(-2.325563689571,-16.48029795565,0.));
#7052 = LINE('',#7053,#7054);
#7053 = CARTESIAN_POINT('',(-2.115836089565,-16.36029182585,0.));
#7054 = VECTOR('',#7055,1.);
#7055 = DIRECTION('',(-0.867954572659,-0.496643594341,0.));
#7056 = ORIENTED_EDGE('',*,*,#7057,.T.);
#7057 = EDGE_CURVE('',#7050,#7058,#7060,.T.);
#7058 = VERTEX_POINT('',#7059);
#7059 = CARTESIAN_POINT('',(-2.674326755717,-16.76886500769,0.));
#7060 = LINE('',#7061,#7062);
#7061 = CARTESIAN_POINT('',(-2.325563689571,-16.48029795565,0.));
#7062 = VECTOR('',#7063,1.);
#7063 = DIRECTION('',(-0.770464250896,-0.637483206125,0.));
#7064 = ORIENTED_EDGE('',*,*,#7065,.T.);
#7065 = EDGE_CURVE('',#7058,#7066,#7068,.T.);
#7066 = VERTEX_POINT('',#7067);
#7067 = CARTESIAN_POINT('',(-3.55316192991,-17.48415704,0.));
#7068 = LINE('',#7069,#7070);
#7069 = CARTESIAN_POINT('',(-2.674326755717,-16.76886500769,0.));
#7070 = VECTOR('',#7071,1.);
#7071 = DIRECTION('',(-0.775578820967,-0.631250736608,0.));
#7072 = ORIENTED_EDGE('',*,*,#7073,.T.);
#7073 = EDGE_CURVE('',#7066,#7074,#7076,.T.);
#7074 = VERTEX_POINT('',#7075);
#7075 = CARTESIAN_POINT('',(-3.951240123697,-17.76852005038,0.));
#7076 = LINE('',#7077,#7078);
#7077 = CARTESIAN_POINT('',(-3.55316192991,-17.48415704,0.));
#7078 = VECTOR('',#7079,1.);
#7079 = DIRECTION('',(-0.813712739106,-0.581267217566,0.));
#7080 = ORIENTED_EDGE('',*,*,#7081,.T.);
#7081 = EDGE_CURVE('',#7074,#7082,#7084,.T.);
#7082 = VERTEX_POINT('',#7083);
#7083 = CARTESIAN_POINT('',(-4.160885224474,-17.88341057809,0.));
#7084 = LINE('',#7085,#7086);
#7085 = CARTESIAN_POINT('',(-3.951240123697,-17.76852005038,0.));
#7086 = VECTOR('',#7087,1.);
#7087 = DIRECTION('',(-0.876946652386,-0.480587732749,0.));
#7088 = ORIENTED_EDGE('',*,*,#7089,.T.);
#7089 = EDGE_CURVE('',#7082,#7090,#7092,.T.);
#7090 = VERTEX_POINT('',#7091);
#7091 = CARTESIAN_POINT('',(-4.982509609476,-18.34225469033,0.));
#7092 = LINE('',#7093,#7094);
#7093 = CARTESIAN_POINT('',(-4.160885224474,-17.88341057809,0.));
#7094 = VECTOR('',#7095,1.);
#7095 = DIRECTION('',(-0.873078715417,-0.487579282462,0.));
#7096 = ORIENTED_EDGE('',*,*,#7097,.T.);
#7097 = EDGE_CURVE('',#7090,#7098,#7100,.T.);
#7098 = VERTEX_POINT('',#7099);
#7099 = CARTESIAN_POINT('',(-5.883566193772,-18.92182844553,0.));
#7100 = LINE('',#7101,#7102);
#7101 = CARTESIAN_POINT('',(-4.982509609476,-18.34225469033,0.));
#7102 = VECTOR('',#7103,1.);
#7103 = DIRECTION('',(-0.841041270225,-0.540970962048,0.));
#7104 = ORIENTED_EDGE('',*,*,#7105,.T.);
#7105 = EDGE_CURVE('',#7098,#7106,#7108,.T.);
#7106 = VERTEX_POINT('',#7107);
#7107 = CARTESIAN_POINT('',(-6.160392358266,-19.10935511854,0.));
#7108 = LINE('',#7109,#7110);
#7109 = CARTESIAN_POINT('',(-5.883566193772,-18.92182844553,0.));
#7110 = VECTOR('',#7111,1.);
#7111 = DIRECTION('',(-0.827919702516,-0.560846651221,0.));
#7112 = ORIENTED_EDGE('',*,*,#7113,.T.);
#7113 = EDGE_CURVE('',#7106,#7114,#7116,.T.);
#7114 = VERTEX_POINT('',#7115);
#7115 = CARTESIAN_POINT('',(-6.399409611183,-19.18091674751,0.));
#7116 = LINE('',#7117,#7118);
#7117 = CARTESIAN_POINT('',(-6.160392358266,-19.10935511854,0.));
#7118 = VECTOR('',#7119,1.);
#7119 = DIRECTION('',(-0.957984489688,-0.28682000892,0.));
#7120 = ORIENTED_EDGE('',*,*,#7121,.T.);
#7121 = EDGE_CURVE('',#7114,#7122,#7124,.T.);
#7122 = VERTEX_POINT('',#7123);
#7123 = CARTESIAN_POINT('',(-7.513151635506,-19.6315088391,0.));
#7124 = LINE('',#7125,#7126);
#7125 = CARTESIAN_POINT('',(-6.399409611183,-19.18091674751,0.));
#7126 = VECTOR('',#7127,1.);
#7127 = DIRECTION('',(-0.927007084421,-0.375043818017,0.));
#7128 = ORIENTED_EDGE('',*,*,#7129,.T.);
#7129 = EDGE_CURVE('',#7122,#7130,#7132,.T.);
#7130 = VERTEX_POINT('',#7131);
#7131 = CARTESIAN_POINT('',(-8.578864549589,-20.13388947409,0.));
#7132 = LINE('',#7133,#7134);
#7133 = CARTESIAN_POINT('',(-7.513151635506,-19.6315088391,0.));
#7134 = VECTOR('',#7135,1.);
#7135 = DIRECTION('',(-0.904534443123,-0.426400564264,0.));
#7136 = ORIENTED_EDGE('',*,*,#7137,.T.);
#7137 = EDGE_CURVE('',#7130,#7138,#7140,.T.);
#7138 = VERTEX_POINT('',#7139);
#7139 = CARTESIAN_POINT('',(-9.032319137936,-20.33594376217,0.));
#7140 = LINE('',#7141,#7142);
#7141 = CARTESIAN_POINT('',(-8.578864549589,-20.13388947409,0.));
#7142 = VECTOR('',#7143,1.);
#7143 = DIRECTION('',(-0.913423190787,-0.407011147922,0.));
#7144 = ORIENTED_EDGE('',*,*,#7145,.T.);
#7145 = EDGE_CURVE('',#7138,#7146,#7148,.T.);
#7146 = VERTEX_POINT('',#7147);
#7147 = CARTESIAN_POINT('',(-9.637921717012,-20.55986226536,0.));
#7148 = LINE('',#7149,#7150);
#7149 = CARTESIAN_POINT('',(-9.032319137936,-20.33594376217,0.));
#7150 = VECTOR('',#7151,1.);
#7151 = DIRECTION('',(-0.937939668892,-0.346798468161,0.));
#7152 = ORIENTED_EDGE('',*,*,#7153,.T.);
#7153 = EDGE_CURVE('',#7146,#7154,#7156,.T.);
#7154 = VERTEX_POINT('',#7155);
#7155 = CARTESIAN_POINT('',(-10.09878667732,-20.72565707323,0.));
#7156 = LINE('',#7157,#7158);
#7157 = CARTESIAN_POINT('',(-9.637921717012,-20.55986226536,0.));
#7158 = VECTOR('',#7159,1.);
#7159 = DIRECTION('',(-0.940963244774,-0.33850874728,0.));
#7160 = ORIENTED_EDGE('',*,*,#7161,.T.);
#7161 = EDGE_CURVE('',#7154,#7162,#7164,.T.);
#7162 = VERTEX_POINT('',#7163);
#7163 = CARTESIAN_POINT('',(-10.34065985944,-20.76050482043,0.));
#7164 = LINE('',#7165,#7166);
#7165 = CARTESIAN_POINT('',(-10.09878667732,-20.72565707323,0.));
#7166 = VECTOR('',#7167,1.);
#7167 = DIRECTION('',(-0.989780107307,-0.142602030766,0.));
#7168 = ORIENTED_EDGE('',*,*,#7169,.T.);
#7169 = EDGE_CURVE('',#7162,#7170,#7172,.T.);
#7170 = VERTEX_POINT('',#7171);
#7171 = CARTESIAN_POINT('',(-10.63251301594,-20.83670311003,0.));
#7172 = LINE('',#7173,#7174);
#7173 = CARTESIAN_POINT('',(-10.34065985944,-20.76050482043,0.));
#7174 = VECTOR('',#7175,1.);
#7175 = DIRECTION('',(-0.967566495277,-0.25261646268,0.));
#7176 = ORIENTED_EDGE('',*,*,#7177,.T.);
#7177 = EDGE_CURVE('',#7170,#7178,#7180,.T.);
#7178 = VERTEX_POINT('',#7179);
#7179 = CARTESIAN_POINT('',(-11.12725604219,-21.0117403575,0.));
#7180 = LINE('',#7181,#7182);
#7181 = CARTESIAN_POINT('',(-10.63251301594,-20.83670311003,0.));
#7182 = VECTOR('',#7183,1.);
#7183 = DIRECTION('',(-0.942737653907,-0.333535179413,0.));
#7184 = ORIENTED_EDGE('',*,*,#7185,.T.);
#7185 = EDGE_CURVE('',#7178,#7186,#7188,.T.);
#7186 = VERTEX_POINT('',#7187);
#7187 = CARTESIAN_POINT('',(-11.65472699806,-21.15732532489,0.));
#7188 = LINE('',#7189,#7190);
#7189 = CARTESIAN_POINT('',(-11.12725604219,-21.0117403575,0.));
#7190 = VECTOR('',#7191,1.);
#7191 = DIRECTION('',(-0.963957127183,-0.26605761961,0.));
#7192 = ORIENTED_EDGE('',*,*,#7193,.T.);
#7193 = EDGE_CURVE('',#7186,#7194,#7196,.T.);
#7194 = VERTEX_POINT('',#7195);
#7195 = CARTESIAN_POINT('',(-12.30643208773,-21.30960940662,0.));
#7196 = LINE('',#7197,#7198);
#7197 = CARTESIAN_POINT('',(-11.65472699806,-21.15732532489,0.));
#7198 = VECTOR('',#7199,1.);
#7199 = DIRECTION('',(-0.973768564068,-0.227540729615,0.));
#7200 = ORIENTED_EDGE('',*,*,#7201,.T.);
#7201 = EDGE_CURVE('',#7194,#7202,#7204,.T.);
#7202 = VERTEX_POINT('',#7203);
#7203 = CARTESIAN_POINT('',(-12.74528916535,-21.35904432638,0.));
#7204 = LINE('',#7205,#7206);
#7205 = CARTESIAN_POINT('',(-12.30643208773,-21.30960940662,0.));
#7206 = VECTOR('',#7207,1.);
#7207 = DIRECTION('',(-0.993715332775,-0.111936756286,0.));
#7208 = ORIENTED_EDGE('',*,*,#7209,.T.);
#7209 = EDGE_CURVE('',#7202,#7210,#7212,.T.);
#7210 = VERTEX_POINT('',#7211);
#7211 = CARTESIAN_POINT('',(-13.07913746271,-21.37496216761,0.));
#7212 = LINE('',#7213,#7214);
#7213 = CARTESIAN_POINT('',(-12.74528916535,-21.35904432638,0.));
#7214 = VECTOR('',#7215,1.);
#7215 = DIRECTION('',(-0.998865249725,-4.762575869921E-02,0.));
#7216 = ORIENTED_EDGE('',*,*,#7217,.T.);
#7217 = EDGE_CURVE('',#7210,#7218,#7220,.T.);
#7218 = VERTEX_POINT('',#7219);
#7219 = CARTESIAN_POINT('',(-13.75666177814,-21.46053910699,0.));
#7220 = LINE('',#7221,#7222);
#7221 = CARTESIAN_POINT('',(-13.07913746271,-21.37496216761,0.));
#7222 = VECTOR('',#7223,1.);
#7223 = DIRECTION('',(-0.99211730237,-0.125312642375,0.));
#7224 = ORIENTED_EDGE('',*,*,#7225,.T.);
#7225 = EDGE_CURVE('',#7218,#7226,#7228,.T.);
#7226 = VERTEX_POINT('',#7227);
#7227 = CARTESIAN_POINT('',(-15.22290602486,-21.7102658544,0.));
#7228 = LINE('',#7229,#7230);
#7229 = CARTESIAN_POINT('',(-13.75666177814,-21.46053910699,0.));
#7230 = VECTOR('',#7231,1.);
#7231 = DIRECTION('',(-0.985804119676,-0.16789948669,0.));
#7232 = ORIENTED_EDGE('',*,*,#7233,.T.);
#7233 = EDGE_CURVE('',#7226,#7234,#7236,.T.);
#7234 = VERTEX_POINT('',#7235);
#7235 = CARTESIAN_POINT('',(-16.08845882311,-21.74578196894,0.));
#7236 = LINE('',#7237,#7238);
#7237 = CARTESIAN_POINT('',(-15.22290602486,-21.7102658544,0.));
#7238 = VECTOR('',#7239,1.);
#7239 = DIRECTION('',(-0.999159213406,-4.09983690712E-02,0.));
#7240 = ORIENTED_EDGE('',*,*,#7241,.T.);
#7241 = EDGE_CURVE('',#7234,#7242,#7244,.T.);
#7242 = VERTEX_POINT('',#7243);
#7243 = CARTESIAN_POINT('',(-17.89129992608,-21.75261784491,0.));
#7244 = LINE('',#7245,#7246);
#7245 = CARTESIAN_POINT('',(-16.08845882311,-21.74578196894,0.));
#7246 = VECTOR('',#7247,1.);
#7247 = DIRECTION('',(-0.999992811492,-3.791696793523E-03,0.));
#7248 = ORIENTED_EDGE('',*,*,#7249,.T.);
#7249 = EDGE_CURVE('',#7242,#7250,#7252,.T.);
#7250 = VERTEX_POINT('',#7251);
#7251 = CARTESIAN_POINT('',(-19.51571642712,-21.74311235975,0.));
#7252 = LINE('',#7253,#7254);
#7253 = CARTESIAN_POINT('',(-17.89129992608,-21.75261784491,0.));
#7254 = VECTOR('',#7255,1.);
#7255 = DIRECTION('',(-0.99998287965,5.851530330795E-03,0.));
#7256 = ORIENTED_EDGE('',*,*,#7257,.T.);
#7257 = EDGE_CURVE('',#7250,#7258,#7260,.T.);
#7258 = VERTEX_POINT('',#7259);
#7259 = CARTESIAN_POINT('',(-20.00769792815,-21.72007774353,0.));
#7260 = LINE('',#7261,#7262);
#7261 = CARTESIAN_POINT('',(-19.51571642712,-21.74311235975,0.));
#7262 = VECTOR('',#7263,1.);
#7263 = DIRECTION('',(-0.998905738507,4.67688526497E-02,0.));
#7264 = ORIENTED_EDGE('',*,*,#7265,.T.);
#7265 = EDGE_CURVE('',#7258,#7266,#7268,.T.);
#7266 = VERTEX_POINT('',#7267);
#7267 = CARTESIAN_POINT('',(-20.35726498265,-21.66775945558,0.));
#7268 = LINE('',#7269,#7270);
#7269 = CARTESIAN_POINT('',(-20.00769792815,-21.72007774353,0.));
#7270 = VECTOR('',#7271,1.);
#7271 = DIRECTION('',(-0.988984764082,0.148017351733,0.));
#7272 = ORIENTED_EDGE('',*,*,#7273,.T.);
#7273 = EDGE_CURVE('',#7266,#7274,#7276,.T.);
#7274 = VERTEX_POINT('',#7275);
#7275 = CARTESIAN_POINT('',(-20.61772013047,-21.57333567894,0.));
#7276 = LINE('',#7277,#7278);
#7277 = CARTESIAN_POINT('',(-20.35726498265,-21.66775945558,0.));
#7278 = VECTOR('',#7279,1.);
#7279 = DIRECTION('',(-0.940125904323,0.340827352221,0.));
#7280 = ORIENTED_EDGE('',*,*,#7281,.T.);
#7281 = EDGE_CURVE('',#7274,#7282,#7284,.T.);
#7282 = VERTEX_POINT('',#7283);
#7283 = CARTESIAN_POINT('',(-20.84236591146,-21.42398459663,0.));
#7284 = LINE('',#7285,#7286);
#7285 = CARTESIAN_POINT('',(-20.61772013047,-21.57333567894,0.));
#7286 = VECTOR('',#7287,1.);
#7287 = DIRECTION('',(-0.832755835445,0.553640423499,0.));
#7288 = ORIENTED_EDGE('',*,*,#7289,.T.);
#7289 = EDGE_CURVE('',#7282,#7290,#7292,.T.);
#7290 = VERTEX_POINT('',#7291);
#7291 = CARTESIAN_POINT('',(-21.39743953232,-20.90921324712,0.));
#7292 = LINE('',#7293,#7294);
#7293 = CARTESIAN_POINT('',(-20.84236591146,-21.42398459663,0.));
#7294 = VECTOR('',#7295,1.);
#7295 = DIRECTION('',(-0.733224214246,0.679986949613,0.));
#7296 = ORIENTED_EDGE('',*,*,#7297,.T.);
#7297 = EDGE_CURVE('',#7290,#7298,#7300,.T.);
#7298 = VERTEX_POINT('',#7299);
#7299 = CARTESIAN_POINT('',(-22.45238144406,-19.98992799966,0.));
#7300 = LINE('',#7301,#7302);
#7301 = CARTESIAN_POINT('',(-21.39743953232,-20.90921324712,0.));
#7302 = VECTOR('',#7303,1.);
#7303 = DIRECTION('',(-0.753917033614,0.656969638893,0.));
#7304 = ORIENTED_EDGE('',*,*,#7305,.T.);
#7305 = EDGE_CURVE('',#7298,#7306,#7308,.T.);
#7306 = VERTEX_POINT('',#7307);
#7307 = CARTESIAN_POINT('',(-23.48913470215,-19.03633763989,0.));
#7308 = LINE('',#7309,#7310);
#7309 = CARTESIAN_POINT('',(-22.45238144406,-19.98992799966,0.));
#7310 = VECTOR('',#7311,1.);
#7311 = DIRECTION('',(-0.736009760098,0.676970924812,0.));
#7312 = ORIENTED_EDGE('',*,*,#7313,.T.);
#7313 = EDGE_CURVE('',#7306,#7314,#7316,.T.);
#7314 = VERTEX_POINT('',#7315);
#7315 = CARTESIAN_POINT('',(-23.71229026498,-18.8267129335,0.));
#7316 = LINE('',#7317,#7318);
#7317 = CARTESIAN_POINT('',(-23.48913470215,-19.03633763989,0.));
#7318 = VECTOR('',#7319,1.);
#7319 = DIRECTION('',(-0.728858302599,0.684664570963,0.));
#7320 = ORIENTED_EDGE('',*,*,#7321,.T.);
#7321 = EDGE_CURVE('',#7314,#7322,#7324,.T.);
#7322 = VERTEX_POINT('',#7323);
#7323 = CARTESIAN_POINT('',(-24.02904150695,-18.51578728407,0.));
#7324 = LINE('',#7325,#7326);
#7325 = CARTESIAN_POINT('',(-23.71229026498,-18.8267129335,0.));
#7326 = VECTOR('',#7327,1.);
#7327 = DIRECTION('',(-0.713638842156,0.700513813544,0.));
#7328 = ORIENTED_EDGE('',*,*,#7329,.T.);
#7329 = EDGE_CURVE('',#7322,#7330,#7332,.T.);
#7330 = VERTEX_POINT('',#7331);
#7331 = CARTESIAN_POINT('',(-24.53052975512,-17.93284108618,0.));
#7332 = LINE('',#7333,#7334);
#7333 = CARTESIAN_POINT('',(-24.02904150695,-18.51578728407,0.));
#7334 = VECTOR('',#7335,1.);
#7335 = DIRECTION('',(-0.652154771259,0.758085848914,0.));
#7336 = ORIENTED_EDGE('',*,*,#7337,.T.);
#7337 = EDGE_CURVE('',#7330,#7338,#7340,.T.);
#7338 = VERTEX_POINT('',#7339);
#7339 = CARTESIAN_POINT('',(-25.01548297391,-17.32154883339,0.));
#7340 = LINE('',#7341,#7342);
#7341 = CARTESIAN_POINT('',(-24.53052975512,-17.93284108618,0.));
#7342 = VECTOR('',#7343,1.);
#7343 = DIRECTION('',(-0.621501088975,0.783413298587,0.));
#7344 = ORIENTED_EDGE('',*,*,#7345,.T.);
#7345 = EDGE_CURVE('',#7338,#7346,#7348,.T.);
#7346 = VERTEX_POINT('',#7347);
#7347 = CARTESIAN_POINT('',(-25.28262912771,-16.92558501926,0.));
#7348 = LINE('',#7349,#7350);
#7349 = CARTESIAN_POINT('',(-25.01548297391,-17.32154883339,0.));
#7350 = VECTOR('',#7351,1.);
#7351 = DIRECTION('',(-0.559286700792,0.828974297742,0.));
#7352 = ORIENTED_EDGE('',*,*,#7353,.T.);
#7353 = EDGE_CURVE('',#7346,#7354,#7356,.T.);
#7354 = VERTEX_POINT('',#7355);
#7355 = CARTESIAN_POINT('',(-25.41378591744,-16.71822570319,0.));
#7356 = LINE('',#7357,#7358);
#7357 = CARTESIAN_POINT('',(-25.28262912771,-16.92558501926,0.));
#7358 = VECTOR('',#7359,1.);
#7359 = DIRECTION('',(-0.53455521465,0.84513355305,0.));
#7360 = ORIENTED_EDGE('',*,*,#7361,.T.);
#7361 = EDGE_CURVE('',#7354,#7362,#7364,.T.);
#7362 = VERTEX_POINT('',#7363);
#7363 = CARTESIAN_POINT('',(-25.58717745976,-16.54219362512,0.));
#7364 = LINE('',#7365,#7366);
#7365 = CARTESIAN_POINT('',(-25.41378591744,-16.71822570319,0.));
#7366 = VECTOR('',#7367,1.);
#7367 = DIRECTION('',(-0.701743257217,0.712429927046,0.));
#7368 = ORIENTED_EDGE('',*,*,#7369,.T.);
#7369 = EDGE_CURVE('',#7362,#7370,#7372,.T.);
#7370 = VERTEX_POINT('',#7371);
#7371 = CARTESIAN_POINT('',(-25.86122079179,-16.25521780574,0.));
#7372 = LINE('',#7373,#7374);
#7373 = CARTESIAN_POINT('',(-25.58717745976,-16.54219362512,0.));
#7374 = VECTOR('',#7375,1.);
#7375 = DIRECTION('',(-0.690623245822,0.723214720764,0.));
#7376 = ORIENTED_EDGE('',*,*,#7377,.T.);
#7377 = EDGE_CURVE('',#7370,#7378,#7380,.T.);
#7378 = VERTEX_POINT('',#7379);
#7379 = CARTESIAN_POINT('',(-26.23812307122,-15.78495547553,0.));
#7380 = LINE('',#7381,#7382);
#7381 = CARTESIAN_POINT('',(-25.86122079179,-16.25521780574,0.));
#7382 = VECTOR('',#7383,1.);
#7383 = DIRECTION('',(-0.62539536154,0.780308042868,0.));
#7384 = ORIENTED_EDGE('',*,*,#7385,.T.);
#7385 = EDGE_CURVE('',#7378,#7386,#7388,.T.);
#7386 = VERTEX_POINT('',#7387);
#7387 = CARTESIAN_POINT('',(-26.5714912352,-15.32345140462,0.));
#7388 = LINE('',#7389,#7390);
#7389 = CARTESIAN_POINT('',(-26.23812307122,-15.78495547553,0.));
#7390 = VECTOR('',#7391,1.);
#7391 = DIRECTION('',(-0.585559431029,0.810629479314,0.));
#7392 = ORIENTED_EDGE('',*,*,#7393,.T.);
#7393 = EDGE_CURVE('',#7386,#7394,#7396,.T.);
#7394 = VERTEX_POINT('',#7395);
#7395 = CARTESIAN_POINT('',(-26.71493222085,-15.0627503631,0.));
#7396 = LINE('',#7397,#7398);
#7397 = CARTESIAN_POINT('',(-26.5714912352,-15.32345140462,0.));
#7398 = VECTOR('',#7399,1.);
#7399 = DIRECTION('',(-0.482061718958,0.876137260431,0.));
#7400 = ORIENTED_EDGE('',*,*,#7401,.T.);
#7401 = EDGE_CURVE('',#7394,#7402,#7404,.T.);
#7402 = VERTEX_POINT('',#7403);
#7403 = CARTESIAN_POINT('',(-26.85352486024,-14.77663233697,0.));
#7404 = LINE('',#7405,#7406);
#7405 = CARTESIAN_POINT('',(-26.71493222085,-15.0627503631,0.));
#7406 = VECTOR('',#7407,1.);
#7407 = DIRECTION('',(-0.435939206338,0.899976115448,0.));
#7408 = ORIENTED_EDGE('',*,*,#7409,.T.);
#7409 = EDGE_CURVE('',#7402,#7410,#7412,.T.);
#7410 = VERTEX_POINT('',#7411);
#7411 = CARTESIAN_POINT('',(-27.17263794596,-14.24232172017,0.));
#7412 = LINE('',#7413,#7414);
#7413 = CARTESIAN_POINT('',(-26.85352486024,-14.77663233697,0.));
#7414 = VECTOR('',#7415,1.);
#7415 = DIRECTION('',(-0.512754042616,0.85853555068,0.));
#7416 = ORIENTED_EDGE('',*,*,#7417,.T.);
#7417 = EDGE_CURVE('',#7410,#7418,#7420,.T.);
#7418 = VERTEX_POINT('',#7419);
#7419 = CARTESIAN_POINT('',(-27.76911708084,-13.36725900948,0.));
#7420 = LINE('',#7421,#7422);
#7421 = CARTESIAN_POINT('',(-27.17263794596,-14.24232172017,0.));
#7422 = VECTOR('',#7423,1.);
#7423 = DIRECTION('',(-0.563237208412,0.826295254168,0.));
#7424 = ORIENTED_EDGE('',*,*,#7425,.T.);
#7425 = EDGE_CURVE('',#7418,#7426,#7428,.T.);
#7426 = VERTEX_POINT('',#7427);
#7427 = CARTESIAN_POINT('',(-27.87092113001,-13.23980598802,0.));
#7428 = LINE('',#7429,#7430);
#7429 = CARTESIAN_POINT('',(-27.76911708084,-13.36725900948,0.));
#7430 = VECTOR('',#7431,1.);
#7431 = DIRECTION('',(-0.624102877575,0.781342177412,0.));
#7432 = ORIENTED_EDGE('',*,*,#7433,.T.);
#7433 = EDGE_CURVE('',#7426,#7434,#7436,.T.);
#7434 = VERTEX_POINT('',#7435);
#7435 = CARTESIAN_POINT('',(-27.91326749921,-13.13575244132,0.));
#7436 = LINE('',#7437,#7438);
#7437 = CARTESIAN_POINT('',(-27.87092113001,-13.23980598802,0.));
#7438 = VECTOR('',#7439,1.);
#7439 = DIRECTION('',(-0.376947080663,0.926234796571,0.));
#7440 = ORIENTED_EDGE('',*,*,#7441,.T.);
#7441 = EDGE_CURVE('',#7434,#7442,#7444,.T.);
#7442 = VERTEX_POINT('',#7443);
#7443 = CARTESIAN_POINT('',(-28.07050648099,-12.77057378175,0.));
#7444 = LINE('',#7445,#7446);
#7445 = CARTESIAN_POINT('',(-27.91326749921,-13.13575244132,0.));
#7446 = VECTOR('',#7447,1.);
#7447 = DIRECTION('',(-0.395478042872,0.918475431139,0.));
#7448 = ORIENTED_EDGE('',*,*,#7449,.T.);
#7449 = EDGE_CURVE('',#7442,#7450,#7452,.T.);
#7450 = VERTEX_POINT('',#7451);
#7451 = CARTESIAN_POINT('',(-28.42367809971,-12.08821345508,0.));
#7452 = LINE('',#7453,#7454);
#7453 = CARTESIAN_POINT('',(-28.07050648099,-12.77057378175,0.));
#7454 = VECTOR('',#7455,1.);
#7455 = DIRECTION('',(-0.459655598586,0.888097252945,0.));
#7456 = ORIENTED_EDGE('',*,*,#7457,.T.);
#7457 = EDGE_CURVE('',#7450,#7458,#7460,.T.);
#7458 = VERTEX_POINT('',#7459);
#7459 = CARTESIAN_POINT('',(-28.79496436542,-11.42013699897,0.));
#7460 = LINE('',#7461,#7462);
#7461 = CARTESIAN_POINT('',(-28.42367809971,-12.08821345508,0.));
#7462 = VECTOR('',#7463,1.);
#7463 = DIRECTION('',(-0.485775575836,0.874083571474,0.));
#7464 = ORIENTED_EDGE('',*,*,#7465,.T.);
#7465 = EDGE_CURVE('',#7458,#7466,#7468,.T.);
#7466 = VERTEX_POINT('',#7467);
#7467 = CARTESIAN_POINT('',(-29.00654728817,-11.09780995105,0.));
#7468 = LINE('',#7469,#7470);
#7469 = CARTESIAN_POINT('',(-28.79496436542,-11.42013699897,0.));
#7470 = VECTOR('',#7471,1.);
#7471 = DIRECTION('',(-0.548757590158,0.835981523267,0.));
#7472 = ORIENTED_EDGE('',*,*,#7473,.T.);
#7473 = EDGE_CURVE('',#7466,#7474,#7476,.T.);
#7474 = VERTEX_POINT('',#7475);
#7475 = CARTESIAN_POINT('',(-29.16589697635,-10.80645031464,0.));
#7476 = LINE('',#7477,#7478);
#7477 = CARTESIAN_POINT('',(-29.00654728817,-11.09780995105,0.));
#7478 = VECTOR('',#7479,1.);
#7479 = DIRECTION('',(-0.479841054734,0.877355436634,0.));
#7480 = ORIENTED_EDGE('',*,*,#7481,.T.);
#7481 = EDGE_CURVE('',#7474,#7482,#7484,.T.);
#7482 = VERTEX_POINT('',#7483);
#7483 = CARTESIAN_POINT('',(-29.2784841601,-10.45481850172,0.));
#7484 = LINE('',#7485,#7486);
#7485 = CARTESIAN_POINT('',(-29.16589697635,-10.80645031464,0.));
#7486 = VECTOR('',#7487,1.);
#7487 = DIRECTION('',(-0.304935427352,0.952373028359,0.));
#7488 = ORIENTED_EDGE('',*,*,#7489,.T.);
#7489 = EDGE_CURVE('',#7482,#7490,#7492,.T.);
#7490 = VERTEX_POINT('',#7491);
#7491 = CARTESIAN_POINT('',(-29.24545538885,-10.43426034645,0.));
#7492 = LINE('',#7493,#7494);
#7493 = CARTESIAN_POINT('',(-29.2784841601,-10.45481850172,0.));
#7494 = VECTOR('',#7495,1.);
#7495 = DIRECTION('',(0.848976809859,0.528430105426,0.));
#7496 = ORIENTED_EDGE('',*,*,#7497,.T.);
#7497 = EDGE_CURVE('',#7490,#7498,#7500,.T.);
#7498 = VERTEX_POINT('',#7499);
#7499 = CARTESIAN_POINT('',(-29.15698008353,-10.46963122069,0.));
#7500 = LINE('',#7501,#7502);
#7501 = CARTESIAN_POINT('',(-29.24545538885,-10.43426034645,0.));
#7502 = VECTOR('',#7503,1.);
#7503 = DIRECTION('',(0.928546331847,-0.371216526589,0.));
#7504 = ORIENTED_EDGE('',*,*,#7505,.T.);
#7505 = EDGE_CURVE('',#7498,#7506,#7508,.T.);
#7506 = VERTEX_POINT('',#7507);
#7507 = CARTESIAN_POINT('',(-28.87735592127,-10.65904332931,0.));
#7508 = LINE('',#7509,#7510);
#7509 = CARTESIAN_POINT('',(-29.15698008353,-10.46963122069,0.));
#7510 = VECTOR('',#7511,1.);
#7511 = DIRECTION('',(0.827933416127,-0.560826406707,0.));
#7512 = ORIENTED_EDGE('',*,*,#7513,.T.);
#7513 = EDGE_CURVE('',#7506,#7514,#7516,.T.);
#7514 = VERTEX_POINT('',#7515);
#7515 = CARTESIAN_POINT('',(-28.5669437745,-10.92482137083,0.));
#7516 = LINE('',#7517,#7518);
#7517 = CARTESIAN_POINT('',(-28.87735592127,-10.65904332931,0.));
#7518 = VECTOR('',#7519,1.);
#7519 = DIRECTION('',(0.759606557129,-0.650382870597,0.));
#7520 = ORIENTED_EDGE('',*,*,#7521,.T.);
#7521 = EDGE_CURVE('',#7514,#7522,#7524,.T.);
#7522 = VERTEX_POINT('',#7523);
#7523 = CARTESIAN_POINT('',(-28.35307574442,-11.1687318885,0.));
#7524 = LINE('',#7525,#7526);
#7525 = CARTESIAN_POINT('',(-28.5669437745,-10.92482137083,0.));
#7526 = VECTOR('',#7527,1.);
#7527 = DIRECTION('',(0.659283512657,-0.751894440689,0.));
#7528 = ORIENTED_EDGE('',*,*,#7529,.T.);
#7529 = EDGE_CURVE('',#7522,#7530,#7532,.T.);
#7530 = VERTEX_POINT('',#7531);
#7531 = CARTESIAN_POINT('',(-28.07842610371,-11.46753841658,0.));
#7532 = LINE('',#7533,#7534);
#7533 = CARTESIAN_POINT('',(-28.35307574442,-11.1687318885,0.));
#7534 = VECTOR('',#7535,1.);
#7535 = DIRECTION('',(0.676719689979,-0.736240763063,0.));
#7536 = ORIENTED_EDGE('',*,*,#7537,.T.);
#7537 = EDGE_CURVE('',#7530,#7538,#7540,.T.);
#7538 = VERTEX_POINT('',#7539);
#7539 = CARTESIAN_POINT('',(-27.92400756434,-11.57793152686,0.));
#7540 = LINE('',#7541,#7542);
#7541 = CARTESIAN_POINT('',(-28.07842610371,-11.46753841658,0.));
#7542 = VECTOR('',#7543,1.);
#7543 = DIRECTION('',(0.813498803501,-0.581566588364,0.));
#7544 = ORIENTED_EDGE('',*,*,#7545,.T.);
#7545 = EDGE_CURVE('',#7538,#7546,#7548,.T.);
#7546 = VERTEX_POINT('',#7547);
#7547 = CARTESIAN_POINT('',(-27.80735790015,-11.6215276071,0.));
#7548 = LINE('',#7549,#7550);
#7549 = CARTESIAN_POINT('',(-27.92400756434,-11.57793152686,0.));
#7550 = VECTOR('',#7551,1.);
#7551 = DIRECTION('',(0.936718125991,-0.350084493286,0.));
#7552 = ORIENTED_EDGE('',*,*,#7553,.T.);
#7553 = EDGE_CURVE('',#7546,#7554,#7556,.T.);
#7554 = VERTEX_POINT('',#7555);
#7555 = CARTESIAN_POINT('',(-27.60751807544,-11.71975334343,0.));
#7556 = LINE('',#7557,#7558);
#7557 = CARTESIAN_POINT('',(-27.80735790015,-11.6215276071,0.));
#7558 = VECTOR('',#7559,1.);
#7559 = DIRECTION('',(0.897449794002,-0.441116614111,0.));
#7560 = ORIENTED_EDGE('',*,*,#7561,.T.);
#7561 = EDGE_CURVE('',#7554,#7562,#7564,.T.);
#7562 = VERTEX_POINT('',#7563);
#7563 = CARTESIAN_POINT('',(-27.25733068436,-11.95591421888,0.));
#7564 = LINE('',#7565,#7566);
#7565 = CARTESIAN_POINT('',(-27.60751807544,-11.71975334343,0.));
#7566 = VECTOR('',#7567,1.);
#7567 = DIRECTION('',(0.829085316642,-0.559122113432,0.));
#7568 = ORIENTED_EDGE('',*,*,#7569,.T.);
#7569 = EDGE_CURVE('',#7562,#7570,#7572,.T.);
#7570 = VERTEX_POINT('',#7571);
#7571 = CARTESIAN_POINT('',(-26.37930594377,-12.55784188408,0.));
#7572 = LINE('',#7573,#7574);
#7573 = CARTESIAN_POINT('',(-27.25733068436,-11.95591421888,0.));
#7574 = VECTOR('',#7575,1.);
#7575 = DIRECTION('',(0.824793007566,-0.565434783746,0.));
#7576 = ORIENTED_EDGE('',*,*,#7577,.T.);
#7577 = EDGE_CURVE('',#7570,#7578,#7580,.T.);
#7578 = VERTEX_POINT('',#7579);
#7579 = CARTESIAN_POINT('',(-25.77234455386,-12.97460311741,0.));
#7580 = LINE('',#7581,#7582);
#7581 = CARTESIAN_POINT('',(-26.37930594377,-12.55784188408,0.));
#7582 = VECTOR('',#7583,1.);
#7583 = DIRECTION('',(0.824374490877,-0.566044785146,0.));
#7584 = ORIENTED_EDGE('',*,*,#7585,.T.);
#7585 = EDGE_CURVE('',#7578,#7586,#7588,.T.);
#7586 = VERTEX_POINT('',#7587);
#7587 = CARTESIAN_POINT('',(-25.44036037512,-13.15114694871,0.));
#7588 = LINE('',#7589,#7590);
#7589 = CARTESIAN_POINT('',(-25.77234455386,-12.97460311741,0.));
#7590 = VECTOR('',#7591,1.);
#7591 = DIRECTION('',(0.882920347961,-0.4695227994,0.));
#7592 = ORIENTED_EDGE('',*,*,#7593,.T.);
#7593 = EDGE_CURVE('',#7586,#7594,#7596,.T.);
#7594 = VERTEX_POINT('',#7595);
#7595 = CARTESIAN_POINT('',(-24.90357913856,-13.36605903641,0.));
#7596 = LINE('',#7597,#7598);
#7597 = CARTESIAN_POINT('',(-25.44036037512,-13.15114694871,0.));
#7598 = VECTOR('',#7599,1.);
#7599 = DIRECTION('',(0.928357610724,-0.371688238461,0.));
#7600 = ORIENTED_EDGE('',*,*,#7601,.T.);
#7601 = EDGE_CURVE('',#7594,#7602,#7604,.T.);
#7602 = VERTEX_POINT('',#7603);
#7603 = CARTESIAN_POINT('',(-23.91245038081,-13.73865729047,0.));
#7604 = LINE('',#7605,#7606);
#7605 = CARTESIAN_POINT('',(-24.90357913856,-13.36605903641,0.));
#7606 = VECTOR('',#7607,1.);
#7607 = DIRECTION('',(0.93604166657,-0.351889184894,0.));
#7608 = ORIENTED_EDGE('',*,*,#7609,.T.);
#7609 = EDGE_CURVE('',#7602,#7610,#7612,.T.);
#7610 = VERTEX_POINT('',#7611);
#7611 = CARTESIAN_POINT('',(-23.69065939164,-13.84962364155,0.));
#7612 = LINE('',#7613,#7614);
#7613 = CARTESIAN_POINT('',(-23.91245038081,-13.73865729047,0.));
#7614 = VECTOR('',#7615,1.);
#7615 = DIRECTION('',(0.894312877838,-0.447442148812,0.));
#7616 = ORIENTED_EDGE('',*,*,#7617,.T.);
#7617 = EDGE_CURVE('',#7610,#7618,#7620,.T.);
#7618 = VERTEX_POINT('',#7619);
#7619 = CARTESIAN_POINT('',(-23.58302853108,-13.94008732786,0.));
#7620 = LINE('',#7621,#7622);
#7621 = CARTESIAN_POINT('',(-23.69065939164,-13.84962364155,0.));
#7622 = VECTOR('',#7623,1.);
#7623 = DIRECTION('',(0.765516507451,-0.643416254706,0.));
#7624 = ORIENTED_EDGE('',*,*,#7625,.T.);
#7625 = EDGE_CURVE('',#7618,#7626,#7628,.T.);
#7626 = VERTEX_POINT('',#7627);
#7627 = CARTESIAN_POINT('',(-23.27676803672,-14.09599697159,0.));
#7628 = LINE('',#7629,#7630);
#7629 = CARTESIAN_POINT('',(-23.58302853108,-13.94008732786,0.));
#7630 = VECTOR('',#7631,1.);
#7631 = DIRECTION('',(0.891168750518,-0.453671971913,0.));
#7632 = ORIENTED_EDGE('',*,*,#7633,.T.);
#7633 = EDGE_CURVE('',#7626,#7634,#7636,.T.);
#7634 = VERTEX_POINT('',#7635);
#7635 = CARTESIAN_POINT('',(-22.67249666764,-14.28636558448,0.));
#7636 = LINE('',#7637,#7638);
#7637 = CARTESIAN_POINT('',(-23.27676803672,-14.09599697159,0.));
#7638 = VECTOR('',#7639,1.);
#7639 = DIRECTION('',(0.953788182268,-0.300479788613,0.));
#7640 = ORIENTED_EDGE('',*,*,#7641,.T.);
#7641 = EDGE_CURVE('',#7634,#7642,#7644,.T.);
#7642 = VERTEX_POINT('',#7643);
#7643 = CARTESIAN_POINT('',(-21.96157927255,-14.45845335771,0.));
#7644 = LINE('',#7645,#7646);
#7645 = CARTESIAN_POINT('',(-22.67249666764,-14.28636558448,0.));
#7646 = VECTOR('',#7647,1.);
#7647 = DIRECTION('',(0.971930135258,-0.235269658429,0.));
#7648 = ORIENTED_EDGE('',*,*,#7649,.T.);
#7649 = EDGE_CURVE('',#7642,#7650,#7652,.T.);
#7650 = VERTEX_POINT('',#7651);
#7651 = CARTESIAN_POINT('',(-21.33538070017,-14.55952048247,0.));
#7652 = LINE('',#7653,#7654);
#7653 = CARTESIAN_POINT('',(-21.96157927255,-14.45845335771,0.));
#7654 = VECTOR('',#7655,1.);
#7655 = DIRECTION('',(0.987224422511,-0.159335933168,0.));
#7656 = ORIENTED_EDGE('',*,*,#7657,.T.);
#7657 = EDGE_CURVE('',#7650,#7658,#7660,.T.);
#7658 = VERTEX_POINT('',#7659);
#7659 = CARTESIAN_POINT('',(-20.03222287143,-14.70635836292,0.));
#7660 = LINE('',#7661,#7662);
#7661 = CARTESIAN_POINT('',(-21.33538070017,-14.55952048247,0.));
#7662 = VECTOR('',#7663,1.);
#7663 = DIRECTION('',(0.993711594212,-0.111969940289,0.));
#7664 = ORIENTED_EDGE('',*,*,#7665,.T.);
#7665 = EDGE_CURVE('',#7658,#7666,#7668,.T.);
#7666 = VERTEX_POINT('',#7667);
#7667 = CARTESIAN_POINT('',(-18.94284693387,-14.78890338506,0.));
#7668 = LINE('',#7669,#7670);
#7669 = CARTESIAN_POINT('',(-20.03222287143,-14.70635836292,0.));
#7670 = VECTOR('',#7671,1.);
#7671 = DIRECTION('',(0.99714154738,-7.555616777127E-02,0.));
#7672 = ORIENTED_EDGE('',*,*,#7673,.T.);
#7673 = EDGE_CURVE('',#7666,#7674,#7676,.T.);
#7674 = VERTEX_POINT('',#7675);
#7675 = CARTESIAN_POINT('',(-17.70875582219,-14.79631663777,0.));
#7676 = LINE('',#7677,#7678);
#7677 = CARTESIAN_POINT('',(-18.94284693387,-14.78890338506,0.));
#7678 = VECTOR('',#7679,1.);
#7679 = DIRECTION('',(0.999981958136,-6.006946242244E-03,0.));
#7680 = ORIENTED_EDGE('',*,*,#7681,.T.);
#7681 = EDGE_CURVE('',#7674,#7682,#7684,.T.);
#7682 = VERTEX_POINT('',#7683);
#7683 = CARTESIAN_POINT('',(-16.5583953623,-14.73386895863,0.));
#7684 = LINE('',#7685,#7686);
#7685 = CARTESIAN_POINT('',(-17.70875582219,-14.79631663777,0.));
#7686 = VECTOR('',#7687,1.);
#7687 = DIRECTION('',(0.99852980092,5.420550409525E-02,0.));
#7688 = ORIENTED_EDGE('',*,*,#7689,.T.);
#7689 = EDGE_CURVE('',#7682,#7690,#7692,.T.);
#7690 = VERTEX_POINT('',#7691);
#7691 = CARTESIAN_POINT('',(-15.72021138012,-14.60683118521,0.));
#7692 = LINE('',#7693,#7694);
#7693 = CARTESIAN_POINT('',(-16.5583953623,-14.73386895863,0.));
#7694 = VECTOR('',#7695,1.);
#7695 = DIRECTION('',(0.988708479572,0.149851734801,0.));
#7696 = ORIENTED_EDGE('',*,*,#7697,.T.);
#7697 = EDGE_CURVE('',#7690,#7698,#7700,.T.);
#7698 = VERTEX_POINT('',#7699);
#7699 = CARTESIAN_POINT('',(-15.06862275996,-14.54522668567,0.));
#7700 = LINE('',#7701,#7702);
#7701 = CARTESIAN_POINT('',(-15.72021138012,-14.60683118521,0.));
#7702 = VECTOR('',#7703,1.);
#7703 = DIRECTION('',(0.99556035539,9.412533545678E-02,0.));
#7704 = ORIENTED_EDGE('',*,*,#7705,.T.);
#7705 = EDGE_CURVE('',#7698,#7706,#7708,.T.);
#7706 = VERTEX_POINT('',#7707);
#7707 = CARTESIAN_POINT('',(-14.64643537958,-14.5135509261,0.));
#7708 = LINE('',#7709,#7710);
#7709 = CARTESIAN_POINT('',(-15.06862275996,-14.54522668567,0.));
#7710 = VECTOR('',#7711,1.);
#7711 = DIRECTION('',(0.997197247402,7.481744297355E-02,0.));
#7712 = ORIENTED_EDGE('',*,*,#7713,.T.);
#7713 = EDGE_CURVE('',#7706,#7714,#7716,.T.);
#7714 = VERTEX_POINT('',#7715);
#7715 = CARTESIAN_POINT('',(-14.19900323499,-14.43359389734,0.));
#7716 = LINE('',#7717,#7718);
#7717 = CARTESIAN_POINT('',(-14.64643537958,-14.5135509261,0.));
#7718 = VECTOR('',#7719,1.);
#7719 = DIRECTION('',(0.984405320525,0.175915220835,0.));
#7720 = ORIENTED_EDGE('',*,*,#7721,.T.);
#7721 = EDGE_CURVE('',#7714,#7722,#7724,.T.);
#7722 = VERTEX_POINT('',#7723);
#7723 = CARTESIAN_POINT('',(-13.54741461482,-14.27327396657,0.));
#7724 = LINE('',#7725,#7726);
#7725 = CARTESIAN_POINT('',(-14.19900323499,-14.43359389734,0.));
#7726 = VECTOR('',#7727,1.);
#7727 = DIRECTION('',(0.971039470565,0.23891912147,0.));
#7728 = ORIENTED_EDGE('',*,*,#7729,.T.);
#7729 = EDGE_CURVE('',#7722,#7730,#7732,.T.);
#7730 = VERTEX_POINT('',#7731);
#7731 = CARTESIAN_POINT('',(-13.01864308286,-14.11415400888,0.));
#7732 = LINE('',#7733,#7734);
#7733 = CARTESIAN_POINT('',(-13.54741461482,-14.27327396657,0.));
#7734 = VECTOR('',#7735,1.);
#7735 = DIRECTION('',(0.957582459984,0.288159387025,0.));
#7736 = ORIENTED_EDGE('',*,*,#7737,.T.);
#7737 = EDGE_CURVE('',#7730,#7738,#7740,.T.);
#7738 = VERTEX_POINT('',#7739);
#7739 = CARTESIAN_POINT('',(-12.77172774195,-13.99214498287,0.));
#7740 = LINE('',#7741,#7742);
#7741 = CARTESIAN_POINT('',(-13.01864308286,-14.11415400888,0.));
#7742 = VECTOR('',#7743,1.);
#7743 = DIRECTION('',(0.896521237433,0.443000757145,0.));
#7744 = ORIENTED_EDGE('',*,*,#7745,.T.);
#7745 = EDGE_CURVE('',#7738,#7746,#7748,.T.);
#7746 = VERTEX_POINT('',#7747);
#7747 = CARTESIAN_POINT('',(-12.41490401579,-13.81871358171,0.));
#7748 = LINE('',#7749,#7750);
#7749 = CARTESIAN_POINT('',(-12.77172774195,-13.99214498287,0.));
#7750 = VECTOR('',#7751,1.);
#7751 = DIRECTION('',(0.899392210178,0.437142599469,0.));
#7752 = ORIENTED_EDGE('',*,*,#7753,.T.);
#7753 = EDGE_CURVE('',#7746,#7754,#7756,.T.);
#7754 = VERTEX_POINT('',#7755);
#7755 = CARTESIAN_POINT('',(-11.53060933377,-13.45291591029,0.));
#7756 = LINE('',#7757,#7758);
#7757 = CARTESIAN_POINT('',(-12.41490401579,-13.81871358171,0.));
#7758 = VECTOR('',#7759,1.);
#7759 = DIRECTION('',(0.924060157739,0.382247073082,0.));
#7760 = ORIENTED_EDGE('',*,*,#7761,.T.);
#7761 = EDGE_CURVE('',#7754,#7762,#7764,.T.);
#7762 = VERTEX_POINT('',#7763);
#7763 = CARTESIAN_POINT('',(-10.85034980492,-13.17275749303,0.));
#7764 = LINE('',#7765,#7766);
#7765 = CARTESIAN_POINT('',(-11.53060933377,-13.45291591029,0.));
#7766 = VECTOR('',#7767,1.);
#7767 = DIRECTION('',(0.924653425701,0.380809719334,0.));
#7768 = ORIENTED_EDGE('',*,*,#7769,.T.);
#7769 = EDGE_CURVE('',#7762,#7770,#7772,.T.);
#7770 = VERTEX_POINT('',#7771);
#7771 = CARTESIAN_POINT('',(-10.59427219663,-13.01016114278,0.));
#7772 = LINE('',#7773,#7774);
#7773 = CARTESIAN_POINT('',(-10.85034980492,-13.17275749303,0.));
#7774 = VECTOR('',#7775,1.);
#7775 = DIRECTION('',(0.844201787088,0.536025505622,0.));
#7776 = ORIENTED_EDGE('',*,*,#7777,.T.);
#7777 = EDGE_CURVE('',#7770,#7778,#7780,.T.);
#7778 = VERTEX_POINT('',#7779);
#7779 = CARTESIAN_POINT('',(-10.12662774082,-12.66518653337,0.));
#7780 = LINE('',#7781,#7782);
#7781 = CARTESIAN_POINT('',(-10.59427219663,-13.01016114278,0.));
#7782 = VECTOR('',#7783,1.);
#7783 = DIRECTION('',(0.804731533457,0.593638913028,0.));
#7784 = ORIENTED_EDGE('',*,*,#7785,.T.);
#7785 = EDGE_CURVE('',#7778,#7786,#7788,.T.);
#7786 = VERTEX_POINT('',#7787);
#7787 = CARTESIAN_POINT('',(-9.274400994582,-12.10104037305,0.));
#7788 = LINE('',#7789,#7790);
#7789 = CARTESIAN_POINT('',(-10.12662774082,-12.66518653337,0.));
#7790 = VECTOR('',#7791,1.);
#7791 = DIRECTION('',(0.833854485782,0.551984326355,0.));
#7792 = ORIENTED_EDGE('',*,*,#7793,.T.);
#7793 = EDGE_CURVE('',#7786,#7794,#7796,.T.);
#7794 = VERTEX_POINT('',#7795);
#7795 = CARTESIAN_POINT('',(-8.615533030642,-11.6779439878,0.));
#7796 = LINE('',#7797,#7798);
#7797 = CARTESIAN_POINT('',(-9.274400994582,-12.10104037305,0.));
#7798 = VECTOR('',#7799,1.);
#7799 = DIRECTION('',(0.841446521322,0.540340403593,0.));
#7800 = ORIENTED_EDGE('',*,*,#7801,.T.);
#7801 = EDGE_CURVE('',#7794,#7802,#7804,.T.);
#7802 = VERTEX_POINT('',#7803);
#7803 = CARTESIAN_POINT('',(-8.234845189138,-11.43811481234,0.));
#7804 = LINE('',#7805,#7806);
#7805 = CARTESIAN_POINT('',(-8.615533030642,-11.6779439878,0.));
#7806 = VECTOR('',#7807,1.);
#7807 = DIRECTION('',(0.846095692551,0.533031030097,0.));
#7808 = ORIENTED_EDGE('',*,*,#7809,.T.);
#7809 = EDGE_CURVE('',#7802,#7810,#7812,.T.);
#7810 = VERTEX_POINT('',#7811);
#7811 = CARTESIAN_POINT('',(-8.105797892578,-11.32242301585,0.));
#7812 = LINE('',#7813,#7814);
#7813 = CARTESIAN_POINT('',(-8.234845189138,-11.43811481234,0.));
#7814 = VECTOR('',#7815,1.);
#7815 = DIRECTION('',(0.744586015664,0.667526527771,0.));
#7816 = ORIENTED_EDGE('',*,*,#7817,.T.);
#7817 = EDGE_CURVE('',#7810,#7818,#7820,.T.);
#7818 = VERTEX_POINT('',#7819);
#7819 = CARTESIAN_POINT('',(-8.056071785319,-11.23967147262,0.));
#7820 = LINE('',#7821,#7822);
#7821 = CARTESIAN_POINT('',(-8.105797892578,-11.32242301585,0.));
#7822 = VECTOR('',#7823,1.);
#7823 = DIRECTION('',(0.515068240689,0.857149174551,0.));
#7824 = ORIENTED_EDGE('',*,*,#7825,.T.);
#7825 = EDGE_CURVE('',#7818,#7826,#7828,.T.);
#7826 = VERTEX_POINT('',#7827);
#7827 = CARTESIAN_POINT('',(-7.604073065728,-10.70374232597,0.));
#7828 = LINE('',#7829,#7830);
#7829 = CARTESIAN_POINT('',(-8.056071785319,-11.23967147262,0.));
#7830 = VECTOR('',#7831,1.);
#7831 = DIRECTION('',(0.644711370252,0.764426091305,0.));
#7832 = ORIENTED_EDGE('',*,*,#7833,.T.);
#7833 = EDGE_CURVE('',#7826,#7834,#7836,.T.);
#7834 = VERTEX_POINT('',#7835);
#7835 = CARTESIAN_POINT('',(-6.854417126201,-9.856261349101,0.));
#7836 = LINE('',#7837,#7838);
#7837 = CARTESIAN_POINT('',(-7.604073065728,-10.70374232597,0.));
#7838 = VECTOR('',#7839,1.);
#7839 = DIRECTION('',(0.662554658861,0.749013567315,0.));
#7840 = ORIENTED_EDGE('',*,*,#7841,.T.);
#7841 = EDGE_CURVE('',#7834,#7842,#7844,.T.);
#7842 = VERTEX_POINT('',#7843);
#7843 = CARTESIAN_POINT('',(-6.437087494572,-9.405494996716,0.));
#7844 = LINE('',#7845,#7846);
#7845 = CARTESIAN_POINT('',(-6.854417126201,-9.856261349101,0.));
#7846 = VECTOR('',#7847,1.);
#7847 = DIRECTION('',(0.679367169175,0.733798507389,0.));
#7848 = ORIENTED_EDGE('',*,*,#7849,.T.);
#7849 = EDGE_CURVE('',#7842,#7850,#7852,.T.);
#7850 = VERTEX_POINT('',#7851);
#7851 = CARTESIAN_POINT('',(-6.352297698258,-9.315587456018,0.));
#7852 = LINE('',#7853,#7854);
#7853 = CARTESIAN_POINT('',(-6.437087494572,-9.405494996716,0.));
#7854 = VECTOR('',#7855,1.);
#7855 = DIRECTION('',(0.686097806327,0.72750931276,0.));
#7856 = ORIENTED_EDGE('',*,*,#7857,.T.);
#7857 = EDGE_CURVE('',#7850,#7858,#7860,.T.);
#7858 = VERTEX_POINT('',#7859);
#7859 = CARTESIAN_POINT('',(-6.317939195631,-9.192976237643,0.));
#7860 = LINE('',#7861,#7862);
#7861 = CARTESIAN_POINT('',(-6.352297698258,-9.315587456018,0.));
#7862 = VECTOR('',#7863,1.);
#7863 = DIRECTION('',(0.269829177132,0.962908207031,0.));
#7864 = ORIENTED_EDGE('',*,*,#7865,.T.);
#7865 = EDGE_CURVE('',#7858,#7866,#7868,.T.);
#7866 = VERTEX_POINT('',#7867);
#7867 = CARTESIAN_POINT('',(-6.254140600322,-8.994327755464,0.));
#7868 = LINE('',#7869,#7870);
#7869 = CARTESIAN_POINT('',(-6.317939195631,-9.192976237643,0.));
#7870 = VECTOR('',#7871,1.);
#7871 = DIRECTION('',(0.305780227317,0.952102122979,0.));
#7872 = ORIENTED_EDGE('',*,*,#7873,.T.);
#7873 = EDGE_CURVE('',#7866,#7874,#7876,.T.);
#7874 = VERTEX_POINT('',#7875);
#7875 = CARTESIAN_POINT('',(-6.100762400493,-8.720186850191,0.));
#7876 = LINE('',#7877,#7878);
#7877 = CARTESIAN_POINT('',(-6.254140600322,-8.994327755464,0.));
#7878 = VECTOR('',#7879,1.);
#7879 = DIRECTION('',(0.488262340913,0.872696904112,0.));
#7880 = ORIENTED_EDGE('',*,*,#7881,.T.);
#7881 = EDGE_CURVE('',#7874,#7882,#7884,.T.);
#7882 = VERTEX_POINT('',#7883);
#7883 = CARTESIAN_POINT('',(-5.883566193772,-8.314525367705,0.));
#7884 = LINE('',#7885,#7886);
#7885 = CARTESIAN_POINT('',(-6.100762400493,-8.720186850191,0.));
#7886 = VECTOR('',#7887,1.);
#7887 = DIRECTION('',(0.472014638916,0.881590710392,0.));
#7888 = ORIENTED_EDGE('',*,*,#7889,.T.);
#7889 = EDGE_CURVE('',#7882,#7890,#7892,.T.);
#7890 = VERTEX_POINT('',#7891);
#7891 = CARTESIAN_POINT('',(-5.865333864058,-8.259584689176,0.));
#7892 = LINE('',#7893,#7894);
#7893 = CARTESIAN_POINT('',(-5.883566193772,-8.314525367705,0.));
#7894 = VECTOR('',#7895,1.);
#7895 = DIRECTION('',(0.314964561275,0.949103432267,0.));
#7896 = ORIENTED_EDGE('',*,*,#7897,.T.);
#7897 = EDGE_CURVE('',#7890,#7898,#7900,.T.);
#7898 = VERTEX_POINT('',#7899);
#7899 = CARTESIAN_POINT('',(-5.821507361625,-8.236738878459,0.));
#7900 = LINE('',#7901,#7902);
#7901 = CARTESIAN_POINT('',(-5.865333864058,-8.259584689176,0.));
#7902 = VECTOR('',#7903,1.);
#7903 = DIRECTION('',(0.88675232386,0.462244865984,0.));
#7904 = ORIENTED_EDGE('',*,*,#7905,.T.);
#7905 = EDGE_CURVE('',#7898,#7906,#7908,.T.);
#7906 = VERTEX_POINT('',#7907);
#7907 = CARTESIAN_POINT('',(-5.759448529479,-8.182828323866,0.));
#7908 = LINE('',#7909,#7910);
#7909 = CARTESIAN_POINT('',(-5.821507361625,-8.236738878459,0.));
#7910 = VECTOR('',#7911,1.);
#7911 = DIRECTION('',(0.754928571639,0.655807023235,0.));
#7912 = ORIENTED_EDGE('',*,*,#7913,.T.);
#7913 = EDGE_CURVE('',#7906,#7914,#7916,.T.);
#7914 = VERTEX_POINT('',#7915);
#7915 = CARTESIAN_POINT('',(-5.619821010045,-7.931239853542,0.));
#7916 = LINE('',#7917,#7918);
#7917 = CARTESIAN_POINT('',(-5.759448529479,-8.182828323866,0.));
#7918 = VECTOR('',#7919,1.);
#7919 = DIRECTION('',(0.485260850627,0.874369433849,0.));
#7920 = ORIENTED_EDGE('',*,*,#7921,.T.);
#7921 = EDGE_CURVE('',#7914,#7922,#7924,.T.);
#7922 = VERTEX_POINT('',#7923);
#7923 = CARTESIAN_POINT('',(-5.179221742808,-7.258915239109,0.));
#7924 = LINE('',#7925,#7926);
#7925 = CARTESIAN_POINT('',(-5.619821010045,-7.931239853542,0.));
#7926 = VECTOR('',#7927,1.);
#7927 = DIRECTION('',(0.548122631699,0.836397979803,0.));
#7928 = ORIENTED_EDGE('',*,*,#7929,.T.);
#7929 = EDGE_CURVE('',#7922,#7930,#7932,.T.);
#7930 = VERTEX_POINT('',#7931);
#7931 = CARTESIAN_POINT('',(-4.918829910115,-6.663803597384,0.));
#7932 = LINE('',#7933,#7934);
#7933 = CARTESIAN_POINT('',(-5.179221742808,-7.258915239109,0.));
#7934 = VECTOR('',#7935,1.);
#7935 = DIRECTION('',(0.400858229729,0.91614009827,0.));
#7936 = ORIENTED_EDGE('',*,*,#7937,.T.);
#7937 = EDGE_CURVE('',#7930,#7938,#7940,.T.);
#7938 = VERTEX_POINT('',#7939);
#7939 = CARTESIAN_POINT('',(-4.659876961041,-5.820621788714,0.));
#7940 = LINE('',#7941,#7942);
#7941 = CARTESIAN_POINT('',(-4.918829910115,-6.663803597384,0.));
#7942 = VECTOR('',#7943,1.);
#7943 = DIRECTION('',(0.29358080695,0.955934260182,0.));
#7944 = ORIENTED_EDGE('',*,*,#7945,.T.);
#7945 = EDGE_CURVE('',#7938,#7946,#7948,.T.);
#7946 = VERTEX_POINT('',#7947);
#7947 = CARTESIAN_POINT('',(-4.488203343853,-4.710900374736,0.));
#7948 = LINE('',#7949,#7950);
#7949 = CARTESIAN_POINT('',(-4.659876961041,-5.820621788714,0.));
#7950 = VECTOR('',#7951,1.);
#7951 = DIRECTION('',(0.152881181788,0.988244577144,0.));
#7952 = ORIENTED_EDGE('',*,*,#7953,.T.);
#7953 = EDGE_CURVE('',#7946,#7954,#7956,.T.);
#7954 = VERTEX_POINT('',#7955);
#7955 = CARTESIAN_POINT('',(-4.32994070435,-3.648835979252,0.));
#7956 = LINE('',#7957,#7958);
#7957 = CARTESIAN_POINT('',(-4.488203343853,-4.710900374736,0.));
#7958 = VECTOR('',#7959,1.);
#7959 = DIRECTION('',(0.147386772005,0.989078934887,0.));
#7960 = ORIENTED_EDGE('',*,*,#7961,.T.);
#7961 = EDGE_CURVE('',#7954,#7962,#7964,.T.);
#7962 = VERTEX_POINT('',#7963);
#7963 = CARTESIAN_POINT('',(-4.288595548227,-3.249078132632,0.));
#7964 = LINE('',#7965,#7966);
#7965 = CARTESIAN_POINT('',(-4.32994070435,-3.648835979252,0.));
#7966 = VECTOR('',#7967,1.);
#7967 = DIRECTION('',(0.102876738278,0.994694112138,0.));
#7968 = ORIENTED_EDGE('',*,*,#7969,.T.);
#7969 = EDGE_CURVE('',#7962,#7970,#7972,.T.);
#7970 = VERTEX_POINT('',#7971);
#7971 = CARTESIAN_POINT('',(-4.275561579888,-2.672876268651,0.));
#7972 = LINE('',#7973,#7974);
#7973 = CARTESIAN_POINT('',(-4.288595548227,-3.249078132632,0.));
#7974 = VECTOR('',#7975,1.);
#7975 = DIRECTION('',(2.261470463602E-02,0.999744254864,0.));
#7976 = ORIENTED_EDGE('',*,*,#7977,.T.);
#7977 = EDGE_CURVE('',#7970,#7978,#7980,.T.);
#7978 = VERTEX_POINT('',#7979);
#7979 = CARTESIAN_POINT('',(-4.290542166075,-2.095638766153,0.));
#7980 = LINE('',#7981,#7982);
#7981 = CARTESIAN_POINT('',(-4.275561579888,-2.672876268651,0.));
#7982 = VECTOR('',#7983,1.);
#7983 = DIRECTION('',(-2.594347011351E-02,0.999663411533,0.));
#7984 = ORIENTED_EDGE('',*,*,#7985,.T.);
#7985 = EDGE_CURVE('',#7978,#7986,#7988,.T.);
#7986 = VERTEX_POINT('',#7987);
#7987 = CARTESIAN_POINT('',(-4.333240673529,-1.692774003978,0.));
#7988 = LINE('',#7989,#7990);
#7989 = CARTESIAN_POINT('',(-4.290542166075,-2.095638766153,0.));
#7990 = VECTOR('',#7991,1.);
#7991 = DIRECTION('',(-0.1053968749,0.994430238258,0.));
#7992 = ORIENTED_EDGE('',*,*,#7993,.T.);
#7993 = EDGE_CURVE('',#7986,#7994,#7996,.T.);
#7994 = VERTEX_POINT('',#7995);
#7995 = CARTESIAN_POINT('',(-4.45244720722,-1.128645490315,0.));
#7996 = LINE('',#7997,#7998);
#7997 = CARTESIAN_POINT('',(-4.333240673529,-1.692774003978,0.));
#7998 = VECTOR('',#7999,1.);
#7999 = DIRECTION('',(-0.206745526815,0.978394750161,0.));
#8000 = ORIENTED_EDGE('',*,*,#8001,.T.);
#8001 = EDGE_CURVE('',#7994,#8002,#8004,.T.);
#8002 = VERTEX_POINT('',#8003);
#8003 = CARTESIAN_POINT('',(-4.677097461969,-0.282452719819,0.));
#8004 = LINE('',#8005,#8006);
#8005 = CARTESIAN_POINT('',(-4.45244720722,-1.128645490315,0.));
#8006 = VECTOR('',#8007,1.);
#8007 = DIRECTION('',(-0.256594899485,0.966519041488,0.));
#8008 = ORIENTED_EDGE('',*,*,#8009,.T.);
#8009 = EDGE_CURVE('',#8002,#8010,#8012,.T.);
#8010 = VERTEX_POINT('',#8011);
#8011 = CARTESIAN_POINT('',(-4.831206022623,0.440707518229,0.));
#8012 = LINE('',#8013,#8014);
#8013 = CARTESIAN_POINT('',(-4.677097461969,-0.282452719819,0.));
#8014 = VECTOR('',#8015,1.);
#8015 = DIRECTION('',(-0.208424219824,0.978038518971,0.));
#8016 = ORIENTED_EDGE('',*,*,#8017,.T.);
#8017 = EDGE_CURVE('',#8010,#8018,#8020,.T.);
#8018 = VERTEX_POINT('',#8019);
#8019 = CARTESIAN_POINT('',(-4.917809285456,0.867538102745,0.));
#8020 = LINE('',#8021,#8022);
#8021 = CARTESIAN_POINT('',(-4.831206022623,0.440707518229,0.));
#8022 = VECTOR('',#8023,1.);
#8023 = DIRECTION('',(-0.19884668879,0.980030608888,0.));
#8024 = ORIENTED_EDGE('',*,*,#8025,.T.);
#8025 = EDGE_CURVE('',#8018,#8026,#8028,.T.);
#8026 = VERTEX_POINT('',#8027);
#8027 = CARTESIAN_POINT('',(-5.145127723005,1.464701444739,0.));
#8028 = LINE('',#8029,#8030);
#8029 = CARTESIAN_POINT('',(-4.917809285456,0.867538102745,0.));
#8030 = VECTOR('',#8031,1.);
#8031 = DIRECTION('',(-0.355759754764,0.93457744296,0.));
#8032 = ORIENTED_EDGE('',*,*,#8033,.T.);
#8033 = EDGE_CURVE('',#8026,#8034,#8036,.T.);
#8034 = VERTEX_POINT('',#8035);
#8035 = CARTESIAN_POINT('',(-5.432715487356,2.047799293634,0.));
#8036 = LINE('',#8037,#8038);
#8037 = CARTESIAN_POINT('',(-5.145127723005,1.464701444739,0.));
#8038 = VECTOR('',#8039,1.);
#8039 = DIRECTION('',(-0.44233289148,0.896850942529,0.));
#8040 = ORIENTED_EDGE('',*,*,#8041,.T.);
#8041 = EDGE_CURVE('',#8034,#8042,#8044,.T.);
#8042 = VERTEX_POINT('',#8043);
#8043 = CARTESIAN_POINT('',(-5.700126730592,2.432433398849,0.));
#8044 = LINE('',#8045,#8046);
#8045 = CARTESIAN_POINT('',(-5.432715487356,2.047799293634,0.));
#8046 = VECTOR('',#8047,1.);
#8047 = DIRECTION('',(-0.570833858997,0.821065591425,0.));
#8048 = ORIENTED_EDGE('',*,*,#8049,.T.);
#8049 = EDGE_CURVE('',#8042,#8050,#8052,.T.);
#8050 = VERTEX_POINT('',#8051);
#8051 = CARTESIAN_POINT('',(-6.125890695211,2.910305025164,0.));
#8052 = LINE('',#8053,#8054);
#8053 = CARTESIAN_POINT('',(-5.700126730592,2.432433398849,0.));
#8054 = VECTOR('',#8055,1.);
#8055 = DIRECTION('',(-0.665226762978,0.746641382337,0.));
#8056 = ORIENTED_EDGE('',*,*,#8057,.T.);
#8057 = EDGE_CURVE('',#8050,#8058,#8060,.T.);
#8058 = VERTEX_POINT('',#8059);
#8059 = CARTESIAN_POINT('',(-6.25137869597,3.127871281231,0.));
#8060 = LINE('',#8061,#8062);
#8061 = CARTESIAN_POINT('',(-6.125890695211,2.910305025164,0.));
#8062 = VECTOR('',#8063,1.);
#8063 = DIRECTION('',(-0.499629867159,0.866238994644,0.));
#8064 = ORIENTED_EDGE('',*,*,#8065,.T.);
#8065 = EDGE_CURVE('',#8058,#8066,#8068,.T.);
#8066 = VERTEX_POINT('',#8067);
#8067 = CARTESIAN_POINT('',(-6.346959512822,3.372400535011,0.));
#8068 = LINE('',#8069,#8070);
#8069 = CARTESIAN_POINT('',(-6.25137869597,3.127871281231,0.));
#8070 = VECTOR('',#8071,1.);
#8071 = DIRECTION('',(-0.364054007119,0.931377839494,0.));
#8072 = ORIENTED_EDGE('',*,*,#8073,.T.);
#8073 = EDGE_CURVE('',#8066,#8074,#8076,.T.);
#8074 = VERTEX_POINT('',#8075);
#8075 = CARTESIAN_POINT('',(-6.477742022955,3.690225753834,0.));
#8076 = LINE('',#8077,#8078);
#8077 = CARTESIAN_POINT('',(-6.346959512822,3.372400535011,0.));
#8078 = VECTOR('',#8079,1.);
#8079 = DIRECTION('',(-0.380534103797,0.9247668873,0.));
#8080 = ORIENTED_EDGE('',*,*,#8081,.T.);
#8081 = EDGE_CURVE('',#8074,#8082,#8084,.T.);
#8082 = VERTEX_POINT('',#8083);
#8083 = CARTESIAN_POINT('',(-6.644277030048,3.963660792598,0.));
#8084 = LINE('',#8085,#8086);
#8085 = CARTESIAN_POINT('',(-6.477742022955,3.690225753834,0.));
#8086 = VECTOR('',#8087,1.);
#8087 = DIRECTION('',(-0.520166374829,0.854064952154,0.));
#8088 = ORIENTED_EDGE('',*,*,#8089,.T.);
#8089 = EDGE_CURVE('',#8082,#8090,#8092,.T.);
#8090 = VERTEX_POINT('',#8091);
#8091 = CARTESIAN_POINT('',(-6.837032233426,4.179722119211,0.));
#8092 = LINE('',#8093,#8094);
#8093 = CARTESIAN_POINT('',(-6.644277030048,3.963660792598,0.));
#8094 = VECTOR('',#8095,1.);
#8095 = DIRECTION('',(-0.665714592521,0.746206460241,0.));
#8096 = ORIENTED_EDGE('',*,*,#8097,.T.);
#8097 = EDGE_CURVE('',#8090,#8098,#8100,.T.);
#8098 = VERTEX_POINT('',#8099);
#8099 = CARTESIAN_POINT('',(-7.046475332413,4.325426201581,0.));
#8100 = LINE('',#8101,#8102);
#8101 = CARTESIAN_POINT('',(-6.837032233426,4.179722119211,0.));
#8102 = VECTOR('',#8103,1.);
#8103 = DIRECTION('',(-0.82089686869,0.571076466836,0.));
#8104 = ORIENTED_EDGE('',*,*,#8105,.T.);
#8105 = EDGE_CURVE('',#8098,#8106,#8108,.T.);
#8106 = VERTEX_POINT('',#8107);
#8107 = CARTESIAN_POINT('',(-7.244910243773,4.467131109013,0.));
#8108 = LINE('',#8109,#8110);
#8109 = CARTESIAN_POINT('',(-7.046475332413,4.325426201581,0.));
#8110 = VECTOR('',#8111,1.);
#8111 = DIRECTION('',(-0.813800026826,0.581145004571,0.));
#8112 = ORIENTED_EDGE('',*,*,#8113,.T.);
#8113 = EDGE_CURVE('',#8106,#8114,#8116,.T.);
#8114 = VERTEX_POINT('',#8115);
#8115 = CARTESIAN_POINT('',(-7.439676365869,4.668142038163,0.));
#8116 = LINE('',#8117,#8118);
#8117 = CARTESIAN_POINT('',(-7.244910243773,4.467131109013,0.));
#8118 = VECTOR('',#8119,1.);
#8119 = DIRECTION('',(-0.695863010344,0.718174540648,0.));
#8120 = ORIENTED_EDGE('',*,*,#8121,.T.);
#8121 = EDGE_CURVE('',#8114,#8122,#8124,.T.);
#8122 = VERTEX_POINT('',#8123);
#8123 = CARTESIAN_POINT('',(-8.06086644642,5.332027136153,0.));
#8124 = LINE('',#8125,#8126);
#8125 = CARTESIAN_POINT('',(-7.439676365869,4.668142038163,0.));
#8126 = VECTOR('',#8127,1.);
#8127 = DIRECTION('',(-0.683237061178,0.730196629843,0.));
#8128 = ORIENTED_EDGE('',*,*,#8129,.T.);
#8129 = EDGE_CURVE('',#8122,#8130,#8132,.T.);
#8130 = VERTEX_POINT('',#8131);
#8131 = CARTESIAN_POINT('',(-8.48988185126,5.801940117583,0.));
#8132 = LINE('',#8133,#8134);
#8133 = CARTESIAN_POINT('',(-8.06086644642,5.332027136153,0.));
#8134 = VECTOR('',#8135,1.);
#8135 = DIRECTION('',(-0.674238869834,0.738513335292,0.));
#8136 = ORIENTED_EDGE('',*,*,#8137,.T.);
#8137 = EDGE_CURVE('',#8130,#8138,#8140,.T.);
#8138 = VERTEX_POINT('',#8139);
#8139 = CARTESIAN_POINT('',(-8.544738076045,5.895129110359,0.));
#8140 = LINE('',#8141,#8142);
#8141 = CARTESIAN_POINT('',(-8.48988185126,5.801940117583,0.));
#8142 = VECTOR('',#8143,1.);
#8143 = DIRECTION('',(-0.507289214348,0.861775871678,0.));
#8144 = ORIENTED_EDGE('',*,*,#8145,.T.);
#8145 = EDGE_CURVE('',#8138,#8146,#8148,.T.);
#8146 = VERTEX_POINT('',#8147);
#8147 = CARTESIAN_POINT('',(-8.680869993936,6.020897702714,0.));
#8148 = LINE('',#8149,#8150);
#8149 = CARTESIAN_POINT('',(-8.544738076045,5.895129110359,0.));
#8150 = VECTOR('',#8151,1.);
#8151 = DIRECTION('',(-0.734511976511,0.678595723801,0.));
#8152 = ORIENTED_EDGE('',*,*,#8153,.T.);
#8153 = EDGE_CURVE('',#8146,#8154,#8156,.T.);
#8154 = VERTEX_POINT('',#8155);
#8155 = CARTESIAN_POINT('',(-9.026340370247,6.233065734366,0.));
#8156 = LINE('',#8157,#8158);
#8157 = CARTESIAN_POINT('',(-8.680869993936,6.020897702714,0.));
#8158 = VECTOR('',#8159,1.);
#8159 = DIRECTION('',(-0.852130419162,0.523329483919,0.));
#8160 = ORIENTED_EDGE('',*,*,#8161,.T.);
#8161 = EDGE_CURVE('',#8154,#8162,#8164,.T.);
#8162 = VERTEX_POINT('',#8163);
#8163 = CARTESIAN_POINT('',(-9.638795238266,6.596445812987,0.));
#8164 = LINE('',#8165,#8166);
#8165 = CARTESIAN_POINT('',(-9.026340370247,6.233065734366,0.));
#8166 = VECTOR('',#8167,1.);
#8167 = DIRECTION('',(-0.860018054645,0.510263604114,0.));
#8168 = ORIENTED_EDGE('',*,*,#8169,.T.);
#8169 = EDGE_CURVE('',#8162,#8170,#8172,.T.);
#8170 = VERTEX_POINT('',#8171);
#8171 = CARTESIAN_POINT('',(-10.2169498384,6.964025797334,0.));
#8172 = LINE('',#8173,#8174);
#8173 = CARTESIAN_POINT('',(-9.638795238266,6.596445812987,0.));
#8174 = VECTOR('',#8175,1.);
#8175 = DIRECTION('',(-0.843883934751,0.536525772606,0.));
#8176 = ORIENTED_EDGE('',*,*,#8177,.T.);
#8177 = EDGE_CURVE('',#8170,#8178,#8180,.T.);
#8178 = VERTEX_POINT('',#8179);
#8179 = CARTESIAN_POINT('',(-10.60164859833,7.259289757876,0.));
#8180 = LINE('',#8181,#8182);
#8181 = CARTESIAN_POINT('',(-10.2169498384,6.964025797334,0.));
#8182 = VECTOR('',#8183,1.);
#8183 = DIRECTION('',(-0.793279418347,0.608857753853,0.));
#8184 = ORIENTED_EDGE('',*,*,#8185,.T.);
#8185 = EDGE_CURVE('',#8178,#8186,#8188,.T.);
#8186 = VERTEX_POINT('',#8187);
#8187 = CARTESIAN_POINT('',(-10.93653784185,7.491984442744,0.));
#8188 = LINE('',#8189,#8190);
#8189 = CARTESIAN_POINT('',(-10.60164859833,7.259289757876,0.));
#8190 = VECTOR('',#8191,1.);
#8191 = DIRECTION('',(-0.821217469127,0.57061534189,0.));
#8192 = ORIENTED_EDGE('',*,*,#8193,.T.);
#8193 = EDGE_CURVE('',#8186,#8194,#8196,.T.);
#8194 = VERTEX_POINT('',#8195);
#8195 = CARTESIAN_POINT('',(-11.46133424549,7.773101018642,0.));
#8196 = LINE('',#8197,#8198);
#8197 = CARTESIAN_POINT('',(-10.93653784185,7.491984442744,0.));
#8198 = VECTOR('',#8199,1.);
#8199 = DIRECTION('',(-0.881496997688,0.472189626174,0.));
#8200 = ORIENTED_EDGE('',*,*,#8201,.T.);
#8201 = EDGE_CURVE('',#8194,#8202,#8204,.T.);
#8202 = VERTEX_POINT('',#8203);
#8203 = CARTESIAN_POINT('',(-12.009737561,8.020709890794,0.));
#8204 = LINE('',#8205,#8206);
#8205 = CARTESIAN_POINT('',(-11.46133424549,7.773101018642,0.));
#8206 = VECTOR('',#8207,1.);
#8207 = DIRECTION('',(-0.911406218257,0.411507843573,0.));
#8208 = ORIENTED_EDGE('',*,*,#8209,.T.);
#8209 = EDGE_CURVE('',#8202,#8210,#8212,.T.);
#8210 = VERTEX_POINT('',#8211);
#8211 = CARTESIAN_POINT('',(-12.41544754013,8.152881464423,0.));
#8212 = LINE('',#8213,#8214);
#8213 = CARTESIAN_POINT('',(-12.009737561,8.020709890794,0.));
#8214 = VECTOR('',#8215,1.);
#8215 = DIRECTION('',(-0.950816257413,0.309755459419,0.));
#8216 = ORIENTED_EDGE('',*,*,#8217,.T.);
#8217 = EDGE_CURVE('',#8210,#8218,#8220,.T.);
#8218 = VERTEX_POINT('',#8219);
#8219 = CARTESIAN_POINT('',(-12.78778112143,8.290401906959,0.));
#8220 = LINE('',#8221,#8222);
#8221 = CARTESIAN_POINT('',(-12.41544754013,8.152881464423,0.));
#8222 = VECTOR('',#8223,1.);
#8223 = DIRECTION('',(-0.93806091748,0.346470366837,0.));
#8224 = ORIENTED_EDGE('',*,*,#8225,.T.);
#8225 = EDGE_CURVE('',#8218,#8226,#8228,.T.);
#8226 = VERTEX_POINT('',#8227);
#8227 = CARTESIAN_POINT('',(-13.18054812401,8.458467344008,0.));
#8228 = LINE('',#8229,#8230);
#8229 = CARTESIAN_POINT('',(-12.78778112143,8.290401906959,0.));
#8230 = VECTOR('',#8231,1.);
#8231 = DIRECTION('',(-0.919368014036,0.393398595278,0.));
#8232 = ORIENTED_EDGE('',*,*,#8233,.T.);
#8233 = EDGE_CURVE('',#8226,#8234,#8236,.T.);
#8234 = VERTEX_POINT('',#8235);
#8235 = CARTESIAN_POINT('',(-13.81704393477,8.644788805094,0.));
#8236 = LINE('',#8237,#8238);
#8237 = CARTESIAN_POINT('',(-13.18054812401,8.458467344008,0.));
#8238 = VECTOR('',#8239,1.);
#8239 = DIRECTION('',(-0.95972520956,0.280940424529,0.));
#8240 = ORIENTED_EDGE('',*,*,#8241,.T.);
#8241 = EDGE_CURVE('',#8234,#8242,#8244,.T.);
#8242 = VERTEX_POINT('',#8243);
#8243 = CARTESIAN_POINT('',(-14.48191826724,8.793863675771,0.));
#8244 = LINE('',#8245,#8246);
#8245 = CARTESIAN_POINT('',(-13.81704393477,8.644788805094,0.));
#8246 = VECTOR('',#8247,1.);
#8247 = DIRECTION('',(-0.975773502455,0.218783161845,0.));
#8248 = ORIENTED_EDGE('',*,*,#8249,.T.);
#8249 = EDGE_CURVE('',#8242,#8250,#8252,.T.);
#8250 = VERTEX_POINT('',#8251);
#8251 = CARTESIAN_POINT('',(-14.95982083497,8.850189341595,0.));
#8252 = LINE('',#8253,#8254);
#8253 = CARTESIAN_POINT('',(-14.48191826724,8.793863675771,0.));
#8254 = VECTOR('',#8255,1.);
#8255 = DIRECTION('',(-0.993126025661,0.11704997717,0.));
#8256 = ORIENTED_EDGE('',*,*,#8257,.T.);
#8257 = EDGE_CURVE('',#8250,#8258,#8260,.T.);
#8258 = VERTEX_POINT('',#8259);
#8259 = CARTESIAN_POINT('',(-15.75037698073,8.940769661309,0.));
#8260 = LINE('',#8261,#8262);
#8261 = CARTESIAN_POINT('',(-14.95982083497,8.850189341595,0.));
#8262 = VECTOR('',#8263,1.);
#8263 = DIRECTION('',(-0.993499875407,0.113833200631,0.));
#8264 = ORIENTED_EDGE('',*,*,#8265,.T.);
#8265 = EDGE_CURVE('',#8258,#8266,#8268,.T.);
#8266 = VERTEX_POINT('',#8267);
#8267 = CARTESIAN_POINT('',(-16.47861709087,9.020825952547,0.));
#8268 = LINE('',#8269,#8270);
#8269 = CARTESIAN_POINT('',(-15.75037698073,8.940769661309,0.));
#8270 = VECTOR('',#8271,1.);
#8271 = DIRECTION('',(-0.994011789046,0.109272884273,0.));
#8272 = ORIENTED_EDGE('',*,*,#8273,.T.);
#8273 = EDGE_CURVE('',#8266,#8274,#8276,.T.);
#8274 = VERTEX_POINT('',#8275);
#8275 = CARTESIAN_POINT('',(-17.67410371936,9.059655228018,0.));
#8276 = LINE('',#8277,#8278);
#8277 = CARTESIAN_POINT('',(-16.47861709087,9.020825952547,0.));
#8278 = VECTOR('',#8279,1.);
#8279 = DIRECTION('',(-0.999472945311,3.246277239264E-02,0.));
#8280 = ORIENTED_EDGE('',*,*,#8281,.T.);
#8281 = EDGE_CURVE('',#8274,#8282,#8284,.T.);
#8282 = VERTEX_POINT('',#8283);
#8283 = CARTESIAN_POINT('',(-18.71258703482,9.091961855783,0.));
#8284 = LINE('',#8285,#8286);
#8285 = CARTESIAN_POINT('',(-17.67410371936,9.059655228018,0.));
#8286 = VECTOR('',#8287,1.);
#8287 = DIRECTION('',(-0.999516452524,3.10943907291E-02,0.));
#8288 = ORIENTED_EDGE('',*,*,#8289,.T.);
#8289 = EDGE_CURVE('',#8282,#8290,#8292,.T.);
#8290 = VERTEX_POINT('',#8291);
#8291 = CARTESIAN_POINT('',(-19.23005859879,9.140600469891,0.));
#8292 = LINE('',#8293,#8294);
#8293 = CARTESIAN_POINT('',(-18.71258703482,9.091961855783,0.));
#8294 = VECTOR('',#8295,1.);
#8295 = DIRECTION('',(-0.995611729748,9.358035899128E-02,0.));
#8296 = ORIENTED_EDGE('',*,*,#8297,.T.);
#8297 = EDGE_CURVE('',#8290,#8298,#8300,.T.);
#8298 = VERTEX_POINT('',#8299);
#8299 = CARTESIAN_POINT('',(-19.61254201176,9.176970241746,0.));
#8300 = LINE('',#8301,#8302);
#8301 = CARTESIAN_POINT('',(-19.23005859879,9.140600469891,0.));
#8302 = VECTOR('',#8303,1.);
#8303 = DIRECTION('',(-0.995509517883,9.466150117164E-02,0.));
#8304 = ORIENTED_EDGE('',*,*,#8305,.T.);
#8305 = EDGE_CURVE('',#8298,#8306,#8308,.T.);
#8306 = VERTEX_POINT('',#8307);
#8307 = CARTESIAN_POINT('',(-20.40911817482,9.16971746337,0.));
#8308 = LINE('',#8309,#8310);
#8309 = CARTESIAN_POINT('',(-19.61254201176,9.176970241746,0.));
#8310 = VECTOR('',#8311,1.);
#8311 = DIRECTION('',(-0.999958552608,-9.104562882085E-03,0.));
#8312 = ORIENTED_EDGE('',*,*,#8313,.T.);
#8313 = EDGE_CURVE('',#8306,#8314,#8316,.T.);
#8314 = VERTEX_POINT('',#8315);
#8315 = CARTESIAN_POINT('',(-22.44622797212,9.107812970567,0.));
#8316 = LINE('',#8317,#8318);
#8317 = CARTESIAN_POINT('',(-20.40911817482,9.16971746337,0.));
#8318 = VECTOR('',#8319,1.);
#8319 = DIRECTION('',(-0.999538592332,-3.037437141466E-02,0.));
#8320 = ORIENTED_EDGE('',*,*,#8321,.T.);
#8321 = EDGE_CURVE('',#8314,#8322,#8324,.T.);
#8322 = VERTEX_POINT('',#8323);
#8323 = CARTESIAN_POINT('',(-23.22369828422,9.099421982446,0.));
#8324 = LINE('',#8325,#8326);
#8325 = CARTESIAN_POINT('',(-22.44622797212,9.107812970567,0.));
#8326 = VECTOR('',#8327,1.);
#8327 = DIRECTION('',(-0.999941764119,-1.07920512638E-02,0.));
#8328 = ORIENTED_EDGE('',*,*,#8329,.T.);
#8329 = EDGE_CURVE('',#8322,#8330,#8332,.T.);
#8330 = VERTEX_POINT('',#8331);
#8331 = CARTESIAN_POINT('',(-23.52910315238,9.135818224295,0.));
#8332 = LINE('',#8333,#8334);
#8333 = CARTESIAN_POINT('',(-23.22369828422,9.099421982446,0.));
#8334 = VECTOR('',#8335,1.);
#8335 = DIRECTION('',(-0.992973565385,0.118336378372,0.));
#8336 = ORIENTED_EDGE('',*,*,#8337,.T.);
#8337 = EDGE_CURVE('',#8330,#8338,#8340,.T.);
#8338 = VERTEX_POINT('',#8339);
#8339 = CARTESIAN_POINT('',(-23.89980585737,9.189884841562,0.));
#8340 = LINE('',#8341,#8342);
#8341 = CARTESIAN_POINT('',(-23.52910315238,9.135818224295,0.));
#8342 = VECTOR('',#8343,1.);
#8343 = DIRECTION('',(-0.989530767816,0.144322068811,0.));
#8344 = ORIENTED_EDGE('',*,*,#8345,.T.);
#8345 = EDGE_CURVE('',#8338,#8346,#8348,.T.);
#8346 = VERTEX_POINT('',#8347);
#8347 = CARTESIAN_POINT('',(-24.61182061353,9.200153544887,0.));
#8348 = LINE('',#8349,#8350);
#8349 = CARTESIAN_POINT('',(-23.89980585737,9.189884841562,0.));
#8350 = VECTOR('',#8351,1.);
#8351 = DIRECTION('',(-0.999896018641,1.44205376121E-02,0.));
#8352 = ORIENTED_EDGE('',*,*,#8353,.T.);
#8353 = EDGE_CURVE('',#8346,#8354,#8356,.T.);
#8354 = VERTEX_POINT('',#8355);
#8355 = CARTESIAN_POINT('',(-25.32068705351,9.171160629505,0.));
#8356 = LINE('',#8357,#8358);
#8357 = CARTESIAN_POINT('',(-24.61182061353,9.200153544887,0.));
#8358 = VECTOR('',#8359,1.);
#8359 = DIRECTION('',(-0.9991646269,-4.086622506959E-02,0.));
#8360 = ORIENTED_EDGE('',*,*,#8361,.T.);
#8361 = EDGE_CURVE('',#8354,#8362,#8364,.T.);
#8362 = VERTEX_POINT('',#8363);
#8363 = CARTESIAN_POINT('',(-25.68194480994,9.10744239065,0.));
#8364 = LINE('',#8365,#8366);
#8365 = CARTESIAN_POINT('',(-25.32068705351,9.171160629505,0.));
#8366 = VECTOR('',#8367,1.);
#8367 = DIRECTION('',(-0.984799011197,-0.173697747668,0.));
#8368 = ORIENTED_EDGE('',*,*,#8369,.T.);
#8369 = EDGE_CURVE('',#8362,#8370,#8372,.T.);
#8370 = VERTEX_POINT('',#8371);
#8371 = CARTESIAN_POINT('',(-26.03429446943,9.04245938239,0.));
#8372 = LINE('',#8373,#8374);
#8373 = CARTESIAN_POINT('',(-25.68194480994,9.10744239065,0.));
#8374 = VECTOR('',#8375,1.);
#8375 = DIRECTION('',(-0.983415130365,-0.1813689096,0.));
#8376 = ORIENTED_EDGE('',*,*,#8377,.T.);
#8377 = EDGE_CURVE('',#8370,#8378,#8380,.T.);
#8378 = VERTEX_POINT('',#8379);
#8379 = CARTESIAN_POINT('',(-26.71862770104,9.023777356887,0.));
#8380 = LINE('',#8381,#8382);
#8381 = CARTESIAN_POINT('',(-26.03429446943,9.04245938239,0.));
#8382 = VECTOR('',#8383,1.);
#8383 = DIRECTION('',(-0.999627573995,-2.728943586077E-02,0.));
#8384 = ORIENTED_EDGE('',*,*,#8385,.T.);
#8385 = EDGE_CURVE('',#8378,#8386,#8388,.T.);
#8386 = VERTEX_POINT('',#8387);
#8387 = CARTESIAN_POINT('',(-27.41875346898,9.049733667636,0.));
#8388 = LINE('',#8389,#8390);
#8389 = CARTESIAN_POINT('',(-26.71862770104,9.023777356887,0.));
#8390 = VECTOR('',#8391,1.);
#8391 = DIRECTION('',(-0.999313474932,3.704833085627E-02,0.));
#8392 = ORIENTED_EDGE('',*,*,#8393,.T.);
#8393 = EDGE_CURVE('',#8386,#8394,#8396,.T.);
#8394 = VERTEX_POINT('',#8395);
#8395 = CARTESIAN_POINT('',(-27.81848073744,9.118665668136,0.));
#8396 = LINE('',#8397,#8398);
#8397 = CARTESIAN_POINT('',(-27.41875346898,9.049733667636,0.));
#8398 = VECTOR('',#8399,1.);
#8399 = DIRECTION('',(-0.985454540178,0.169939251626,0.));
#8400 = ORIENTED_EDGE('',*,*,#8401,.T.);
#8401 = EDGE_CURVE('',#8394,#8402,#8404,.T.);
#8402 = VERTEX_POINT('',#8403);
#8403 = CARTESIAN_POINT('',(-28.21245216811,9.173943563361,0.));
#8404 = LINE('',#8405,#8406);
#8405 = CARTESIAN_POINT('',(-27.81848073744,9.118665668136,0.));
#8406 = VECTOR('',#8407,1.);
#8407 = DIRECTION('',(-0.9902996298,0.138948347304,0.));
#8408 = ORIENTED_EDGE('',*,*,#8409,.T.);
#8409 = EDGE_CURVE('',#8402,#8410,#8412,.T.);
#8410 = VERTEX_POINT('',#8411);
#8411 = CARTESIAN_POINT('',(-28.93809233929,9.197813156245,0.));
#8412 = LINE('',#8413,#8414);
#8413 = CARTESIAN_POINT('',(-28.21245216811,9.173943563361,0.));
#8414 = VECTOR('',#8415,1.);
#8415 = DIRECTION('',(-0.999459413592,3.287674835754E-02,0.));
#8416 = ORIENTED_EDGE('',*,*,#8417,.T.);
#8417 = EDGE_CURVE('',#8410,#8418,#8420,.T.);
#8418 = VERTEX_POINT('',#8419);
#8419 = CARTESIAN_POINT('',(-29.64733942829,9.187089775625,0.));
#8420 = LINE('',#8421,#8422);
#8421 = CARTESIAN_POINT('',(-28.93809233929,9.197813156245,0.));
#8422 = VECTOR('',#8423,1.);
#8423 = DIRECTION('',(-0.999885721673,-1.511765833894E-02,0.));
#8424 = ORIENTED_EDGE('',*,*,#8425,.T.);
#8425 = EDGE_CURVE('',#8418,#8426,#8428,.T.);
#8426 = VERTEX_POINT('',#8427);
#8427 = CARTESIAN_POINT('',(-29.99213161241,9.138588750341,0.));
#8428 = LINE('',#8429,#8430);
#8429 = CARTESIAN_POINT('',(-29.64733942829,9.187089775625,0.));
#8430 = VECTOR('',#8431,1.);
#8431 = DIRECTION('',(-0.990250786047,-0.139296018368,0.));
#8432 = ORIENTED_EDGE('',*,*,#8433,.T.);
#8433 = EDGE_CURVE('',#8426,#8434,#8436,.T.);
#8434 = VERTEX_POINT('',#8435);
#8435 = CARTESIAN_POINT('',(-30.33346398509,9.095302865348,0.));
#8436 = LINE('',#8437,#8438);
#8437 = CARTESIAN_POINT('',(-29.99213161241,9.138588750341,0.));
#8438 = VECTOR('',#8439,1.);
#8439 = DIRECTION('',(-0.992054748419,-0.125806900208,0.));
#8440 = ORIENTED_EDGE('',*,*,#8441,.T.);
#8441 = EDGE_CURVE('',#8434,#8442,#8444,.T.);
#8442 = VERTEX_POINT('',#8443);
#8443 = CARTESIAN_POINT('',(-31.0393549933,9.081631940597,0.));
#8444 = LINE('',#8445,#8446);
#8445 = CARTESIAN_POINT('',(-30.33346398509,9.095302865348,0.));
#8446 = VECTOR('',#8447,1.);
#8447 = DIRECTION('',(-0.999812514217,-1.936327490774E-02,0.));
#8448 = ORIENTED_EDGE('',*,*,#8449,.T.);
#8449 = EDGE_CURVE('',#8442,#8450,#8452,.T.);
#8450 = VERTEX_POINT('',#8451);
#8451 = CARTESIAN_POINT('',(-31.75140068667,9.097114405567,0.));
#8452 = LINE('',#8453,#8454);
#8453 = CARTESIAN_POINT('',(-31.0393549933,9.081631940597,0.));
#8454 = VECTOR('',#8455,1.);
#8455 = DIRECTION('',(-0.999763690857,2.173850142797E-02,0.));
#8456 = ORIENTED_EDGE('',*,*,#8457,.T.);
#8457 = EDGE_CURVE('',#8450,#8458,#8460,.T.);
#8458 = VERTEX_POINT('',#8459);
#8459 = CARTESIAN_POINT('',(-32.11119711484,9.141288689737,0.));
#8460 = LINE('',#8461,#8462);
#8461 = CARTESIAN_POINT('',(-31.75140068667,9.097114405567,0.));
#8462 = VECTOR('',#8463,1.);
#8463 = DIRECTION('',(-0.992547206816,0.121860749393,0.));
#8464 = ORIENTED_EDGE('',*,*,#8465,.T.);
#8465 = EDGE_CURVE('',#8458,#8466,#8468,.T.);
#8466 = VERTEX_POINT('',#8467);
#8467 = CARTESIAN_POINT('',(-32.42371147542,9.177422437478,0.));
#8468 = LINE('',#8469,#8470);
#8469 = CARTESIAN_POINT('',(-32.11119711484,9.141288689737,0.));
#8470 = VECTOR('',#8471,1.);
#8471 = DIRECTION('',(-0.993381979832,0.114857486238,0.));
#8472 = ORIENTED_EDGE('',*,*,#8473,.T.);
#8473 = EDGE_CURVE('',#8466,#8474,#8476,.T.);
#8474 = VERTEX_POINT('',#8475);
#8475 = CARTESIAN_POINT('',(-33.22509200538,9.168146910388,0.));
#8476 = LINE('',#8477,#8478);
#8477 = CARTESIAN_POINT('',(-32.42371147542,9.177422437478,0.));
#8478 = VECTOR('',#8479,1.);
#8479 = DIRECTION('',(-0.999933022953,-1.157366007194E-02,0.));
#8480 = ORIENTED_EDGE('',*,*,#8481,.T.);
#8481 = EDGE_CURVE('',#8474,#8482,#8484,.T.);
#8482 = VERTEX_POINT('',#8483);
#8483 = CARTESIAN_POINT('',(-35.29953998336,9.137269662303,0.));
#8484 = LINE('',#8485,#8486);
#8485 = CARTESIAN_POINT('',(-33.22509200538,9.168146910388,0.));
#8486 = VECTOR('',#8487,1.);
#8487 = DIRECTION('',(-0.999889243321,-1.488291273214E-02,0.));
#8488 = ORIENTED_EDGE('',*,*,#8489,.T.);
#8489 = EDGE_CURVE('',#8482,#8490,#8492,.T.);
#8490 = VERTEX_POINT('',#8491);
#8491 = CARTESIAN_POINT('',(-37.34096885796,9.168146910388,0.));
#8492 = LINE('',#8493,#8494);
#8493 = CARTESIAN_POINT('',(-35.29953998336,9.137269662303,0.));
#8494 = VECTOR('',#8495,1.);
#8495 = DIRECTION('',(-0.999885632096,1.5123581871E-02,0.));
#8496 = ORIENTED_EDGE('',*,*,#8497,.T.);
#8497 = EDGE_CURVE('',#8490,#8498,#8500,.T.);
#8498 = VERTEX_POINT('',#8499);
#8499 = CARTESIAN_POINT('',(-38.12411463176,9.176394519375,0.));
#8500 = LINE('',#8501,#8502);
#8501 = CARTESIAN_POINT('',(-37.34096885796,9.168146910388,0.));
#8502 = VECTOR('',#8503,1.);
#8503 = DIRECTION('',(-0.999944549586,1.053080017654E-02,0.));
#8504 = ORIENTED_EDGE('',*,*,#8505,.T.);
#8505 = EDGE_CURVE('',#8498,#8506,#8508,.T.);
#8506 = VERTEX_POINT('',#8507);
#8507 = CARTESIAN_POINT('',(-38.520028434,9.144976842244,0.));
#8508 = LINE('',#8509,#8510);
#8509 = CARTESIAN_POINT('',(-38.12411463176,9.176394519375,0.));
#8510 = VECTOR('',#8511,1.);
#8511 = DIRECTION('',(-0.996866197416,-7.910615936076E-02,0.));
#8512 = ORIENTED_EDGE('',*,*,#8513,.T.);
#8513 = EDGE_CURVE('',#8506,#8514,#8516,.T.);
#8514 = VERTEX_POINT('',#8515);
#8515 = CARTESIAN_POINT('',(-39.39353027565,9.071672605327,0.));
#8516 = LINE('',#8517,#8518);
#8517 = CARTESIAN_POINT('',(-38.520028434,9.144976842244,0.));
#8518 = VECTOR('',#8519,1.);
#8519 = DIRECTION('',(-0.996497211044,-8.362600301703E-02,0.));
#8520 = ORIENTED_EDGE('',*,*,#8521,.T.);
#8521 = EDGE_CURVE('',#8514,#8522,#8524,.T.);
#8522 = VERTEX_POINT('',#8523);
#8523 = CARTESIAN_POINT('',(-40.10717772796,9.053955355961,0.));
#8524 = LINE('',#8525,#8526);
#8525 = CARTESIAN_POINT('',(-39.39353027565,9.071672605327,0.));
#8526 = VECTOR('',#8527,1.);
#8527 = DIRECTION('',(-0.999691968976,-2.481868581713E-02,0.));
#8528 = ORIENTED_EDGE('',*,*,#8529,.T.);
#8529 = EDGE_CURVE('',#8522,#8530,#8532,.T.);
#8530 = VERTEX_POINT('',#8531);
#8531 = CARTESIAN_POINT('',(-40.10286835644,9.280856145147,0.));
#8532 = LINE('',#8533,#8534);
#8533 = CARTESIAN_POINT('',(-40.10717772796,9.053955355961,0.));
#8534 = VECTOR('',#8535,1.);
#8535 = DIRECTION('',(1.898889170497E-02,0.999819694741,0.));
#8536 = ORIENTED_EDGE('',*,*,#8537,.T.);
#8537 = EDGE_CURVE('',#8530,#8538,#8540,.T.);
#8538 = VERTEX_POINT('',#8539);
#8539 = CARTESIAN_POINT('',(-40.05235941642,9.532290207172,0.));
#8540 = LINE('',#8541,#8542);
#8541 = CARTESIAN_POINT('',(-40.10286835644,9.280856145147,0.));
#8542 = VECTOR('',#8543,1.);
#8543 = DIRECTION('',(0.196948890836,0.980413756737,0.));
#8544 = ORIENTED_EDGE('',*,*,#8545,.T.);
#8545 = EDGE_CURVE('',#8538,#8546,#8548,.T.);
#8546 = VERTEX_POINT('',#8547);
#8547 = CARTESIAN_POINT('',(-39.93697696466,9.818214671472,0.));
#8548 = LINE('',#8549,#8550);
#8549 = CARTESIAN_POINT('',(-40.05235941642,9.532290207172,0.));
#8550 = VECTOR('',#8551,1.);
#8551 = DIRECTION('',(0.374220314478,0.927339827804,0.));
#8552 = ORIENTED_EDGE('',*,*,#8553,.T.);
#8553 = EDGE_CURVE('',#8546,#8554,#8556,.T.);
#8554 = VERTEX_POINT('',#8555);
#8555 = CARTESIAN_POINT('',(-39.74207738793,10.294919687944,0.));
#8556 = LINE('',#8557,#8558);
#8557 = CARTESIAN_POINT('',(-39.93697696466,9.818214671472,0.));
#8558 = VECTOR('',#8559,1.);
#8559 = DIRECTION('',(0.378439703289,0.925625945496,0.));
#8560 = ORIENTED_EDGE('',*,*,#8561,.T.);
#8561 = EDGE_CURVE('',#8554,#8562,#8564,.T.);
#8562 = VERTEX_POINT('',#8563);
#8563 = CARTESIAN_POINT('',(-39.52076835197,10.960833876417,0.));
#8564 = LINE('',#8565,#8566);
#8565 = CARTESIAN_POINT('',(-39.74207738793,10.294919687944,0.));
#8566 = VECTOR('',#8567,1.);
#8567 = DIRECTION('',(0.315378127925,0.948966088133,0.));
#8568 = ORIENTED_EDGE('',*,*,#8569,.T.);
#8569 = EDGE_CURVE('',#8562,#8570,#8572,.T.);
#8570 = VERTEX_POINT('',#8571);
#8571 = CARTESIAN_POINT('',(-39.34787423148,11.573301838109,0.));
#8572 = LINE('',#8573,#8574);
#8573 = CARTESIAN_POINT('',(-39.52076835197,10.960833876417,0.));
#8574 = VECTOR('',#8575,1.);
#8575 = DIRECTION('',(0.271673753698,0.962389407439,0.));
#8576 = ORIENTED_EDGE('',*,*,#8577,.T.);
#8577 = EDGE_CURVE('',#8570,#8578,#8580,.T.);
#8578 = VERTEX_POINT('',#8579);
#8579 = CARTESIAN_POINT('',(-39.29821940113,11.889668174238,0.));
#8580 = LINE('',#8581,#8582);
#8581 = CARTESIAN_POINT('',(-39.34787423148,11.573301838109,0.));
#8582 = VECTOR('',#8583,1.);
#8583 = DIRECTION('',(0.155055353516,0.987905783638,0.));
#8584 = ORIENTED_EDGE('',*,*,#8585,.T.);
#8585 = EDGE_CURVE('',#8578,#8586,#8588,.T.);
#8586 = VERTEX_POINT('',#8587);
#8587 = CARTESIAN_POINT('',(-39.26242201488,12.162789984739,0.));
#8588 = LINE('',#8589,#8590);
#8589 = CARTESIAN_POINT('',(-39.29821940113,11.889668174238,0.));
#8590 = VECTOR('',#8591,1.);
#8591 = DIRECTION('',(0.129955992368,0.991519762812,0.));
#8592 = ORIENTED_EDGE('',*,*,#8593,.T.);
#8593 = EDGE_CURVE('',#8586,#8594,#8596,.T.);
#8594 = VERTEX_POINT('',#8595);
#8595 = CARTESIAN_POINT('',(-39.08055731641,12.664427254064,0.));
#8596 = LINE('',#8597,#8598);
#8597 = CARTESIAN_POINT('',(-39.26242201488,12.162789984739,0.));
#8598 = VECTOR('',#8599,1.);
#8599 = DIRECTION('',(0.340834420668,0.940123341742,0.));
#8600 = ORIENTED_EDGE('',*,*,#8601,.T.);
#8601 = EDGE_CURVE('',#8594,#8602,#8604,.T.);
#8602 = VERTEX_POINT('',#8603);
#8603 = CARTESIAN_POINT('',(-38.92953519751,13.031107258613,0.));
#8604 = LINE('',#8605,#8606);
#8605 = CARTESIAN_POINT('',(-39.08055731641,12.664427254064,0.));
#8606 = VECTOR('',#8607,1.);
#8607 = DIRECTION('',(0.380827929546,0.924645925789,0.));
#8608 = ORIENTED_EDGE('',*,*,#8609,.T.);
#8609 = EDGE_CURVE('',#8602,#8610,#8612,.T.);
#8610 = VERTEX_POINT('',#8611);
#8611 = CARTESIAN_POINT('',(-38.65280366449,13.567036405258,0.));
#8612 = LINE('',#8613,#8614);
#8613 = CARTESIAN_POINT('',(-38.92953519751,13.031107258613,0.));
#8614 = VECTOR('',#8615,1.);
#8615 = DIRECTION('',(0.458803865109,0.888537570033,0.));
#8616 = ORIENTED_EDGE('',*,*,#8617,.T.);
#8617 = EDGE_CURVE('',#8610,#8618,#8620,.T.);
#8618 = VERTEX_POINT('',#8619);
#8619 = CARTESIAN_POINT('',(-38.43226866542,14.043884525135,0.));
#8620 = LINE('',#8621,#8622);
#8621 = CARTESIAN_POINT('',(-38.65280366449,13.567036405258,0.));
#8622 = VECTOR('',#8623,1.);
#8623 = DIRECTION('',(0.419766128365,0.907632303016,0.));
#8624 = ORIENTED_EDGE('',*,*,#8625,.T.);
#8625 = EDGE_CURVE('',#8618,#8626,#8628,.T.);
#8626 = VERTEX_POINT('',#8627);
#8627 = CARTESIAN_POINT('',(-38.11349164274,14.825828002519,0.));
#8628 = LINE('',#8629,#8630);
#8629 = CARTESIAN_POINT('',(-38.43226866542,14.043884525135,0.));
#8630 = VECTOR('',#8631,1.);
#8631 = DIRECTION('',(0.377507583636,0.926006492578,0.));
#8632 = ORIENTED_EDGE('',*,*,#8633,.T.);
#8633 = EDGE_CURVE('',#8626,#8634,#8636,.T.);
#8634 = VERTEX_POINT('',#8635);
#8635 = CARTESIAN_POINT('',(-37.73339342808,15.568291483744,0.));
#8636 = LINE('',#8637,#8638);
#8637 = CARTESIAN_POINT('',(-38.11349164274,14.825828002519,0.));
#8638 = VECTOR('',#8639,1.);
#8639 = DIRECTION('',(0.455697349494,0.890134779494,0.));
#8640 = ORIENTED_EDGE('',*,*,#8641,.T.);
#8641 = EDGE_CURVE('',#8634,#8642,#8644,.T.);
#8642 = VERTEX_POINT('',#8643);
#8643 = CARTESIAN_POINT('',(-37.53370646959,15.879984487274,0.));
#8644 = LINE('',#8645,#8646);
#8645 = CARTESIAN_POINT('',(-37.73339342808,15.568291483744,0.));
#8646 = VECTOR('',#8647,1.);
#8647 = DIRECTION('',(0.539443516633,0.842021788532,0.));
#8648 = ORIENTED_EDGE('',*,*,#8649,.T.);
#8649 = EDGE_CURVE('',#8642,#8650,#8652,.T.);
#8650 = VERTEX_POINT('',#8651);
#8651 = CARTESIAN_POINT('',(-37.46983633198,15.949501205807,0.));
#8652 = LINE('',#8653,#8654);
#8653 = CARTESIAN_POINT('',(-37.53370646959,15.879984487274,0.));
#8654 = VECTOR('',#8655,1.);
#8655 = DIRECTION('',(0.676567336856,0.736380770186,0.));
#8656 = ORIENTED_EDGE('',*,*,#8657,.T.);
#8657 = EDGE_CURVE('',#8650,#8658,#8660,.T.);
#8658 = VERTEX_POINT('',#8659);
#8659 = CARTESIAN_POINT('',(-37.35865432697,16.006043698106,0.));
#8660 = LINE('',#8661,#8662);
#8661 = CARTESIAN_POINT('',(-37.46983633198,15.949501205807,0.));
#8662 = VECTOR('',#8663,1.);
#8663 = DIRECTION('',(0.891355104256,0.453305722572,0.));
#8664 = ORIENTED_EDGE('',*,*,#8665,.T.);
#8665 = EDGE_CURVE('',#8658,#8666,#8668,.T.);
#8666 = VERTEX_POINT('',#8667);
#8667 = CARTESIAN_POINT('',(-36.96355672116,16.08343947921,0.));
#8668 = LINE('',#8669,#8670);
#8669 = CARTESIAN_POINT('',(-37.35865432697,16.006043698106,0.));
#8670 = VECTOR('',#8671,1.);
#8671 = DIRECTION('',(0.981348597272,0.192236652675,0.));
#8672 = ORIENTED_EDGE('',*,*,#8673,.T.);
#8673 = EDGE_CURVE('',#8666,#8674,#8676,.T.);
#8674 = VERTEX_POINT('',#8675);
#8675 = CARTESIAN_POINT('',(-36.28681766494,16.118638781015,0.));
#8676 = LINE('',#8677,#8678);
#8677 = CARTESIAN_POINT('',(-36.96355672116,16.08343947921,0.));
#8678 = VECTOR('',#8679,1.);
#8679 = DIRECTION('',(0.998650056733,5.194289352905E-02,0.));
#8680 = ORIENTED_EDGE('',*,*,#8681,.T.);
#8681 = EDGE_CURVE('',#8674,#8682,#8684,.T.);
#8682 = VERTEX_POINT('',#8683);
#8683 = CARTESIAN_POINT('',(-35.26684117111,16.118108553946,0.));
#8684 = LINE('',#8685,#8686);
#8685 = CARTESIAN_POINT('',(-36.28681766494,16.118638781015,0.));
#8686 = VECTOR('',#8687,1.);
#8687 = DIRECTION('',(0.999999864882,-5.198423692349E-04,0.));
#8688 = ORIENTED_EDGE('',*,*,#8689,.T.);
#8689 = EDGE_CURVE('',#8682,#8690,#8692,.T.);
#8690 = VERTEX_POINT('',#8691);
#8691 = CARTESIAN_POINT('',(-33.18797705791,16.11962616694,0.));
#8692 = LINE('',#8693,#8694);
#8693 = CARTESIAN_POINT('',(-35.26684117111,16.118108553946,0.));
#8694 = VECTOR('',#8695,1.);
#8695 = DIRECTION('',(0.999999733535,7.3002010061E-04,0.));
#8696 = ORIENTED_EDGE('',*,*,#8697,.T.);
#8697 = EDGE_CURVE('',#8690,#8698,#8700,.T.);
#8698 = VERTEX_POINT('',#8699);
#8699 = CARTESIAN_POINT('',(-26.73420792317,16.119608520277,0.));
#8700 = LINE('',#8701,#8702);
#8701 = CARTESIAN_POINT('',(-33.18797705791,16.11962616694,0.));
#8702 = VECTOR('',#8703,1.);
#8703 = DIRECTION('',(0.999999999996,-2.734318868166E-06,0.));
#8704 = ORIENTED_EDGE('',*,*,#8705,.T.);
#8705 = EDGE_CURVE('',#8698,#8706,#8708,.T.);
#8706 = VERTEX_POINT('',#8707);
#8707 = CARTESIAN_POINT('',(-24.62432409969,16.114843921344,0.));
#8708 = LINE('',#8709,#8710);
#8709 = CARTESIAN_POINT('',(-26.73420792317,16.119608520277,0.));
#8710 = VECTOR('',#8711,1.);
#8711 = DIRECTION('',(0.999997450213,-2.258222339649E-03,0.));
#8712 = ORIENTED_EDGE('',*,*,#8713,.T.);
#8713 = EDGE_CURVE('',#8706,#6368,#8714,.T.);
#8714 = LINE('',#8715,#8716);
#8715 = CARTESIAN_POINT('',(-24.62432409969,16.114843921344,0.));
#8716 = VECTOR('',#8717,1.);
#8717 = DIRECTION('',(0.999983636371,5.72075090027E-03,0.));
#8718 = PLANE('',#8719);
#8719 = AXIS2_PLACEMENT_3D('',#8720,#8721,#8722);
#8720 = CARTESIAN_POINT('',(-15.45801062183,-0.825169856381,0.));
#8721 = DIRECTION('',(-0.,-0.,-1.));
#8722 = DIRECTION('',(-1.,0.,0.));
#8723 = SHELL_BASED_SURFACE_MODEL('',(#8724));
#8724 = OPEN_SHELL('',(#8725));
#8725 = ADVANCED_FACE('',(#8726),#9176,.T.);
#8726 = FACE_BOUND('',#8727,.T.);
#8727 = EDGE_LOOP('',(#8728,#8738,#8746,#8754,#8762,#8770,#8778,#8786,
    #8794,#8802,#8810,#8818,#8826,#8834,#8842,#8850,#8858,#8866,#8874,
    #8882,#8890,#8898,#8906,#8914,#8922,#8930,#8938,#8946,#8954,#8962,
    #8970,#8978,#8986,#8994,#9002,#9010,#9018,#9026,#9034,#9042,#9050,
    #9058,#9066,#9074,#9082,#9090,#9098,#9106,#9114,#9122,#9130,#9138,
    #9146,#9154,#9162,#9170));
#8728 = ORIENTED_EDGE('',*,*,#8729,.T.);
#8729 = EDGE_CURVE('',#8730,#8732,#8734,.T.);
#8730 = VERTEX_POINT('',#8731);
#8731 = CARTESIAN_POINT('',(-30.45171055532,25.477832282839,0.));
#8732 = VERTEX_POINT('',#8733);
#8733 = CARTESIAN_POINT('',(-30.39205997274,25.429081171257,0.));
#8734 = LINE('',#8735,#8736);
#8735 = CARTESIAN_POINT('',(-30.45171055532,25.477832282839,0.));
#8736 = VECTOR('',#8737,1.);
#8737 = DIRECTION('',(0.774300152481,-0.632818515743,0.));
#8738 = ORIENTED_EDGE('',*,*,#8739,.T.);
#8739 = EDGE_CURVE('',#8732,#8740,#8742,.T.);
#8740 = VERTEX_POINT('',#8741);
#8741 = CARTESIAN_POINT('',(-30.32117736271,25.286255700742,0.));
#8742 = LINE('',#8743,#8744);
#8743 = CARTESIAN_POINT('',(-30.39205997274,25.429081171257,0.));
#8744 = VECTOR('',#8745,1.);
#8745 = DIRECTION('',(0.444551804882,-0.895753142767,0.));
#8746 = ORIENTED_EDGE('',*,*,#8747,.T.);
#8747 = EDGE_CURVE('',#8740,#8748,#8750,.T.);
#8748 = VERTEX_POINT('',#8749);
#8749 = CARTESIAN_POINT('',(-30.17636695051,24.765079164126,0.));
#8750 = LINE('',#8751,#8752);
#8751 = CARTESIAN_POINT('',(-30.32117736271,25.286255700742,0.));
#8752 = VECTOR('',#8753,1.);
#8753 = DIRECTION('',(0.26771105867,-0.963499241861,0.));
#8754 = ORIENTED_EDGE('',*,*,#8755,.T.);
#8755 = EDGE_CURVE('',#8748,#8756,#8758,.T.);
#8756 = VERTEX_POINT('',#8757);
#8757 = CARTESIAN_POINT('',(-30.00129145333,23.791492929661,0.));
#8758 = LINE('',#8759,#8760);
#8759 = CARTESIAN_POINT('',(-30.17636695051,24.765079164126,0.));
#8760 = VECTOR('',#8761,1.);
#8761 = DIRECTION('',(0.176986509043,-0.984213277505,0.));
#8762 = ORIENTED_EDGE('',*,*,#8763,.T.);
#8763 = EDGE_CURVE('',#8756,#8764,#8766,.T.);
#8764 = VERTEX_POINT('',#8765);
#8765 = CARTESIAN_POINT('',(-29.88631694812,23.424159722862,0.));
#8766 = LINE('',#8767,#8768);
#8767 = CARTESIAN_POINT('',(-30.00129145333,23.791492929661,0.));
#8768 = VECTOR('',#8769,1.);
#8769 = DIRECTION('',(0.298707815365,-0.954344613355,0.));
#8770 = ORIENTED_EDGE('',*,*,#8771,.T.);
#8771 = EDGE_CURVE('',#8764,#8772,#8774,.T.);
#8772 = VERTEX_POINT('',#8773);
#8773 = CARTESIAN_POINT('',(-29.74566273791,23.108057535216,0.));
#8774 = LINE('',#8775,#8776);
#8775 = CARTESIAN_POINT('',(-29.88631694812,23.424159722862,0.));
#8776 = VECTOR('',#8777,1.);
#8777 = DIRECTION('',(0.406535094498,-0.913635166213,0.));
#8778 = ORIENTED_EDGE('',*,*,#8779,.T.);
#8779 = EDGE_CURVE('',#8772,#8780,#8782,.T.);
#8780 = VERTEX_POINT('',#8781);
#8781 = CARTESIAN_POINT('',(-29.5267000771,22.656991189565,0.));
#8782 = LINE('',#8783,#8784);
#8783 = CARTESIAN_POINT('',(-29.74566273791,23.108057535216,0.));
#8784 = VECTOR('',#8785,1.);
#8785 = DIRECTION('',(0.436699484226,-0.899607447989,0.));
#8786 = ORIENTED_EDGE('',*,*,#8787,.T.);
#8787 = EDGE_CURVE('',#8780,#8788,#8790,.T.);
#8788 = VERTEX_POINT('',#8789);
#8789 = CARTESIAN_POINT('',(-29.18540561767,22.087939257004,0.));
#8790 = LINE('',#8791,#8792);
#8791 = CARTESIAN_POINT('',(-29.5267000771,22.656991189565,0.));
#8792 = VECTOR('',#8793,1.);
#8793 = DIRECTION('',(0.51434426764,-0.857583800189,0.));
#8794 = ORIENTED_EDGE('',*,*,#8795,.T.);
#8795 = EDGE_CURVE('',#8788,#8796,#8798,.T.);
#8796 = VERTEX_POINT('',#8797);
#8797 = CARTESIAN_POINT('',(-28.84409174665,21.509693413169,0.));
#8798 = LINE('',#8799,#8800);
#8799 = CARTESIAN_POINT('',(-29.18540561767,22.087939257004,0.));
#8800 = VECTOR('',#8801,1.);
#8801 = DIRECTION('',(0.508313261834,-0.861172240521,0.));
#8802 = ORIENTED_EDGE('',*,*,#8803,.T.);
#8803 = EDGE_CURVE('',#8796,#8804,#8806,.T.);
#8804 = VERTEX_POINT('',#8805);
#8805 = CARTESIAN_POINT('',(-28.72038172561,21.354067494688,0.));
#8806 = LINE('',#8807,#8808);
#8807 = CARTESIAN_POINT('',(-28.84409174665,21.509693413169,0.));
#8808 = VECTOR('',#8809,1.);
#8809 = DIRECTION('',(0.622266836632,-0.78280520184,0.));
#8810 = ORIENTED_EDGE('',*,*,#8811,.T.);
#8811 = EDGE_CURVE('',#8804,#8812,#8814,.T.);
#8812 = VERTEX_POINT('',#8813);
#8813 = CARTESIAN_POINT('',(-28.33955557658,20.901607062683,0.));
#8814 = LINE('',#8815,#8816);
#8815 = CARTESIAN_POINT('',(-28.72038172561,21.354067494688,0.));
#8816 = VECTOR('',#8817,1.);
#8817 = DIRECTION('',(0.643944623441,-0.765072102446,0.));
#8818 = ORIENTED_EDGE('',*,*,#8819,.T.);
#8819 = EDGE_CURVE('',#8812,#8820,#8822,.T.);
#8820 = VERTEX_POINT('',#8821);
#8821 = CARTESIAN_POINT('',(-27.92786500993,20.338872635374,0.));
#8822 = LINE('',#8823,#8824);
#8823 = CARTESIAN_POINT('',(-28.33955557658,20.901607062683,0.));
#8824 = VECTOR('',#8825,1.);
#8825 = DIRECTION('',(0.590448032914,-0.807075659667,0.));
#8826 = ORIENTED_EDGE('',*,*,#8827,.T.);
#8827 = EDGE_CURVE('',#8820,#8828,#8830,.T.);
#8828 = VERTEX_POINT('',#8829);
#8829 = CARTESIAN_POINT('',(-27.45641345732,19.820592357276,0.));
#8830 = LINE('',#8831,#8832);
#8831 = CARTESIAN_POINT('',(-27.92786500993,20.338872635374,0.));
#8832 = VECTOR('',#8833,1.);
#8833 = DIRECTION('',(0.6728975595,-0.739735678752,0.));
#8834 = ORIENTED_EDGE('',*,*,#8835,.T.);
#8835 = EDGE_CURVE('',#8828,#8836,#8838,.T.);
#8836 = VERTEX_POINT('',#8837);
#8837 = CARTESIAN_POINT('',(-27.16909988158,19.569546246102,0.));
#8838 = LINE('',#8839,#8840);
#8839 = CARTESIAN_POINT('',(-27.45641345732,19.820592357276,0.));
#8840 = VECTOR('',#8841,1.);
#8841 = DIRECTION('',(0.753035363981,-0.657980045741,0.));
#8842 = ORIENTED_EDGE('',*,*,#8843,.T.);
#8843 = EDGE_CURVE('',#8836,#8844,#8846,.T.);
#8844 = VERTEX_POINT('',#8845);
#8845 = CARTESIAN_POINT('',(-26.95140412989,19.421599107464,0.));
#8846 = LINE('',#8847,#8848);
#8847 = CARTESIAN_POINT('',(-27.16909988158,19.569546246102,0.));
#8848 = VECTOR('',#8849,1.);
#8849 = DIRECTION('',(0.827078351364,-0.562086648752,0.));
#8850 = ORIENTED_EDGE('',*,*,#8851,.T.);
#8851 = EDGE_CURVE('',#8844,#8852,#8854,.T.);
#8852 = VERTEX_POINT('',#8853);
#8853 = CARTESIAN_POINT('',(-26.67869018802,19.257789824878,0.));
#8854 = LINE('',#8855,#8856);
#8855 = CARTESIAN_POINT('',(-26.95140412989,19.421599107464,0.));
#8856 = VECTOR('',#8857,1.);
#8857 = DIRECTION('',(0.857241930554,-0.514913849591,0.));
#8858 = ORIENTED_EDGE('',*,*,#8859,.T.);
#8859 = EDGE_CURVE('',#8852,#8860,#8862,.T.);
#8860 = VERTEX_POINT('',#8861);
#8861 = CARTESIAN_POINT('',(-26.48000353269,19.068054837473,0.));
#8862 = LINE('',#8863,#8864);
#8863 = CARTESIAN_POINT('',(-26.67869018802,19.257789824878,0.));
#8864 = VECTOR('',#8865,1.);
#8865 = DIRECTION('',(0.723210916993,-0.690627229077,0.));
#8866 = ORIENTED_EDGE('',*,*,#8867,.T.);
#8867 = EDGE_CURVE('',#8860,#8868,#8870,.T.);
#8868 = VERTEX_POINT('',#8869);
#8869 = CARTESIAN_POINT('',(-26.38842514169,18.893867662837,0.));
#8870 = LINE('',#8871,#8872);
#8871 = CARTESIAN_POINT('',(-26.48000353269,19.068054837473,0.));
#8872 = VECTOR('',#8873,1.);
#8873 = DIRECTION('',(0.465352170598,-0.885125616689,0.));
#8874 = ORIENTED_EDGE('',*,*,#8875,.T.);
#8875 = EDGE_CURVE('',#8868,#8876,#8878,.T.);
#8876 = VERTEX_POINT('',#8877);
#8877 = CARTESIAN_POINT('',(-26.39313935088,18.825564979552,0.));
#8878 = LINE('',#8879,#8880);
#8879 = CARTESIAN_POINT('',(-26.38842514169,18.893867662837,0.));
#8880 = VECTOR('',#8881,1.);
#8881 = DIRECTION('',(-6.885557693437E-02,-0.99762663834,0.));
#8882 = ORIENTED_EDGE('',*,*,#8883,.T.);
#8883 = EDGE_CURVE('',#8876,#8884,#8886,.T.);
#8884 = VERTEX_POINT('',#8885);
#8885 = CARTESIAN_POINT('',(-26.43703599282,18.776701818555,0.));
#8886 = LINE('',#8887,#8888);
#8887 = CARTESIAN_POINT('',(-26.39313935088,18.825564979552,0.));
#8888 = VECTOR('',#8889,1.);
#8889 = DIRECTION('',(-0.668289857625,-0.743900978757,0.));
#8890 = ORIENTED_EDGE('',*,*,#8891,.T.);
#8891 = EDGE_CURVE('',#8884,#8892,#8894,.T.);
#8892 = VERTEX_POINT('',#8893);
#8893 = CARTESIAN_POINT('',(-26.67672082222,18.734165916727,0.));
#8894 = LINE('',#8895,#8896);
#8895 = CARTESIAN_POINT('',(-26.43703599282,18.776701818555,0.));
#8896 = VECTOR('',#8897,1.);
#8897 = DIRECTION('',(-0.984615369587,-0.174735726094,0.));
#8898 = ORIENTED_EDGE('',*,*,#8899,.T.);
#8899 = EDGE_CURVE('',#8892,#8900,#8902,.T.);
#8900 = VERTEX_POINT('',#8901);
#8901 = CARTESIAN_POINT('',(-27.07294248004,18.728749218461,0.));
#8902 = LINE('',#8903,#8904);
#8903 = CARTESIAN_POINT('',(-26.67672082222,18.734165916727,0.));
#8904 = VECTOR('',#8905,1.);
#8905 = DIRECTION('',(-0.999906566633,-1.366960149419E-02,0.));
#8906 = ORIENTED_EDGE('',*,*,#8907,.T.);
#8907 = EDGE_CURVE('',#8900,#8908,#8910,.T.);
#8908 = VERTEX_POINT('',#8909);
#8909 = CARTESIAN_POINT('',(-27.46688206358,18.756052741617,0.));
#8910 = LINE('',#8911,#8912);
#8911 = CARTESIAN_POINT('',(-27.07294248004,18.728749218461,0.));
#8912 = VECTOR('',#8913,1.);
#8913 = DIRECTION('',(-0.997606756414,6.914303693352E-02,0.));
#8914 = ORIENTED_EDGE('',*,*,#8915,.T.);
#8915 = EDGE_CURVE('',#8908,#8916,#8918,.T.);
#8916 = VERTEX_POINT('',#8917);
#8917 = CARTESIAN_POINT('',(-27.69972067016,18.811677504056,0.));
#8918 = LINE('',#8919,#8920);
#8919 = CARTESIAN_POINT('',(-27.46688206358,18.756052741617,0.));
#8920 = VECTOR('',#8921,1.);
#8921 = DIRECTION('',(-0.972629924668,0.232359698828,0.));
#8922 = ORIENTED_EDGE('',*,*,#8923,.T.);
#8923 = EDGE_CURVE('',#8916,#8924,#8926,.T.);
#8924 = VERTEX_POINT('',#8925);
#8925 = CARTESIAN_POINT('',(-28.44285401436,18.871682499055,0.));
#8926 = LINE('',#8927,#8928);
#8927 = CARTESIAN_POINT('',(-27.69972067016,18.811677504056,0.));
#8928 = VECTOR('',#8929,1.);
#8929 = DIRECTION('',(-0.996755901995,8.048398498315E-02,0.));
#8930 = ORIENTED_EDGE('',*,*,#8931,.T.);
#8931 = EDGE_CURVE('',#8924,#8932,#8934,.T.);
#8932 = VERTEX_POINT('',#8933);
#8933 = CARTESIAN_POINT('',(-29.94690990242,18.901033586544,0.));
#8934 = LINE('',#8935,#8936);
#8935 = CARTESIAN_POINT('',(-28.44285401436,18.871682499055,0.));
#8936 = VECTOR('',#8937,1.);
#8937 = DIRECTION('',(-0.999809644061,1.951091084353E-02,0.));
#8938 = ORIENTED_EDGE('',*,*,#8939,.T.);
#8939 = EDGE_CURVE('',#8932,#8940,#8942,.T.);
#8940 = VERTEX_POINT('',#8941);
#8941 = CARTESIAN_POINT('',(-31.44423603715,18.894018210928,0.));
#8942 = LINE('',#8943,#8944);
#8943 = CARTESIAN_POINT('',(-29.94690990242,18.901033586544,0.));
#8944 = VECTOR('',#8945,1.);
#8945 = DIRECTION('',(-0.999989024308,-4.685217505443E-03,0.));
#8946 = ORIENTED_EDGE('',*,*,#8947,.T.);
#8947 = EDGE_CURVE('',#8940,#8948,#8950,.T.);
#8948 = VERTEX_POINT('',#8949);
#8949 = CARTESIAN_POINT('',(-32.16718012138,18.84492381661,0.));
#8950 = LINE('',#8951,#8952);
#8951 = CARTESIAN_POINT('',(-31.44423603715,18.894018210928,0.));
#8952 = VECTOR('',#8953,1.);
#8953 = DIRECTION('',(-0.997702129962,-6.775293255515E-02,0.));
#8954 = ORIENTED_EDGE('',*,*,#8955,.T.);
#8955 = EDGE_CURVE('',#8948,#8956,#8958,.T.);
#8956 = VERTEX_POINT('',#8957);
#8957 = CARTESIAN_POINT('',(-32.50951825673,18.798347656208,0.));
#8958 = LINE('',#8959,#8960);
#8959 = CARTESIAN_POINT('',(-32.16718012138,18.84492381661,0.));
#8960 = VECTOR('',#8961,1.);
#8961 = DIRECTION('',(-0.990871316917,-0.134811102329,0.));
#8962 = ORIENTED_EDGE('',*,*,#8963,.T.);
#8963 = EDGE_CURVE('',#8956,#8964,#8966,.T.);
#8964 = VERTEX_POINT('',#8965);
#8965 = CARTESIAN_POINT('',(-33.18276262132,18.779763514536,0.));
#8966 = LINE('',#8967,#8968);
#8967 = CARTESIAN_POINT('',(-32.50951825673,18.798347656208,0.));
#8968 = VECTOR('',#8969,1.);
#8969 = DIRECTION('',(-0.999619231107,-2.759334705988E-02,0.));
#8970 = ORIENTED_EDGE('',*,*,#8971,.T.);
#8971 = EDGE_CURVE('',#8964,#8972,#8974,.T.);
#8972 = VERTEX_POINT('',#8973);
#8973 = CARTESIAN_POINT('',(-33.85568305512,18.79098458619,0.));
#8974 = LINE('',#8975,#8976);
#8975 = CARTESIAN_POINT('',(-33.18276262132,18.779763514536,0.));
#8976 = VECTOR('',#8977,1.);
#8977 = DIRECTION('',(-0.999860998117,1.667286552784E-02,0.));
#8978 = ORIENTED_EDGE('',*,*,#8979,.T.);
#8979 = EDGE_CURVE('',#8972,#8980,#8982,.T.);
#8980 = VERTEX_POINT('',#8981);
#8981 = CARTESIAN_POINT('',(-34.19704939807,18.833824065763,0.));
#8982 = LINE('',#8983,#8984);
#8983 = CARTESIAN_POINT('',(-33.85568305512,18.79098458619,0.));
#8984 = VECTOR('',#8985,1.);
#8985 = DIRECTION('',(-0.992217413952,0.124517482507,0.));
#8986 = ORIENTED_EDGE('',*,*,#8987,.T.);
#8987 = EDGE_CURVE('',#8980,#8988,#8990,.T.);
#8988 = VERTEX_POINT('',#8989);
#8989 = CARTESIAN_POINT('',(-34.43318888374,18.881132562668,0.));
#8990 = LINE('',#8991,#8992);
#8991 = CARTESIAN_POINT('',(-34.19704939807,18.833824065763,0.));
#8992 = VECTOR('',#8993,1.);
#8993 = DIRECTION('',(-0.980516262797,0.19643792503,0.));
#8994 = ORIENTED_EDGE('',*,*,#8995,.T.);
#8995 = EDGE_CURVE('',#8988,#8996,#8998,.T.);
#8996 = VERTEX_POINT('',#8997);
#8997 = CARTESIAN_POINT('',(-34.96532104608,18.89809321137,0.));
#8998 = LINE('',#8999,#9000);
#8999 = CARTESIAN_POINT('',(-34.43318888374,18.881132562668,0.));
#9000 = VECTOR('',#9001,1.);
#9001 = DIRECTION('',(-0.999492442601,3.185682317063E-02,0.));
#9002 = ORIENTED_EDGE('',*,*,#9003,.T.);
#9003 = EDGE_CURVE('',#8996,#9004,#9006,.T.);
#9004 = VERTEX_POINT('',#9005);
#9005 = CARTESIAN_POINT('',(-35.414546639,18.904530658782,0.));
#9006 = LINE('',#9007,#9008);
#9007 = CARTESIAN_POINT('',(-34.96532104608,18.89809321137,0.));
#9008 = VECTOR('',#9009,1.);
#9009 = DIRECTION('',(-0.999897339936,1.432862829993E-02,0.));
#9010 = ORIENTED_EDGE('',*,*,#9011,.T.);
#9011 = EDGE_CURVE('',#9004,#9012,#9014,.T.);
#9012 = VERTEX_POINT('',#9013);
#9013 = CARTESIAN_POINT('',(-35.63933732442,18.937138658459,0.));
#9014 = LINE('',#9015,#9016);
#9015 = CARTESIAN_POINT('',(-35.414546639,18.904530658782,0.));
#9016 = VECTOR('',#9017,1.);
#9017 = DIRECTION('',(-0.989642068498,0.143556874649,0.));
#9018 = ORIENTED_EDGE('',*,*,#9019,.T.);
#9019 = EDGE_CURVE('',#9012,#9020,#9022,.T.);
#9020 = VERTEX_POINT('',#9021);
#9021 = CARTESIAN_POINT('',(-35.6829227365,18.969488954821,0.));
#9022 = LINE('',#9023,#9024);
#9023 = CARTESIAN_POINT('',(-35.63933732442,18.937138658459,0.));
#9024 = VECTOR('',#9025,1.);
#9025 = DIRECTION('',(-0.802985764175,0.59599820682,0.));
#9026 = ORIENTED_EDGE('',*,*,#9027,.T.);
#9027 = EDGE_CURVE('',#9020,#9028,#9030,.T.);
#9028 = VERTEX_POINT('',#9029);
#9029 = CARTESIAN_POINT('',(-35.68882321333,19.015860696558,0.));
#9030 = LINE('',#9031,#9032);
#9031 = CARTESIAN_POINT('',(-35.6829227365,18.969488954821,0.));
#9032 = VECTOR('',#9033,1.);
#9033 = DIRECTION('',(-0.126225203263,0.992001611925,0.));
#9034 = ORIENTED_EDGE('',*,*,#9035,.T.);
#9035 = EDGE_CURVE('',#9028,#9036,#9038,.T.);
#9036 = VERTEX_POINT('',#9037);
#9037 = CARTESIAN_POINT('',(-35.61213441673,19.160640259239,0.));
#9038 = LINE('',#9039,#9040);
#9039 = CARTESIAN_POINT('',(-35.68882321333,19.015860696558,0.));
#9040 = VECTOR('',#9041,1.);
#9041 = DIRECTION('',(0.46808218697,0.883684936072,0.));
#9042 = ORIENTED_EDGE('',*,*,#9043,.T.);
#9043 = EDGE_CURVE('',#9036,#9044,#9046,.T.);
#9044 = VERTEX_POINT('',#9045);
#9045 = CARTESIAN_POINT('',(-35.45241590847,19.523349764677,0.));
#9046 = LINE('',#9047,#9048);
#9047 = CARTESIAN_POINT('',(-35.61213441673,19.160640259239,0.));
#9048 = VECTOR('',#9049,1.);
#9049 = DIRECTION('',(0.403005645142,0.915197492339,0.));
#9050 = ORIENTED_EDGE('',*,*,#9051,.T.);
#9051 = EDGE_CURVE('',#9044,#9052,#9054,.T.);
#9052 = VERTEX_POINT('',#9053);
#9053 = CARTESIAN_POINT('',(-35.3009497496,19.816901998936,0.));
#9054 = LINE('',#9055,#9056);
#9055 = CARTESIAN_POINT('',(-35.45241590847,19.523349764677,0.));
#9056 = VECTOR('',#9057,1.);
#9057 = DIRECTION('',(0.458536128213,0.888675767152,0.));
#9058 = ORIENTED_EDGE('',*,*,#9059,.T.);
#9059 = EDGE_CURVE('',#9052,#9060,#9062,.T.);
#9060 = VERTEX_POINT('',#9061);
#9061 = CARTESIAN_POINT('',(-35.00140717963,20.252015761492,0.));
#9062 = LINE('',#9063,#9064);
#9063 = CARTESIAN_POINT('',(-35.3009497496,19.816901998936,0.));
#9064 = VECTOR('',#9065,1.);
#9065 = DIRECTION('',(0.56704528333,0.823686619203,0.));
#9066 = ORIENTED_EDGE('',*,*,#9067,.T.);
#9067 = EDGE_CURVE('',#9060,#9068,#9070,.T.);
#9068 = VERTEX_POINT('',#9069);
#9069 = CARTESIAN_POINT('',(-34.41529383029,21.02769246778,0.));
#9070 = LINE('',#9071,#9072);
#9071 = CARTESIAN_POINT('',(-35.00140717963,20.252015761492,0.));
#9072 = VECTOR('',#9073,1.);
#9073 = DIRECTION('',(0.602863539256,0.79784431629,0.));
#9074 = ORIENTED_EDGE('',*,*,#9075,.T.);
#9075 = EDGE_CURVE('',#9068,#9076,#9078,.T.);
#9076 = VERTEX_POINT('',#9077);
#9077 = CARTESIAN_POINT('',(-34.18066602167,21.267457674084,0.));
#9078 = LINE('',#9079,#9080);
#9079 = CARTESIAN_POINT('',(-34.41529383029,21.02769246778,0.));
#9080 = VECTOR('',#9081,1.);
#9081 = DIRECTION('',(0.699408219354,0.714722423533,0.));
#9082 = ORIENTED_EDGE('',*,*,#9083,.T.);
#9083 = EDGE_CURVE('',#9076,#9084,#9086,.T.);
#9084 = VERTEX_POINT('',#9085);
#9085 = CARTESIAN_POINT('',(-34.08432633323,21.394390118991,0.));
#9086 = LINE('',#9087,#9088);
#9087 = CARTESIAN_POINT('',(-34.18066602167,21.267457674084,0.));
#9088 = VECTOR('',#9089,1.);
#9089 = DIRECTION('',(0.604570124394,0.796551922156,0.));
#9090 = ORIENTED_EDGE('',*,*,#9091,.T.);
#9091 = EDGE_CURVE('',#9084,#9092,#9094,.T.);
#9092 = VERTEX_POINT('',#9093);
#9093 = CARTESIAN_POINT('',(-33.76838340173,21.871802932075,0.));
#9094 = LINE('',#9095,#9096);
#9095 = CARTESIAN_POINT('',(-34.08432633323,21.394390118991,0.));
#9096 = VECTOR('',#9097,1.);
#9097 = DIRECTION('',(0.55187659672,0.83392578926,0.));
#9098 = ORIENTED_EDGE('',*,*,#9099,.T.);
#9099 = EDGE_CURVE('',#9092,#9100,#9102,.T.);
#9100 = VERTEX_POINT('',#9101);
#9101 = CARTESIAN_POINT('',(-33.17900890638,22.661579321871,0.));
#9102 = LINE('',#9103,#9104);
#9103 = CARTESIAN_POINT('',(-33.76838340173,21.871802932075,0.));
#9104 = VECTOR('',#9105,1.);
#9105 = DIRECTION('',(0.598077327917,0.801438400522,0.));
#9106 = ORIENTED_EDGE('',*,*,#9107,.T.);
#9107 = EDGE_CURVE('',#9100,#9108,#9110,.T.);
#9108 = VERTEX_POINT('',#9109);
#9109 = CARTESIAN_POINT('',(-32.8735021274,23.037056187783,0.));
#9110 = LINE('',#9111,#9112);
#9111 = CARTESIAN_POINT('',(-33.17900890638,22.661579321871,0.));
#9112 = VECTOR('',#9113,1.);
#9113 = DIRECTION('',(0.631129823755,0.775677217383,0.));
#9114 = ORIENTED_EDGE('',*,*,#9115,.T.);
#9115 = EDGE_CURVE('',#9108,#9116,#9118,.T.);
#9116 = VERTEX_POINT('',#9117);
#9117 = CARTESIAN_POINT('',(-32.58315094217,23.322905653767,0.));
#9118 = LINE('',#9119,#9120);
#9119 = CARTESIAN_POINT('',(-32.8735021274,23.037056187783,0.));
#9120 = VECTOR('',#9121,1.);
#9121 = DIRECTION('',(0.712609490781,0.701560912287,0.));
#9122 = ORIENTED_EDGE('',*,*,#9123,.T.);
#9123 = EDGE_CURVE('',#9116,#9124,#9126,.T.);
#9124 = VERTEX_POINT('',#9125);
#9125 = CARTESIAN_POINT('',(-32.31052253259,23.582490268133,0.));
#9126 = LINE('',#9127,#9128);
#9127 = CARTESIAN_POINT('',(-32.58315094217,23.322905653767,0.));
#9128 = VECTOR('',#9129,1.);
#9129 = DIRECTION('',(0.724219500931,0.689569513879,0.));
#9130 = ORIENTED_EDGE('',*,*,#9131,.T.);
#9131 = EDGE_CURVE('',#9124,#9132,#9134,.T.);
#9132 = VERTEX_POINT('',#9133);
#9133 = CARTESIAN_POINT('',(-32.04766300235,23.894816345688,0.));
#9134 = LINE('',#9135,#9136);
#9135 = CARTESIAN_POINT('',(-32.31052253259,23.582490268133,0.));
#9136 = VECTOR('',#9137,1.);
#9137 = DIRECTION('',(0.643918000532,0.765094509581,0.));
#9138 = ORIENTED_EDGE('',*,*,#9139,.T.);
#9139 = EDGE_CURVE('',#9132,#9140,#9142,.T.);
#9140 = VERTEX_POINT('',#9141);
#9141 = CARTESIAN_POINT('',(-31.33651479141,24.771273142739,0.));
#9142 = LINE('',#9143,#9144);
#9143 = CARTESIAN_POINT('',(-32.04766300235,23.894816345688,0.));
#9144 = VECTOR('',#9145,1.);
#9145 = DIRECTION('',(0.63007324591,0.776535707349,0.));
#9146 = ORIENTED_EDGE('',*,*,#9147,.T.);
#9147 = EDGE_CURVE('',#9140,#9148,#9150,.T.);
#9148 = VERTEX_POINT('',#9149);
#9149 = CARTESIAN_POINT('',(-31.02175596649,25.090080508634,0.));
#9150 = LINE('',#9151,#9152);
#9151 = CARTESIAN_POINT('',(-31.33651479141,24.771273142739,0.));
#9152 = VECTOR('',#9153,1.);
#9153 = DIRECTION('',(0.702573965666,0.71161072418,0.));
#9154 = ORIENTED_EDGE('',*,*,#9155,.T.);
#9155 = EDGE_CURVE('',#9148,#9156,#9158,.T.);
#9156 = VERTEX_POINT('',#9157);
#9157 = CARTESIAN_POINT('',(-30.76084972684,25.300178917624,0.));
#9158 = LINE('',#9159,#9160);
#9159 = CARTESIAN_POINT('',(-31.02175596649,25.090080508634,0.));
#9160 = VECTOR('',#9161,1.);
#9161 = DIRECTION('',(0.778864824719,0.627191824576,0.));
#9162 = ORIENTED_EDGE('',*,*,#9163,.T.);
#9163 = EDGE_CURVE('',#9156,#9164,#9166,.T.);
#9164 = VERTEX_POINT('',#9165);
#9165 = CARTESIAN_POINT('',(-30.55601263263,25.434275907593,0.));
#9166 = LINE('',#9167,#9168);
#9167 = CARTESIAN_POINT('',(-30.76084972684,25.300178917624,0.));
#9168 = VECTOR('',#9169,1.);
#9169 = DIRECTION('',(0.83666071095,0.547721512041,0.));
#9170 = ORIENTED_EDGE('',*,*,#9171,.T.);
#9171 = EDGE_CURVE('',#9164,#8730,#9172,.T.);
#9172 = LINE('',#9173,#9174);
#9173 = CARTESIAN_POINT('',(-30.55601263263,25.434275907593,0.));
#9174 = VECTOR('',#9175,1.);
#9175 = DIRECTION('',(0.922771402994,0.38534781408,0.));
#9176 = PLANE('',#9177);
#9177 = AXIS2_PLACEMENT_3D('',#9178,#9179,#9180);
#9178 = CARTESIAN_POINT('',(-31.06316488486,20.959339718918,0.));
#9179 = DIRECTION('',(-0.,-0.,-1.));
#9180 = DIRECTION('',(-1.,0.,0.));
#9181 = SHELL_BASED_SURFACE_MODEL('',(#9182));
#9182 = OPEN_SHELL('',(#9183));
#9183 = ADVANCED_FACE('',(#9184),#10930,.T.);
#9184 = FACE_BOUND('',#9185,.T.);
#9185 = EDGE_LOOP('',(#9186,#9196,#9204,#9212,#9220,#9228,#9236,#9244,
    #9252,#9260,#9268,#9276,#9284,#9292,#9300,#9308,#9316,#9324,#9332,
    #9340,#9348,#9356,#9364,#9372,#9380,#9388,#9396,#9404,#9412,#9420,
    #9428,#9436,#9444,#9452,#9460,#9468,#9476,#9484,#9492,#9500,#9508,
    #9516,#9524,#9532,#9540,#9548,#9556,#9564,#9572,#9580,#9588,#9596,
    #9604,#9612,#9620,#9628,#9636,#9644,#9652,#9660,#9668,#9676,#9684,
    #9692,#9700,#9708,#9716,#9724,#9732,#9740,#9748,#9756,#9764,#9772,
    #9780,#9788,#9796,#9804,#9812,#9820,#9828,#9836,#9844,#9852,#9860,
    #9868,#9876,#9884,#9892,#9900,#9908,#9916,#9924,#9932,#9940,#9948,
    #9956,#9964,#9972,#9980,#9988,#9996,#10004,#10012,#10020,#10028,
    #10036,#10044,#10052,#10060,#10068,#10076,#10084,#10092,#10100,
    #10108,#10116,#10124,#10132,#10140,#10148,#10156,#10164,#10172,
    #10180,#10188,#10196,#10204,#10212,#10220,#10228,#10236,#10244,
    #10252,#10260,#10268,#10276,#10284,#10292,#10300,#10308,#10316,
    #10324,#10332,#10340,#10348,#10356,#10364,#10372,#10380,#10388,
    #10396,#10404,#10412,#10420,#10428,#10436,#10444,#10452,#10460,
    #10468,#10476,#10484,#10492,#10500,#10508,#10516,#10524,#10532,
    #10540,#10548,#10556,#10564,#10572,#10580,#10588,#10596,#10604,
    #10612,#10620,#10628,#10636,#10644,#10652,#10660,#10668,#10676,
    #10684,#10692,#10700,#10708,#10716,#10724,#10732,#10740,#10748,
    #10756,#10764,#10772,#10780,#10788,#10796,#10804,#10812,#10820,
    #10828,#10836,#10844,#10852,#10860,#10868,#10876,#10884,#10892,
    #10900,#10908,#10916,#10924));
#9186 = ORIENTED_EDGE('',*,*,#9187,.T.);
#9187 = EDGE_CURVE('',#9188,#9190,#9192,.T.);
#9188 = VERTEX_POINT('',#9189);
#9189 = CARTESIAN_POINT('',(-5.034655733021E-02,37.971541546543,0.));
#9190 = VERTEX_POINT('',#9191);
#9191 = CARTESIAN_POINT('',(2.248955497021,37.989947015754,0.));
#9192 = LINE('',#9193,#9194);
#9193 = CARTESIAN_POINT('',(-5.034655733021E-02,37.971541546543,0.));
#9194 = VECTOR('',#9195,1.);
#9195 = DIRECTION('',(0.999967963072,8.004550564341E-03,0.));
#9196 = ORIENTED_EDGE('',*,*,#9197,.T.);
#9197 = EDGE_CURVE('',#9190,#9198,#9200,.T.);
#9198 = VERTEX_POINT('',#9199);
#9199 = CARTESIAN_POINT('',(2.373500216149,38.000076200152,0.));
#9200 = LINE('',#9201,#9202);
#9201 = CARTESIAN_POINT('',(2.248955497021,37.989947015754,0.));
#9202 = VECTOR('',#9203,1.);
#9203 = DIRECTION('',(0.996709057145,8.106204664393E-02,0.));
#9204 = ORIENTED_EDGE('',*,*,#9205,.T.);
#9205 = EDGE_CURVE('',#9198,#9206,#9208,.T.);
#9206 = VERTEX_POINT('',#9207);
#9207 = CARTESIAN_POINT('',(3.266413641206,37.911666419952,0.));
#9208 = LINE('',#9209,#9210);
#9209 = CARTESIAN_POINT('',(2.373500216149,38.000076200152,0.));
#9210 = VECTOR('',#9211,1.);
#9211 = DIRECTION('',(0.995133990307,-9.853091563447E-02,0.));
#9212 = ORIENTED_EDGE('',*,*,#9213,.T.);
#9213 = EDGE_CURVE('',#9206,#9214,#9216,.T.);
#9214 = VERTEX_POINT('',#9215);
#9215 = CARTESIAN_POINT('',(4.196810833819,37.802574751049,0.));
#9216 = LINE('',#9217,#9218);
#9217 = CARTESIAN_POINT('',(3.266413641206,37.911666419952,0.));
#9218 = VECTOR('',#9219,1.);
#9219 = DIRECTION('',(0.993195968976,-0.116455000792,0.));
#9220 = ORIENTED_EDGE('',*,*,#9221,.T.);
#9221 = EDGE_CURVE('',#9214,#9222,#9224,.T.);
#9222 = VERTEX_POINT('',#9223);
#9223 = CARTESIAN_POINT('',(4.982720331804,37.661513946807,0.));
#9224 = LINE('',#9225,#9226);
#9225 = CARTESIAN_POINT('',(4.196810833819,37.802574751049,0.));
#9226 = VECTOR('',#9227,1.);
#9227 = DIRECTION('',(0.984271179747,-0.1766642146,0.));
#9228 = ORIENTED_EDGE('',*,*,#9229,.T.);
#9229 = EDGE_CURVE('',#9222,#9230,#9232,.T.);
#9230 = VERTEX_POINT('',#9231);
#9231 = CARTESIAN_POINT('',(6.775756158706,37.461570640751,0.));
#9232 = LINE('',#9233,#9234);
#9233 = CARTESIAN_POINT('',(4.982720331804,37.661513946807,0.));
#9234 = VECTOR('',#9235,1.);
#9235 = DIRECTION('',(0.993840031889,-0.110824144552,0.));
#9236 = ORIENTED_EDGE('',*,*,#9237,.T.);
#9237 = EDGE_CURVE('',#9230,#9238,#9240,.T.);
#9238 = VERTEX_POINT('',#9239);
#9239 = CARTESIAN_POINT('',(7.869380503278,37.31710844227,0.));
#9240 = LINE('',#9241,#9242);
#9241 = CARTESIAN_POINT('',(6.775756158706,37.461570640751,0.));
#9242 = VECTOR('',#9243,1.);
#9243 = DIRECTION('',(0.991388009595,-0.130957300031,0.));
#9244 = ORIENTED_EDGE('',*,*,#9245,.T.);
#9245 = EDGE_CURVE('',#9238,#9246,#9248,.T.);
#9246 = VERTEX_POINT('',#9247);
#9247 = CARTESIAN_POINT('',(8.235754121856,37.238912495302,0.));
#9248 = LINE('',#9249,#9250);
#9249 = CARTESIAN_POINT('',(7.869380503278,37.31710844227,0.));
#9250 = VECTOR('',#9251,1.);
#9251 = DIRECTION('',(0.977973092327,-0.208731000774,0.));
#9252 = ORIENTED_EDGE('',*,*,#9253,.T.);
#9253 = EDGE_CURVE('',#9246,#9254,#9256,.T.);
#9254 = VERTEX_POINT('',#9255);
#9255 = CARTESIAN_POINT('',(8.4297783575,37.166041980267,0.));
#9256 = LINE('',#9257,#9258);
#9257 = CARTESIAN_POINT('',(8.235754121856,37.238912495302,0.));
#9258 = VECTOR('',#9259,1.);
#9259 = DIRECTION('',(0.936152305419,-0.351594739805,0.));
#9260 = ORIENTED_EDGE('',*,*,#9261,.T.);
#9261 = EDGE_CURVE('',#9254,#9262,#9264,.T.);
#9262 = VERTEX_POINT('',#9263);
#9263 = CARTESIAN_POINT('',(8.895190481224,37.030321497329,0.));
#9264 = LINE('',#9265,#9266);
#9265 = CARTESIAN_POINT('',(8.4297783575,37.166041980267,0.));
#9266 = VECTOR('',#9267,1.);
#9267 = DIRECTION('',(0.96001370496,-0.279953007288,0.));
#9268 = ORIENTED_EDGE('',*,*,#9269,.T.);
#9269 = EDGE_CURVE('',#9262,#9270,#9272,.T.);
#9270 = VERTEX_POINT('',#9271);
#9271 = CARTESIAN_POINT('',(9.50620889207,36.89564216749,0.));
#9272 = LINE('',#9273,#9274);
#9273 = CARTESIAN_POINT('',(8.895190481224,37.030321497329,0.));
#9274 = VECTOR('',#9275,1.);
#9275 = DIRECTION('',(0.976558773035,-0.215250929867,0.));
#9276 = ORIENTED_EDGE('',*,*,#9277,.T.);
#9277 = EDGE_CURVE('',#9270,#9278,#9280,.T.);
#9278 = VERTEX_POINT('',#9279);
#9279 = CARTESIAN_POINT('',(10.281895764944,36.751415993123,0.));
#9280 = LINE('',#9281,#9282);
#9281 = CARTESIAN_POINT('',(9.50620889207,36.89564216749,0.));
#9282 = VECTOR('',#9283,1.);
#9283 = DIRECTION('',(0.983150023385,-0.182800523846,0.));
#9284 = ORIENTED_EDGE('',*,*,#9285,.T.);
#9285 = EDGE_CURVE('',#9278,#9286,#9288,.T.);
#9286 = VERTEX_POINT('',#9287);
#9287 = CARTESIAN_POINT('',(11.146123722624,36.574419966094,0.));
#9288 = LINE('',#9289,#9290);
#9289 = CARTESIAN_POINT('',(10.281895764944,36.751415993123,0.));
#9290 = VECTOR('',#9291,1.);
#9291 = DIRECTION('',(0.979665466926,-0.200637914941,0.));
#9292 = ORIENTED_EDGE('',*,*,#9293,.T.);
#9293 = EDGE_CURVE('',#9286,#9294,#9296,.T.);
#9294 = VERTEX_POINT('',#9295);
#9295 = CARTESIAN_POINT('',(11.833288922274,36.386941821413,0.));
#9296 = LINE('',#9297,#9298);
#9297 = CARTESIAN_POINT('',(11.146123722624,36.574419966094,0.));
#9298 = VECTOR('',#9299,1.);
#9299 = DIRECTION('',(0.964739064659,-0.263208163096,0.));
#9300 = ORIENTED_EDGE('',*,*,#9301,.T.);
#9301 = EDGE_CURVE('',#9294,#9302,#9304,.T.);
#9302 = VERTEX_POINT('',#9303);
#9303 = CARTESIAN_POINT('',(12.236642213852,36.270279734207,0.));
#9304 = LINE('',#9305,#9306);
#9305 = CARTESIAN_POINT('',(11.833288922274,36.386941821413,0.));
#9306 = VECTOR('',#9307,1.);
#9307 = DIRECTION('',(0.960626627271,-0.277842550697,0.));
#9308 = ORIENTED_EDGE('',*,*,#9309,.T.);
#9309 = EDGE_CURVE('',#9302,#9310,#9312,.T.);
#9310 = VERTEX_POINT('',#9311);
#9311 = CARTESIAN_POINT('',(12.795152291587,36.06813721281,0.));
#9312 = LINE('',#9313,#9314);
#9313 = CARTESIAN_POINT('',(12.236642213852,36.270279734207,0.));
#9314 = VECTOR('',#9315,1.);
#9315 = DIRECTION('',(0.940307149057,-0.340326997802,0.));
#9316 = ORIENTED_EDGE('',*,*,#9317,.T.);
#9317 = EDGE_CURVE('',#9310,#9318,#9320,.T.);
#9318 = VERTEX_POINT('',#9319);
#9319 = CARTESIAN_POINT('',(13.918527314176,35.655414859405,0.));
#9320 = LINE('',#9321,#9322);
#9321 = CARTESIAN_POINT('',(12.795152291587,36.06813721281,0.));
#9322 = VECTOR('',#9323,1.);
#9323 = DIRECTION('',(0.938655160511,-0.344857201817,0.));
#9324 = ORIENTED_EDGE('',*,*,#9325,.T.);
#9325 = EDGE_CURVE('',#9318,#9326,#9328,.T.);
#9326 = VERTEX_POINT('',#9327);
#9327 = CARTESIAN_POINT('',(14.970317270061,35.337812429699,0.));
#9328 = LINE('',#9329,#9330);
#9329 = CARTESIAN_POINT('',(13.918527314176,35.655414859405,0.));
#9330 = VECTOR('',#9331,1.);
#9331 = DIRECTION('',(0.957307327826,-0.289072101889,0.));
#9332 = ORIENTED_EDGE('',*,*,#9333,.T.);
#9333 = EDGE_CURVE('',#9326,#9334,#9336,.T.);
#9334 = VERTEX_POINT('',#9335);
#9335 = CARTESIAN_POINT('',(15.590456698661,35.164299412724,0.));
#9336 = LINE('',#9337,#9338);
#9337 = CARTESIAN_POINT('',(14.970317270061,35.337812429699,0.));
#9338 = VECTOR('',#9339,1.);
#9339 = DIRECTION('',(0.963014815248,-0.269448447042,0.));
#9340 = ORIENTED_EDGE('',*,*,#9341,.T.);
#9341 = EDGE_CURVE('',#9334,#9342,#9344,.T.);
#9342 = VERTEX_POINT('',#9343);
#9343 = CARTESIAN_POINT('',(16.062432364024,34.933597973556,0.));
#9344 = LINE('',#9345,#9346);
#9345 = CARTESIAN_POINT('',(15.590456698661,35.164299412724,0.));
#9346 = VECTOR('',#9347,1.);
#9347 = DIRECTION('',(0.898416069221,-0.439145268181,0.));
#9348 = ORIENTED_EDGE('',*,*,#9349,.T.);
#9349 = EDGE_CURVE('',#9342,#9350,#9352,.T.);
#9350 = VERTEX_POINT('',#9351);
#9351 = CARTESIAN_POINT('',(16.241445986187,34.806665528649,0.));
#9352 = LINE('',#9353,#9354);
#9353 = CARTESIAN_POINT('',(16.062432364024,34.933597973556,0.));
#9354 = VECTOR('',#9355,1.);
#9355 = DIRECTION('',(0.81574253897,-0.578415171062,0.));
#9356 = ORIENTED_EDGE('',*,*,#9357,.T.);
#9357 = EDGE_CURVE('',#9350,#9358,#9360,.T.);
#9358 = VERTEX_POINT('',#9359);
#9359 = CARTESIAN_POINT('',(16.652602734293,34.637416386552,0.));
#9360 = LINE('',#9361,#9362);
#9361 = CARTESIAN_POINT('',(16.241445986187,34.806665528649,0.));
#9362 = VECTOR('',#9363,1.);
#9363 = DIRECTION('',(0.92471823547,-0.380652315097,0.));
#9364 = ORIENTED_EDGE('',*,*,#9365,.T.);
#9365 = EDGE_CURVE('',#9358,#9366,#9368,.T.);
#9366 = VERTEX_POINT('',#9367);
#9367 = CARTESIAN_POINT('',(17.166466170197,34.468184891118,0.));
#9368 = LINE('',#9369,#9370);
#9369 = CARTESIAN_POINT('',(16.652602734293,34.637416386552,0.));
#9370 = VECTOR('',#9371,1.);
#9371 = DIRECTION('',(0.94981738998,-0.312804932332,0.));
#9372 = ORIENTED_EDGE('',*,*,#9373,.T.);
#9373 = EDGE_CURVE('',#9366,#9374,#9376,.T.);
#9374 = VERTEX_POINT('',#9375);
#9375 = CARTESIAN_POINT('',(17.512283528561,34.364228401066,0.));
#9376 = LINE('',#9377,#9378);
#9377 = CARTESIAN_POINT('',(17.166466170197,34.468184891118,0.));
#9378 = VECTOR('',#9379,1.);
#9379 = DIRECTION('',(0.957665097965,-0.287884629912,0.));
#9380 = ORIENTED_EDGE('',*,*,#9381,.T.);
#9381 = EDGE_CURVE('',#9374,#9382,#9384,.T.);
#9382 = VERTEX_POINT('',#9383);
#9383 = CARTESIAN_POINT('',(18.411175721307,33.936120363608,0.));
#9384 = LINE('',#9385,#9386);
#9385 = CARTESIAN_POINT('',(17.512283528561,34.364228401066,0.));
#9386 = VECTOR('',#9387,1.);
#9387 = DIRECTION('',(0.902835512349,-0.429986090055,0.));
#9388 = ORIENTED_EDGE('',*,*,#9389,.T.);
#9389 = EDGE_CURVE('',#9382,#9390,#9392,.T.);
#9390 = VERTEX_POINT('',#9391);
#9391 = CARTESIAN_POINT('',(19.248921426327,33.483112885058,0.));
#9392 = LINE('',#9393,#9394);
#9393 = CARTESIAN_POINT('',(18.411175721307,33.936120363608,0.));
#9394 = VECTOR('',#9395,1.);
#9395 = DIRECTION('',(0.879630971434,-0.475656760799,0.));
#9396 = ORIENTED_EDGE('',*,*,#9397,.T.);
#9397 = EDGE_CURVE('',#9390,#9398,#9400,.T.);
#9398 = VERTEX_POINT('',#9399);
#9399 = CARTESIAN_POINT('',(19.696021147556,33.220515103034,0.));
#9400 = LINE('',#9401,#9402);
#9401 = CARTESIAN_POINT('',(19.248921426327,33.483112885058,0.));
#9402 = VECTOR('',#9403,1.);
#9403 = DIRECTION('',(0.862272885558,-0.506443946386,0.));
#9404 = ORIENTED_EDGE('',*,*,#9405,.T.);
#9405 = EDGE_CURVE('',#9398,#9406,#9408,.T.);
#9406 = VERTEX_POINT('',#9407);
#9407 = CARTESIAN_POINT('',(20.490039834508,32.862479757382,0.));
#9408 = LINE('',#9409,#9410);
#9409 = CARTESIAN_POINT('',(19.696021147556,33.220515103034,0.));
#9410 = VECTOR('',#9411,1.);
#9411 = DIRECTION('',(0.911608919648,-0.411058606062,0.));
#9412 = ORIENTED_EDGE('',*,*,#9413,.T.);
#9413 = EDGE_CURVE('',#9406,#9414,#9416,.T.);
#9414 = VERTEX_POINT('',#9415);
#9415 = CARTESIAN_POINT('',(21.048244179805,32.598977583894,0.));
#9416 = LINE('',#9417,#9418);
#9417 = CARTESIAN_POINT('',(20.490039834508,32.862479757382,0.));
#9418 = VECTOR('',#9419,1.);
#9419 = DIRECTION('',(0.904307639511,-0.426881357197,0.));
#9420 = ORIENTED_EDGE('',*,*,#9421,.T.);
#9421 = EDGE_CURVE('',#9414,#9422,#9424,.T.);
#9422 = VERTEX_POINT('',#9423);
#9423 = CARTESIAN_POINT('',(21.3157697694,32.402325380434,0.));
#9424 = LINE('',#9425,#9426);
#9425 = CARTESIAN_POINT('',(21.048244179805,32.598977583894,0.));
#9426 = VECTOR('',#9427,1.);
#9427 = DIRECTION('',(0.805734071199,-0.592277474255,0.));
#9428 = ORIENTED_EDGE('',*,*,#9429,.T.);
#9429 = EDGE_CURVE('',#9422,#9430,#9432,.T.);
#9430 = VERTEX_POINT('',#9431);
#9431 = CARTESIAN_POINT('',(21.936338679282,31.977181982311,0.));
#9432 = LINE('',#9433,#9434);
#9433 = CARTESIAN_POINT('',(21.3157697694,32.402325380434,0.));
#9434 = VECTOR('',#9435,1.);
#9435 = DIRECTION('',(0.824970321529,-0.565176050975,0.));
#9436 = ORIENTED_EDGE('',*,*,#9437,.T.);
#9437 = EDGE_CURVE('',#9430,#9438,#9440,.T.);
#9438 = VERTEX_POINT('',#9439);
#9439 = CARTESIAN_POINT('',(22.91019840714,31.371424991304,0.));
#9440 = LINE('',#9441,#9442);
#9441 = CARTESIAN_POINT('',(21.936338679282,31.977181982311,0.));
#9442 = VECTOR('',#9443,1.);
#9443 = DIRECTION('',(0.849134884139,-0.528176058278,0.));
#9444 = ORIENTED_EDGE('',*,*,#9445,.T.);
#9445 = EDGE_CURVE('',#9438,#9446,#9448,.T.);
#9446 = VERTEX_POINT('',#9447);
#9447 = CARTESIAN_POINT('',(23.414045466006,31.055179148794,0.));
#9448 = LINE('',#9449,#9450);
#9449 = CARTESIAN_POINT('',(22.91019840714,31.371424991304,0.));
#9450 = VECTOR('',#9451,1.);
#9451 = DIRECTION('',(0.846983275572,-0.531619535853,0.));
#9452 = ORIENTED_EDGE('',*,*,#9453,.T.);
#9453 = EDGE_CURVE('',#9446,#9454,#9456,.T.);
#9454 = VERTEX_POINT('',#9455);
#9455 = CARTESIAN_POINT('',(25.185857152903,29.83067722302,0.));
#9456 = LINE('',#9457,#9458);
#9457 = CARTESIAN_POINT('',(23.414045466006,31.055179148794,0.));
#9458 = VECTOR('',#9459,1.);
#9459 = DIRECTION('',(0.822656259982,-0.568539073338,0.));
#9460 = ORIENTED_EDGE('',*,*,#9461,.T.);
#9461 = EDGE_CURVE('',#9454,#9462,#9464,.T.);
#9462 = VERTEX_POINT('',#9463);
#9463 = CARTESIAN_POINT('',(25.703544670737,29.503808089556,0.));
#9464 = LINE('',#9465,#9466);
#9465 = CARTESIAN_POINT('',(25.185857152903,29.83067722302,0.));
#9466 = VECTOR('',#9467,1.);
#9467 = DIRECTION('',(0.845556300045,-0.533886264531,0.));
#9468 = ORIENTED_EDGE('',*,*,#9469,.T.);
#9469 = EDGE_CURVE('',#9462,#9470,#9472,.T.);
#9470 = VERTEX_POINT('',#9471);
#9471 = CARTESIAN_POINT('',(25.942629864196,29.383453438176,0.));
#9472 = LINE('',#9473,#9474);
#9473 = CARTESIAN_POINT('',(25.703544670737,29.503808089556,0.));
#9474 = VECTOR('',#9475,1.);
#9475 = DIRECTION('',(0.893210379802,-0.449638985647,0.));
#9476 = ORIENTED_EDGE('',*,*,#9477,.T.);
#9477 = EDGE_CURVE('',#9470,#9478,#9480,.T.);
#9478 = VERTEX_POINT('',#9479);
#9479 = CARTESIAN_POINT('',(26.168102684792,29.168786197917,0.));
#9480 = LINE('',#9481,#9482);
#9481 = CARTESIAN_POINT('',(25.942629864196,29.383453438176,0.));
#9482 = VECTOR('',#9483,1.);
#9483 = DIRECTION('',(0.724248254573,-0.689539314143,0.));
#9484 = ORIENTED_EDGE('',*,*,#9485,.T.);
#9485 = EDGE_CURVE('',#9478,#9486,#9488,.T.);
#9486 = VERTEX_POINT('',#9487);
#9487 = CARTESIAN_POINT('',(26.943808969248,28.483848631309,0.));
#9488 = LINE('',#9489,#9490);
#9489 = CARTESIAN_POINT('',(26.168102684792,29.168786197917,0.));
#9490 = VECTOR('',#9491,1.);
#9491 = DIRECTION('',(0.749602489927,-0.661888288985,0.));
#9492 = ORIENTED_EDGE('',*,*,#9493,.T.);
#9493 = EDGE_CURVE('',#9486,#9494,#9496,.T.);
#9494 = VERTEX_POINT('',#9495);
#9495 = CARTESIAN_POINT('',(27.678129757885,27.855115685447,0.));
#9496 = LINE('',#9497,#9498);
#9497 = CARTESIAN_POINT('',(26.943808969248,28.483848631309,0.));
#9498 = VECTOR('',#9499,1.);
#9499 = DIRECTION('',(0.759606553155,-0.650382875239,0.));
#9500 = ORIENTED_EDGE('',*,*,#9501,.T.);
#9501 = EDGE_CURVE('',#9494,#9502,#9504,.T.);
#9502 = VERTEX_POINT('',#9503);
#9503 = CARTESIAN_POINT('',(27.780389979264,27.811404901903,0.));
#9504 = LINE('',#9505,#9506);
#9505 = CARTESIAN_POINT('',(27.678129757885,27.855115685447,0.));
#9506 = VECTOR('',#9507,1.);
#9507 = DIRECTION('',(0.919519104387,-0.393045311215,0.));
#9508 = ORIENTED_EDGE('',*,*,#9509,.T.);
#9509 = EDGE_CURVE('',#9502,#9510,#9512,.T.);
#9510 = VERTEX_POINT('',#9511);
#9511 = CARTESIAN_POINT('',(27.927251649882,27.740548587979,0.));
#9512 = LINE('',#9513,#9514);
#9513 = CARTESIAN_POINT('',(27.780389979264,27.811404901903,0.));
#9514 = VECTOR('',#9515,1.);
#9515 = DIRECTION('',(0.900653471777,-0.434538057914,0.));
#9516 = ORIENTED_EDGE('',*,*,#9517,.T.);
#9517 = EDGE_CURVE('',#9510,#9518,#9520,.T.);
#9518 = VERTEX_POINT('',#9519);
#9519 = CARTESIAN_POINT('',(28.146650161402,27.578168960802,0.));
#9520 = LINE('',#9521,#9522);
#9521 = CARTESIAN_POINT('',(27.927251649882,27.740548587979,0.));
#9522 = VECTOR('',#9523,1.);
#9523 = DIRECTION('',(0.803798577216,-0.594901544178,0.));
#9524 = ORIENTED_EDGE('',*,*,#9525,.T.);
#9525 = EDGE_CURVE('',#9518,#9526,#9528,.T.);
#9526 = VERTEX_POINT('',#9527);
#9527 = CARTESIAN_POINT('',(28.346106910645,27.399549992262,0.));
#9528 = LINE('',#9529,#9530);
#9529 = CARTESIAN_POINT('',(28.146650161402,27.578168960802,0.));
#9530 = VECTOR('',#9531,1.);
#9531 = DIRECTION('',(0.744948620141,-0.667121842956,0.));
#9532 = ORIENTED_EDGE('',*,*,#9533,.T.);
#9533 = EDGE_CURVE('',#9526,#9534,#9536,.T.);
#9534 = VERTEX_POINT('',#9535);
#9535 = CARTESIAN_POINT('',(28.433143294432,27.279975654249,0.));
#9536 = LINE('',#9537,#9538);
#9537 = CARTESIAN_POINT('',(28.346106910645,27.399549992262,0.));
#9538 = VECTOR('',#9539,1.);
#9539 = DIRECTION('',(0.588495496321,-0.808500495244,0.));
#9540 = ORIENTED_EDGE('',*,*,#9541,.T.);
#9541 = EDGE_CURVE('',#9534,#9542,#9544,.T.);
#9542 = VERTEX_POINT('',#9543);
#9543 = CARTESIAN_POINT('',(28.953077703046,26.764935744592,0.));
#9544 = LINE('',#9545,#9546);
#9545 = CARTESIAN_POINT('',(28.433143294432,27.279975654249,0.));
#9546 = VECTOR('',#9547,1.);
#9547 = DIRECTION('',(0.710442816898,-0.703754931718,0.));
#9548 = ORIENTED_EDGE('',*,*,#9549,.T.);
#9549 = EDGE_CURVE('',#9542,#9550,#9552,.T.);
#9550 = VERTEX_POINT('',#9551);
#9551 = CARTESIAN_POINT('',(30.248262223906,25.627718624272,0.));
#9552 = LINE('',#9553,#9554);
#9553 = CARTESIAN_POINT('',(28.953077703046,26.764935744592,0.));
#9554 = VECTOR('',#9555,1.);
#9555 = DIRECTION('',(0.751445422604,-0.659795253733,0.));
#9556 = ORIENTED_EDGE('',*,*,#9557,.T.);
#9557 = EDGE_CURVE('',#9550,#9558,#9560,.T.);
#9558 = VERTEX_POINT('',#9559);
#9559 = CARTESIAN_POINT('',(30.412607968358,25.464509052489,0.));
#9560 = LINE('',#9561,#9562);
#9561 = CARTESIAN_POINT('',(30.248262223906,25.627718624272,0.));
#9562 = VECTOR('',#9563,1.);
#9563 = DIRECTION('',(0.709555214148,-0.704649840755,0.));
#9564 = ORIENTED_EDGE('',*,*,#9565,.T.);
#9565 = EDGE_CURVE('',#9558,#9566,#9568,.T.);
#9566 = VERTEX_POINT('',#9567);
#9567 = CARTESIAN_POINT('',(30.480968285768,25.351989519355,0.));
#9568 = LINE('',#9569,#9570);
#9569 = CARTESIAN_POINT('',(30.412607968358,25.464509052489,0.));
#9570 = VECTOR('',#9571,1.);
#9571 = DIRECTION('',(0.519227219367,-0.854636235289,0.));
#9572 = ORIENTED_EDGE('',*,*,#9573,.T.);
#9573 = EDGE_CURVE('',#9566,#9574,#9576,.T.);
#9574 = VERTEX_POINT('',#9575);
#9575 = CARTESIAN_POINT('',(30.721247594912,25.035216482796,0.));
#9576 = LINE('',#9577,#9578);
#9577 = CARTESIAN_POINT('',(30.480968285768,25.351989519355,0.));
#9578 = VECTOR('',#9579,1.);
#9579 = DIRECTION('',(0.604336560155,-0.796729139708,0.));
#9580 = ORIENTED_EDGE('',*,*,#9581,.T.);
#9581 = EDGE_CURVE('',#9574,#9582,#9584,.T.);
#9582 = VERTEX_POINT('',#9583);
#9583 = CARTESIAN_POINT('',(31.256342146859,24.430674905683,0.));
#9584 = LINE('',#9585,#9586);
#9585 = CARTESIAN_POINT('',(30.721247594912,25.035216482796,0.));
#9586 = VECTOR('',#9587,1.);
#9587 = DIRECTION('',(0.662787716862,-0.748807346636,0.));
#9588 = ORIENTED_EDGE('',*,*,#9589,.T.);
#9589 = EDGE_CURVE('',#9582,#9590,#9592,.T.);
#9590 = VERTEX_POINT('',#9591);
#9591 = CARTESIAN_POINT('',(31.807636878382,23.843894694592,0.));
#9592 = LINE('',#9593,#9594);
#9593 = CARTESIAN_POINT('',(31.256342146859,24.430674905683,0.));
#9594 = VECTOR('',#9595,1.);
#9595 = DIRECTION('',(0.684726235936,-0.728800371721,0.));
#9596 = ORIENTED_EDGE('',*,*,#9597,.T.);
#9597 = EDGE_CURVE('',#9590,#9598,#9600,.T.);
#9598 = VERTEX_POINT('',#9599);
#9599 = CARTESIAN_POINT('',(32.096516726252,23.5804057561,0.));
#9600 = LINE('',#9601,#9602);
#9601 = CARTESIAN_POINT('',(31.807636878382,23.843894694592,0.));
#9602 = VECTOR('',#9603,1.);
#9603 = DIRECTION('',(0.738830420341,-0.673891393311,0.));
#9604 = ORIENTED_EDGE('',*,*,#9605,.T.);
#9605 = EDGE_CURVE('',#9598,#9606,#9608,.T.);
#9606 = VERTEX_POINT('',#9607);
#9607 = CARTESIAN_POINT('',(32.162775739758,23.534835455472,0.));
#9608 = LINE('',#9609,#9610);
#9609 = CARTESIAN_POINT('',(32.096516726252,23.5804057561,0.));
#9610 = VECTOR('',#9611,1.);
#9611 = DIRECTION('',(0.823941893156,-0.566674295078,0.));
#9612 = ORIENTED_EDGE('',*,*,#9613,.T.);
#9613 = EDGE_CURVE('',#9606,#9614,#9616,.T.);
#9614 = VERTEX_POINT('',#9615);
#9615 = CARTESIAN_POINT('',(32.234144852596,23.425273944175,0.));
#9616 = LINE('',#9617,#9618);
#9617 = CARTESIAN_POINT('',(32.162775739758,23.534835455472,0.));
#9618 = VECTOR('',#9619,1.);
#9619 = DIRECTION('',(0.545816737695,-0.837904582188,0.));
#9620 = ORIENTED_EDGE('',*,*,#9621,.T.);
#9621 = EDGE_CURVE('',#9614,#9622,#9624,.T.);
#9622 = VERTEX_POINT('',#9623);
#9623 = CARTESIAN_POINT('',(32.59358914251,22.931643848057,0.));
#9624 = LINE('',#9625,#9626);
#9625 = CARTESIAN_POINT('',(32.234144852596,23.425273944175,0.));
#9626 = VECTOR('',#9627,1.);
#9627 = DIRECTION('',(0.58864351146,-0.808392736494,0.));
#9628 = ORIENTED_EDGE('',*,*,#9629,.T.);
#9629 = EDGE_CURVE('',#9622,#9630,#9632,.T.);
#9630 = VERTEX_POINT('',#9631);
#9631 = CARTESIAN_POINT('',(33.196881743162,22.162531700299,0.));
#9632 = LINE('',#9633,#9634);
#9633 = CARTESIAN_POINT('',(32.59358914251,22.931643848057,0.));
#9634 = VECTOR('',#9635,1.);
#9635 = DIRECTION('',(0.617182616562,-0.786819939893,0.));
#9636 = ORIENTED_EDGE('',*,*,#9637,.T.);
#9637 = EDGE_CURVE('',#9630,#9638,#9640,.T.);
#9638 = VERTEX_POINT('',#9639);
#9639 = CARTESIAN_POINT('',(33.761933524505,21.473288347989,0.));
#9640 = LINE('',#9641,#9642);
#9641 = CARTESIAN_POINT('',(33.196881743162,22.162531700299,0.));
#9642 = VECTOR('',#9643,1.);
#9643 = DIRECTION('',(0.633993865286,-0.773338075346,0.));
#9644 = ORIENTED_EDGE('',*,*,#9645,.T.);
#9645 = EDGE_CURVE('',#9638,#9646,#9648,.T.);
#9646 = VERTEX_POINT('',#9647);
#9647 = CARTESIAN_POINT('',(33.992288358327,21.18961824485,0.));
#9648 = LINE('',#9649,#9650);
#9649 = CARTESIAN_POINT('',(33.761933524505,21.473288347989,0.));
#9650 = VECTOR('',#9651,1.);
#9651 = DIRECTION('',(0.630383051405,-0.776284231774,0.));
#9652 = ORIENTED_EDGE('',*,*,#9653,.T.);
#9653 = EDGE_CURVE('',#9646,#9654,#9656,.T.);
#9654 = VERTEX_POINT('',#9655);
#9655 = CARTESIAN_POINT('',(34.200382958879,20.870743049595,0.));
#9656 = LINE('',#9657,#9658);
#9657 = CARTESIAN_POINT('',(33.992288358327,21.18961824485,0.));
#9658 = VECTOR('',#9659,1.);
#9659 = DIRECTION('',(0.546511928145,-0.837451319418,0.));
#9660 = ORIENTED_EDGE('',*,*,#9661,.T.);
#9661 = EDGE_CURVE('',#9654,#9662,#9664,.T.);
#9662 = VERTEX_POINT('',#9663);
#9663 = CARTESIAN_POINT('',(34.741958856542,20.057209840119,0.));
#9664 = LINE('',#9665,#9666);
#9665 = CARTESIAN_POINT('',(34.200382958879,20.870743049595,0.));
#9666 = VECTOR('',#9667,1.);
#9667 = DIRECTION('',(0.554147839525,-0.832418267429,0.));
#9668 = ORIENTED_EDGE('',*,*,#9669,.T.);
#9669 = EDGE_CURVE('',#9662,#9670,#9672,.T.);
#9670 = VERTEX_POINT('',#9671);
#9671 = CARTESIAN_POINT('',(35.260837760307,19.404375964654,0.));
#9672 = LINE('',#9673,#9674);
#9673 = CARTESIAN_POINT('',(34.741958856542,20.057209840119,0.));
#9674 = VECTOR('',#9675,1.);
#9675 = DIRECTION('',(0.62221448801,-0.782846811905,0.));
#9676 = ORIENTED_EDGE('',*,*,#9677,.T.);
#9677 = EDGE_CURVE('',#9670,#9678,#9680,.T.);
#9678 = VERTEX_POINT('',#9679);
#9679 = CARTESIAN_POINT('',(35.475566269488,19.120405868249,0.));
#9680 = LINE('',#9681,#9682);
#9681 = CARTESIAN_POINT('',(35.260837760307,19.404375964654,0.));
#9682 = VECTOR('',#9683,1.);
#9683 = DIRECTION('',(0.603142966632,-0.797633099741,0.));
#9684 = ORIENTED_EDGE('',*,*,#9685,.T.);
#9685 = EDGE_CURVE('',#9678,#9686,#9688,.T.);
#9686 = VERTEX_POINT('',#9687);
#9687 = CARTESIAN_POINT('',(35.532134353285,18.980753488274,0.));
#9688 = LINE('',#9689,#9690);
#9689 = CARTESIAN_POINT('',(35.475566269488,19.120405868249,0.));
#9690 = VECTOR('',#9691,1.);
#9691 = DIRECTION('',(0.375432940038,-0.926849560357,0.));
#9692 = ORIENTED_EDGE('',*,*,#9693,.T.);
#9693 = EDGE_CURVE('',#9686,#9694,#9696,.T.);
#9694 = VERTEX_POINT('',#9695);
#9695 = CARTESIAN_POINT('',(35.534676967405,18.881170061826,0.));
#9696 = LINE('',#9697,#9698);
#9697 = CARTESIAN_POINT('',(35.532134353285,18.980753488274,0.));
#9698 = VECTOR('',#9699,1.);
#9699 = DIRECTION('',(2.552418449149E-02,-0.999674204932,0.));
#9700 = ORIENTED_EDGE('',*,*,#9701,.T.);
#9701 = EDGE_CURVE('',#9694,#9702,#9704,.T.);
#9702 = VERTEX_POINT('',#9703);
#9703 = CARTESIAN_POINT('',(35.310420403832,18.795092398395,0.));
#9704 = LINE('',#9705,#9706);
#9705 = CARTESIAN_POINT('',(35.534676967405,18.881170061826,0.));
#9706 = VECTOR('',#9707,1.);
#9707 = DIRECTION('',(-0.933589292758,-0.358344851293,0.));
#9708 = ORIENTED_EDGE('',*,*,#9709,.T.);
#9709 = EDGE_CURVE('',#9702,#9710,#9712,.T.);
#9710 = VERTEX_POINT('',#9711);
#9711 = CARTESIAN_POINT('',(34.863987349171,18.740212931727,0.));
#9712 = LINE('',#9713,#9714);
#9713 = CARTESIAN_POINT('',(35.310420403832,18.795092398395,0.));
#9714 = VECTOR('',#9715,1.);
#9715 = DIRECTION('',(-0.992528828181,-0.122010348863,0.));
#9716 = ORIENTED_EDGE('',*,*,#9717,.T.);
#9717 = EDGE_CURVE('',#9710,#9718,#9720,.T.);
#9718 = VERTEX_POINT('',#9719);
#9719 = CARTESIAN_POINT('',(34.412546105991,18.731834627145,0.));
#9720 = LINE('',#9721,#9722);
#9721 = CARTESIAN_POINT('',(34.863987349171,18.740212931727,0.));
#9722 = VECTOR('',#9723,1.);
#9723 = DIRECTION('',(-0.999827825966,-1.855581912832E-02,0.));
#9724 = ORIENTED_EDGE('',*,*,#9725,.T.);
#9725 = EDGE_CURVE('',#9718,#9726,#9728,.T.);
#9726 = VERTEX_POINT('',#9727);
#9727 = CARTESIAN_POINT('',(34.173264976862,18.785260449972,0.));
#9728 = LINE('',#9729,#9730);
#9729 = CARTESIAN_POINT('',(34.412546105991,18.731834627145,0.));
#9730 = VECTOR('',#9731,1.);
#9731 = DIRECTION('',(-0.975968700326,0.217910752336,0.));
#9732 = ORIENTED_EDGE('',*,*,#9733,.T.);
#9733 = EDGE_CURVE('',#9726,#9734,#9736,.T.);
#9734 = VERTEX_POINT('',#9735);
#9735 = CARTESIAN_POINT('',(33.833156140549,18.824961305143,0.));
#9736 = LINE('',#9737,#9738);
#9737 = CARTESIAN_POINT('',(34.173264976862,18.785260449972,0.));
#9738 = VECTOR('',#9739,1.);
#9739 = DIRECTION('',(-0.99325591322,0.115942618799,0.));
#9740 = ORIENTED_EDGE('',*,*,#9741,.T.);
#9741 = EDGE_CURVE('',#9734,#9742,#9744,.T.);
#9742 = VERTEX_POINT('',#9743);
#9743 = CARTESIAN_POINT('',(33.118184757589,18.841304044921,0.));
#9744 = LINE('',#9745,#9746);
#9745 = CARTESIAN_POINT('',(33.833156140549,18.824961305143,0.));
#9746 = VECTOR('',#9747,1.);
#9747 = DIRECTION('',(-0.999738860677,2.285192447551E-02,0.));
#9748 = ORIENTED_EDGE('',*,*,#9749,.T.);
#9749 = EDGE_CURVE('',#9742,#9750,#9752,.T.);
#9750 = VERTEX_POINT('',#9751);
#9751 = CARTESIAN_POINT('',(32.382871248445,18.83245727659,0.));
#9752 = LINE('',#9753,#9754);
#9753 = CARTESIAN_POINT('',(33.118184757589,18.841304044921,0.));
#9754 = VECTOR('',#9755,1.);
#9755 = DIRECTION('',(-0.999927631915,-1.203041695491E-02,0.));
#9756 = ORIENTED_EDGE('',*,*,#9757,.T.);
#9757 = EDGE_CURVE('',#9750,#9758,#9760,.T.);
#9758 = VERTEX_POINT('',#9759);
#9759 = CARTESIAN_POINT('',(31.981736033577,18.796589607435,0.));
#9760 = LINE('',#9761,#9762);
#9761 = CARTESIAN_POINT('',(32.382871248445,18.83245727659,0.));
#9762 = VECTOR('',#9763,1.);
#9763 = DIRECTION('',(-0.996026254452,-8.906009455226E-02,0.));
#9764 = ORIENTED_EDGE('',*,*,#9765,.T.);
#9765 = EDGE_CURVE('',#9758,#9766,#9768,.T.);
#9766 = VERTEX_POINT('',#9767);
#9767 = CARTESIAN_POINT('',(30.853301867064,18.801230679729,0.));
#9768 = LINE('',#9769,#9770);
#9769 = CARTESIAN_POINT('',(31.981736033577,18.796589607435,0.));
#9770 = VECTOR('',#9771,1.);
#9771 = DIRECTION('',(-0.99999154237,4.112807976944E-03,0.));
#9772 = ORIENTED_EDGE('',*,*,#9773,.T.);
#9773 = EDGE_CURVE('',#9766,#9774,#9776,.T.);
#9774 = VERTEX_POINT('',#9775);
#9775 = CARTESIAN_POINT('',(28.942381920589,18.84702156364,0.));
#9776 = LINE('',#9777,#9778);
#9777 = CARTESIAN_POINT('',(30.853301867064,18.801230679729,0.));
#9778 = VECTOR('',#9779,1.);
#9779 = DIRECTION('',(-0.999713017056,2.395586627979E-02,0.));
#9780 = ORIENTED_EDGE('',*,*,#9781,.T.);
#9781 = EDGE_CURVE('',#9774,#9782,#9784,.T.);
#9782 = VERTEX_POINT('',#9783);
#9783 = CARTESIAN_POINT('',(27.190297255328,18.812701010493,0.));
#9784 = LINE('',#9785,#9786);
#9785 = CARTESIAN_POINT('',(28.942381920589,18.84702156364,0.));
#9786 = VECTOR('',#9787,1.);
#9787 = DIRECTION('',(-0.999808202286,-1.958465319855E-02,0.));
#9788 = ORIENTED_EDGE('',*,*,#9789,.T.);
#9789 = EDGE_CURVE('',#9782,#9790,#9792,.T.);
#9790 = VERTEX_POINT('',#9791);
#9791 = CARTESIAN_POINT('',(26.626492668219,18.801607877144,0.));
#9792 = LINE('',#9793,#9794);
#9793 = CARTESIAN_POINT('',(27.190297255328,18.812701010493,0.));
#9794 = VECTOR('',#9795,1.);
#9795 = DIRECTION('',(-0.999806493664,-1.967168591924E-02,0.));
#9796 = ORIENTED_EDGE('',*,*,#9797,.T.);
#9797 = EDGE_CURVE('',#9790,#9798,#9800,.T.);
#9798 = VERTEX_POINT('',#9799);
#9799 = CARTESIAN_POINT('',(26.498954318963,18.8277963518,0.));
#9800 = LINE('',#9801,#9802);
#9801 = CARTESIAN_POINT('',(26.626492668219,18.801607877144,0.));
#9802 = VECTOR('',#9803,1.);
#9803 = DIRECTION('',(-0.97956221994,0.201141386261,0.));
#9804 = ORIENTED_EDGE('',*,*,#9805,.T.);
#9805 = EDGE_CURVE('',#9798,#9806,#9808,.T.);
#9806 = VERTEX_POINT('',#9807);
#9807 = CARTESIAN_POINT('',(26.411659821777,18.880605368619,0.));
#9808 = LINE('',#9809,#9810);
#9809 = CARTESIAN_POINT('',(26.498954318963,18.8277963518,0.));
#9810 = VECTOR('',#9811,1.);
#9811 = DIRECTION('',(-0.855617835516,0.517608075234,0.));
#9812 = ORIENTED_EDGE('',*,*,#9813,.T.);
#9813 = EDGE_CURVE('',#9806,#9814,#9816,.T.);
#9814 = VERTEX_POINT('',#9815);
#9815 = CARTESIAN_POINT('',(26.150103294079,19.167112172789,0.));
#9816 = LINE('',#9817,#9818);
#9817 = CARTESIAN_POINT('',(26.411659821777,18.880605368619,0.));
#9818 = VECTOR('',#9819,1.);
#9819 = DIRECTION('',(-0.674217852587,0.738532522813,0.));
#9820 = ORIENTED_EDGE('',*,*,#9821,.T.);
#9821 = EDGE_CURVE('',#9814,#9822,#9824,.T.);
#9822 = VERTEX_POINT('',#9823);
#9823 = CARTESIAN_POINT('',(25.991360217887,19.470745063124,0.));
#9824 = LINE('',#9825,#9826);
#9825 = CARTESIAN_POINT('',(26.150103294079,19.167112172789,0.));
#9826 = VECTOR('',#9827,1.);
#9827 = DIRECTION('',(-0.463313540706,0.886194427312,0.));
#9828 = ORIENTED_EDGE('',*,*,#9829,.T.);
#9829 = EDGE_CURVE('',#9822,#9830,#9832,.T.);
#9830 = VERTEX_POINT('',#9831);
#9831 = CARTESIAN_POINT('',(25.872289565279,19.665014967118,0.));
#9832 = LINE('',#9833,#9834);
#9833 = CARTESIAN_POINT('',(25.991360217887,19.470745063124,0.));
#9834 = VECTOR('',#9835,1.);
#9835 = DIRECTION('',(-0.522568444155,0.85259733824,0.));
#9836 = ORIENTED_EDGE('',*,*,#9837,.T.);
#9837 = EDGE_CURVE('',#9830,#9838,#9840,.T.);
#9838 = VERTEX_POINT('',#9839);
#9839 = CARTESIAN_POINT('',(25.641815835509,19.922058462053,0.));
#9840 = LINE('',#9841,#9842);
#9841 = CARTESIAN_POINT('',(25.872289565279,19.665014967118,0.));
#9842 = VECTOR('',#9843,1.);
#9843 = DIRECTION('',(-0.66757864246,0.744539291194,0.));
#9844 = ORIENTED_EDGE('',*,*,#9845,.T.);
#9845 = EDGE_CURVE('',#9838,#9846,#9848,.T.);
#9846 = VERTEX_POINT('',#9847);
#9847 = CARTESIAN_POINT('',(24.815421053885,20.797635131801,0.));
#9848 = LINE('',#9849,#9850);
#9849 = CARTESIAN_POINT('',(25.641815835509,19.922058462053,0.));
#9850 = VECTOR('',#9851,1.);
#9851 = DIRECTION('',(-0.686386989044,0.727236482357,0.));
#9852 = ORIENTED_EDGE('',*,*,#9853,.T.);
#9853 = EDGE_CURVE('',#9846,#9854,#9856,.T.);
#9854 = VERTEX_POINT('',#9855);
#9855 = CARTESIAN_POINT('',(24.253324686115,21.477400020401,0.));
#9856 = LINE('',#9857,#9858);
#9857 = CARTESIAN_POINT('',(24.815421053885,20.797635131801,0.));
#9858 = VECTOR('',#9859,1.);
#9859 = DIRECTION('',(-0.637252977216,0.770654684687,0.));
#9860 = ORIENTED_EDGE('',*,*,#9861,.T.);
#9861 = EDGE_CURVE('',#9854,#9862,#9864,.T.);
#9862 = VERTEX_POINT('',#9863);
#9863 = CARTESIAN_POINT('',(23.86700020608,21.886401133805,0.));
#9864 = LINE('',#9865,#9866);
#9865 = CARTESIAN_POINT('',(24.253324686115,21.477400020401,0.));
#9866 = VECTOR('',#9867,1.);
#9867 = DIRECTION('',(-0.686666418766,0.726972646898,0.));
#9868 = ORIENTED_EDGE('',*,*,#9869,.T.);
#9869 = EDGE_CURVE('',#9862,#9870,#9872,.T.);
#9870 = VERTEX_POINT('',#9871);
#9871 = CARTESIAN_POINT('',(23.629095479537,22.085338028629,0.));
#9872 = LINE('',#9873,#9874);
#9873 = CARTESIAN_POINT('',(23.86700020608,21.886401133805,0.));
#9874 = VECTOR('',#9875,1.);
#9875 = DIRECTION('',(-0.767137116267,0.641483160219,0.));
#9876 = ORIENTED_EDGE('',*,*,#9877,.T.);
#9877 = EDGE_CURVE('',#9870,#9878,#9880,.T.);
#9878 = VERTEX_POINT('',#9879);
#9879 = CARTESIAN_POINT('',(23.484082458932,22.170066825279,0.));
#9880 = LINE('',#9881,#9882);
#9881 = CARTESIAN_POINT('',(23.629095479537,22.085338028629,0.));
#9882 = VECTOR('',#9883,1.);
#9883 = DIRECTION('',(-0.863421409973,0.504483368209,0.));
#9884 = ORIENTED_EDGE('',*,*,#9885,.T.);
#9885 = EDGE_CURVE('',#9878,#9886,#9888,.T.);
#9886 = VERTEX_POINT('',#9887);
#9887 = CARTESIAN_POINT('',(22.785275162135,22.754636791864,0.));
#9888 = LINE('',#9889,#9890);
#9889 = CARTESIAN_POINT('',(23.484082458932,22.170066825279,0.));
#9890 = VECTOR('',#9891,1.);
#9891 = DIRECTION('',(-0.767015853427,0.641628148223,0.));
#9892 = ORIENTED_EDGE('',*,*,#9893,.T.);
#9893 = EDGE_CURVE('',#9886,#9894,#9896,.T.);
#9894 = VERTEX_POINT('',#9895);
#9895 = CARTESIAN_POINT('',(21.899068439144,23.596164225904,0.));
#9896 = LINE('',#9897,#9898);
#9897 = CARTESIAN_POINT('',(22.785275162135,22.754636791864,0.));
#9898 = VECTOR('',#9899,1.);
#9899 = DIRECTION('',(-0.725150168083,0.688590759254,0.));
#9900 = ORIENTED_EDGE('',*,*,#9901,.T.);
#9901 = EDGE_CURVE('',#9894,#9902,#9904,.T.);
#9902 = VERTEX_POINT('',#9903);
#9903 = CARTESIAN_POINT('',(21.674345390958,23.802504447195,0.));
#9904 = LINE('',#9905,#9906);
#9905 = CARTESIAN_POINT('',(21.899068439144,23.596164225904,0.));
#9906 = VECTOR('',#9907,1.);
#9907 = DIRECTION('',(-0.736592082087,0.676337271343,0.));
#9908 = ORIENTED_EDGE('',*,*,#9909,.T.);
#9909 = EDGE_CURVE('',#9902,#9910,#9912,.T.);
#9910 = VERTEX_POINT('',#9911);
#9911 = CARTESIAN_POINT('',(21.464676025702,23.939374169043,0.));
#9912 = LINE('',#9913,#9914);
#9913 = CARTESIAN_POINT('',(21.674345390958,23.802504447195,0.));
#9914 = VECTOR('',#9915,1.);
#9915 = DIRECTION('',(-0.837375092875,0.54662871662,0.));
#9916 = ORIENTED_EDGE('',*,*,#9917,.T.);
#9917 = EDGE_CURVE('',#9910,#9918,#9920,.T.);
#9918 = VERTEX_POINT('',#9919);
#9919 = CARTESIAN_POINT('',(20.924412836367,24.287525177741,0.));
#9920 = LINE('',#9921,#9922);
#9921 = CARTESIAN_POINT('',(21.464676025702,23.939374169043,0.));
#9922 = VECTOR('',#9923,1.);
#9923 = DIRECTION('',(-0.840584213607,0.541680883763,0.));
#9924 = ORIENTED_EDGE('',*,*,#9925,.T.);
#9925 = EDGE_CURVE('',#9918,#9926,#9928,.T.);
#9926 = VERTEX_POINT('',#9927);
#9927 = CARTESIAN_POINT('',(20.117706253212,24.863124022169,0.));
#9928 = LINE('',#9929,#9930);
#9929 = CARTESIAN_POINT('',(20.924412836367,24.287525177741,0.));
#9930 = VECTOR('',#9931,1.);
#9931 = DIRECTION('',(-0.814029339328,0.580823755293,0.));
#9932 = ORIENTED_EDGE('',*,*,#9933,.T.);
#9933 = EDGE_CURVE('',#9926,#9934,#9936,.T.);
#9934 = VERTEX_POINT('',#9935);
#9935 = CARTESIAN_POINT('',(19.604366930061,25.250803555348,0.));
#9936 = LINE('',#9937,#9938);
#9937 = CARTESIAN_POINT('',(20.117706253212,24.863124022169,0.));
#9938 = VECTOR('',#9939,1.);
#9939 = DIRECTION('',(-0.79799953076,0.602658069643,0.));
#9940 = ORIENTED_EDGE('',*,*,#9941,.T.);
#9941 = EDGE_CURVE('',#9934,#9942,#9944,.T.);
#9942 = VERTEX_POINT('',#9943);
#9943 = CARTESIAN_POINT('',(19.428546513368,25.43150758738,0.));
#9944 = LINE('',#9945,#9946);
#9945 = CARTESIAN_POINT('',(19.604366930061,25.250803555348,0.));
#9946 = VECTOR('',#9947,1.);
#9947 = DIRECTION('',(-0.697355525036,0.716725380952,0.));
#9948 = ORIENTED_EDGE('',*,*,#9949,.T.);
#9949 = EDGE_CURVE('',#9942,#9950,#9952,.T.);
#9950 = VERTEX_POINT('',#9951);
#9951 = CARTESIAN_POINT('',(19.228966318587,25.50120969927,0.));
#9952 = LINE('',#9953,#9954);
#9953 = CARTESIAN_POINT('',(19.428546513368,25.43150758738,0.));
#9954 = VECTOR('',#9955,1.);
#9955 = DIRECTION('',(-0.944080792969,0.329714204043,0.));
#9956 = ORIENTED_EDGE('',*,*,#9957,.T.);
#9957 = EDGE_CURVE('',#9950,#9958,#9960,.T.);
#9958 = VERTEX_POINT('',#9959);
#9959 = CARTESIAN_POINT('',(19.033236896664,25.568827299127,0.));
#9960 = LINE('',#9961,#9962);
#9961 = CARTESIAN_POINT('',(19.228966318587,25.50120969927,0.));
#9962 = VECTOR('',#9963,1.);
#9963 = DIRECTION('',(-0.945187252469,0.326528800829,0.));
#9964 = ORIENTED_EDGE('',*,*,#9965,.T.);
#9965 = EDGE_CURVE('',#9958,#9966,#9968,.T.);
#9966 = VERTEX_POINT('',#9967);
#9967 = CARTESIAN_POINT('',(18.752470180738,25.727528148586,0.));
#9968 = LINE('',#9969,#9970);
#9969 = CARTESIAN_POINT('',(19.033236896664,25.568827299127,0.));
#9970 = VECTOR('',#9971,1.);
#9971 = DIRECTION('',(-0.870554047551,0.492072809951,0.));
#9972 = ORIENTED_EDGE('',*,*,#9973,.T.);
#9973 = EDGE_CURVE('',#9966,#9974,#9976,.T.);
#9974 = VERTEX_POINT('',#9975);
#9975 = CARTESIAN_POINT('',(17.856994426671,26.297215361005,0.));
#9976 = LINE('',#9977,#9978);
#9977 = CARTESIAN_POINT('',(18.752470180738,25.727528148586,0.));
#9978 = VECTOR('',#9979,1.);
#9979 = DIRECTION('',(-0.84373018817,0.536767519108,0.));
#9980 = ORIENTED_EDGE('',*,*,#9981,.T.);
#9981 = EDGE_CURVE('',#9974,#9982,#9984,.T.);
#9982 = VERTEX_POINT('',#9983);
#9983 = CARTESIAN_POINT('',(17.109590230819,26.818374250958,0.));
#9984 = LINE('',#9985,#9986);
#9985 = CARTESIAN_POINT('',(17.856994426671,26.297215361005,0.));
#9986 = VECTOR('',#9987,1.);
#9987 = DIRECTION('',(-0.820274168352,0.571970531351,0.));
#9988 = ORIENTED_EDGE('',*,*,#9989,.T.);
#9989 = EDGE_CURVE('',#9982,#9990,#9992,.T.);
#9990 = VERTEX_POINT('',#9991);
#9991 = CARTESIAN_POINT('',(16.639849323996,27.113549978187,0.));
#9992 = LINE('',#9993,#9994);
#9993 = CARTESIAN_POINT('',(17.109590230819,26.818374250958,0.));
#9994 = VECTOR('',#9995,1.);
#9995 = DIRECTION('',(-0.846709621128,0.532055276723,0.));
#9996 = ORIENTED_EDGE('',*,*,#9997,.T.);
#9997 = EDGE_CURVE('',#9990,#9998,#10000,.T.);
#9998 = VERTEX_POINT('',#9999);
#9999 = CARTESIAN_POINT('',(15.835860362518,27.460959827051,0.));
#10000 = LINE('',#10001,#10002);
#10001 = CARTESIAN_POINT('',(16.639849323996,27.113549978187,0.));
#10002 = VECTOR('',#10003,1.);
#10003 = DIRECTION('',(-0.917965587654,0.396660030609,0.));
#10004 = ORIENTED_EDGE('',*,*,#10005,.T.);
#10005 = EDGE_CURVE('',#9998,#10006,#10008,.T.);
#10006 = VERTEX_POINT('',#10007);
#10007 = CARTESIAN_POINT('',(15.074732177198,27.857162698322,0.));
#10008 = LINE('',#10009,#10010);
#10009 = CARTESIAN_POINT('',(15.835860362518,27.460959827051,0.));
#10010 = VECTOR('',#10011,1.);
#10011 = DIRECTION('',(-0.887018175794,0.461734507928,0.));
#10012 = ORIENTED_EDGE('',*,*,#10013,.T.);
#10013 = EDGE_CURVE('',#10006,#10014,#10016,.T.);
#10014 = VERTEX_POINT('',#10015);
#10015 = CARTESIAN_POINT('',(14.600007346335,28.125475793233,0.));
#10016 = LINE('',#10017,#10018);
#10017 = CARTESIAN_POINT('',(15.074732177198,27.857162698322,0.));
#10018 = VECTOR('',#10019,1.);
#10019 = DIRECTION('',(-0.870570407912,0.492043864781,0.));
#10020 = ORIENTED_EDGE('',*,*,#10021,.T.);
#10021 = EDGE_CURVE('',#10014,#10022,#10024,.T.);
#10022 = VERTEX_POINT('',#10023);
#10023 = CARTESIAN_POINT('',(13.694956828754,28.517271410491,0.));
#10024 = LINE('',#10025,#10026);
#10025 = CARTESIAN_POINT('',(14.600007346335,28.125475793233,0.));
#10026 = VECTOR('',#10027,1.);
#10027 = DIRECTION('',(-0.917700922981,0.397271967246,0.));
#10028 = ORIENTED_EDGE('',*,*,#10029,.T.);
#10029 = EDGE_CURVE('',#10022,#10030,#10032,.T.);
#10030 = VERTEX_POINT('',#10031);
#10031 = CARTESIAN_POINT('',(13.121441597046,28.75453079069,0.));
#10032 = LINE('',#10033,#10034);
#10033 = CARTESIAN_POINT('',(13.694956828754,28.517271410491,0.));
#10034 = VECTOR('',#10035,1.);
#10035 = DIRECTION('',(-0.924049427799,0.382273011059,0.));
#10036 = ORIENTED_EDGE('',*,*,#10037,.T.);
#10037 = EDGE_CURVE('',#10030,#10038,#10040,.T.);
#10038 = VERTEX_POINT('',#10039);
#10039 = CARTESIAN_POINT('',(12.949260852241,28.803873065473,0.));
#10040 = LINE('',#10041,#10042);
#10041 = CARTESIAN_POINT('',(13.121441597046,28.75453079069,0.));
#10042 = VECTOR('',#10043,1.);
#10043 = DIRECTION('',(-0.96130570666,0.275483825921,0.));
#10044 = ORIENTED_EDGE('',*,*,#10045,.T.);
#10045 = EDGE_CURVE('',#10038,#10046,#10048,.T.);
#10046 = VERTEX_POINT('',#10047);
#10047 = CARTESIAN_POINT('',(12.817786197838,28.803517926386,0.));
#10048 = LINE('',#10049,#10050);
#10049 = CARTESIAN_POINT('',(12.949260852241,28.803873065473,0.));
#10050 = VECTOR('',#10051,1.);
#10051 = DIRECTION('',(-0.999996351784,-2.701188248975E-03,0.));
#10052 = ORIENTED_EDGE('',*,*,#10053,.T.);
#10053 = EDGE_CURVE('',#10046,#10054,#10056,.T.);
#10054 = VERTEX_POINT('',#10055);
#10055 = CARTESIAN_POINT('',(12.6351235013,28.834469897058,0.));
#10056 = LINE('',#10057,#10058);
#10057 = CARTESIAN_POINT('',(12.817786197838,28.803517926386,0.));
#10058 = VECTOR('',#10059,1.);
#10059 = DIRECTION('',(-0.985945500834,0.167067260064,0.));
#10060 = ORIENTED_EDGE('',*,*,#10061,.T.);
#10061 = EDGE_CURVE('',#10054,#10062,#10064,.T.);
#10062 = VERTEX_POINT('',#10063);
#10063 = CARTESIAN_POINT('',(12.333518147283,28.943374345898,0.));
#10064 = LINE('',#10065,#10066);
#10065 = CARTESIAN_POINT('',(12.6351235013,28.834469897058,0.));
#10066 = VECTOR('',#10067,1.);
#10067 = DIRECTION('',(-0.940562462598,0.339620750178,0.));
#10068 = ORIENTED_EDGE('',*,*,#10069,.T.);
#10069 = EDGE_CURVE('',#10062,#10070,#10072,.T.);
#10070 = VERTEX_POINT('',#10071);
#10071 = CARTESIAN_POINT('',(12.05119213526,29.073623536208,0.));
#10072 = LINE('',#10073,#10074);
#10073 = CARTESIAN_POINT('',(12.333518147283,28.943374345898,0.));
#10074 = VECTOR('',#10075,1.);
#10075 = DIRECTION('',(-0.908026828776,0.418912017281,0.));
#10076 = ORIENTED_EDGE('',*,*,#10077,.T.);
#10077 = EDGE_CURVE('',#10070,#10078,#10080,.T.);
#10078 = VERTEX_POINT('',#10079);
#10079 = CARTESIAN_POINT('',(11.926367464702,29.16860973129,0.));
#10080 = LINE('',#10081,#10082);
#10081 = CARTESIAN_POINT('',(12.05119213526,29.073623536208,0.));
#10082 = VECTOR('',#10083,1.);
#10083 = DIRECTION('',(-0.795795198898,0.60556585225,0.));
#10084 = ORIENTED_EDGE('',*,*,#10085,.T.);
#10085 = EDGE_CURVE('',#10078,#10086,#10088,.T.);
#10086 = VERTEX_POINT('',#10087);
#10087 = CARTESIAN_POINT('',(11.683111207259,29.292963557608,0.));
#10088 = LINE('',#10089,#10090);
#10089 = CARTESIAN_POINT('',(11.926367464702,29.16860973129,0.));
#10090 = VECTOR('',#10091,1.);
#10091 = DIRECTION('',(-0.890400784955,0.455177374385,0.));
#10092 = ORIENTED_EDGE('',*,*,#10093,.T.);
#10093 = EDGE_CURVE('',#10086,#10094,#10096,.T.);
#10094 = VERTEX_POINT('',#10095);
#10095 = CARTESIAN_POINT('',(10.946082502738,29.566224335578,0.));
#10096 = LINE('',#10097,#10098);
#10097 = CARTESIAN_POINT('',(11.683111207259,29.292963557608,0.));
#10098 = VECTOR('',#10099,1.);
#10099 = DIRECTION('',(-0.937629714176,0.347635612523,0.));
#10100 = ORIENTED_EDGE('',*,*,#10101,.T.);
#10101 = EDGE_CURVE('',#10094,#10102,#10104,.T.);
#10102 = VERTEX_POINT('',#10103);
#10103 = CARTESIAN_POINT('',(10.689966071289,29.616640850954,0.));
#10104 = LINE('',#10105,#10106);
#10105 = CARTESIAN_POINT('',(10.946082502738,29.566224335578,0.));
#10106 = VECTOR('',#10107,1.);
#10107 = DIRECTION('',(-0.981170538325,0.193143404553,0.));
#10108 = ORIENTED_EDGE('',*,*,#10109,.T.);
#10109 = EDGE_CURVE('',#10102,#10110,#10112,.T.);
#10110 = VERTEX_POINT('',#10111);
#10111 = CARTESIAN_POINT('',(9.963739912932,29.791113405214,0.));
#10112 = LINE('',#10113,#10114);
#10113 = CARTESIAN_POINT('',(10.689966071289,29.616640850954,0.));
#10114 = VECTOR('',#10115,1.);
#10115 = DIRECTION('',(-0.972333109824,0.233598637712,0.));
#10116 = ORIENTED_EDGE('',*,*,#10117,.T.);
#10117 = EDGE_CURVE('',#10110,#10118,#10120,.T.);
#10118 = VERTEX_POINT('',#10119);
#10119 = CARTESIAN_POINT('',(9.009757646481,30.053907506361,0.));
#10120 = LINE('',#10121,#10122);
#10121 = CARTESIAN_POINT('',(9.963739912932,29.791113405214,0.));
#10122 = VECTOR('',#10123,1.);
#10123 = DIRECTION('',(-0.964089296332,0.265578291091,0.));
#10124 = ORIENTED_EDGE('',*,*,#10125,.T.);
#10125 = EDGE_CURVE('',#10118,#10126,#10128,.T.);
#10126 = VERTEX_POINT('',#10127);
#10127 = CARTESIAN_POINT('',(8.575365233039,30.210468697966,0.));
#10128 = LINE('',#10129,#10130);
#10129 = CARTESIAN_POINT('',(9.009757646481,30.053907506361,0.));
#10130 = VECTOR('',#10131,1.);
#10131 = DIRECTION('',(-0.940763165674,0.339064398176,0.));
#10132 = ORIENTED_EDGE('',*,*,#10133,.T.);
#10133 = EDGE_CURVE('',#10126,#10134,#10136,.T.);
#10134 = VERTEX_POINT('',#10135);
#10135 = CARTESIAN_POINT('',(7.923796024459,30.401652641817,0.));
#10136 = LINE('',#10137,#10138);
#10137 = CARTESIAN_POINT('',(8.575365233039,30.210468697966,0.));
#10138 = VECTOR('',#10139,1.);
#10139 = DIRECTION('',(-0.959546315865,0.281550826158,0.));
#10140 = ORIENTED_EDGE('',*,*,#10141,.T.);
#10141 = EDGE_CURVE('',#10134,#10142,#10144,.T.);
#10142 = VERTEX_POINT('',#10143);
#10143 = CARTESIAN_POINT('',(7.148089740002,30.581701541495,0.));
#10144 = LINE('',#10145,#10146);
#10145 = CARTESIAN_POINT('',(7.923796024459,30.401652641817,0.));
#10146 = VECTOR('',#10147,1.);
#10147 = DIRECTION('',(-0.97410432897,0.22609899664,0.));
#10148 = ORIENTED_EDGE('',*,*,#10149,.T.);
#10149 = EDGE_CURVE('',#10142,#10150,#10152,.T.);
#10150 = VERTEX_POINT('',#10151);
#10151 = CARTESIAN_POINT('',(6.372402867128,30.683452198708,0.));
#10152 = LINE('',#10153,#10154);
#10153 = CARTESIAN_POINT('',(7.148089740002,30.581701541495,0.));
#10154 = VECTOR('',#10155,1.);
#10155 = DIRECTION('',(-0.991506031285,0.130060716304,0.));
#10156 = ORIENTED_EDGE('',*,*,#10157,.T.);
#10157 = EDGE_CURVE('',#10150,#10158,#10160,.T.);
#10158 = VERTEX_POINT('',#10159);
#10159 = CARTESIAN_POINT('',(5.135183760764,30.833634121742,0.));
#10160 = LINE('',#10161,#10162);
#10161 = CARTESIAN_POINT('',(6.372402867128,30.683452198708,0.));
#10162 = VECTOR('',#10163,1.);
#10163 = DIRECTION('',(-0.992713066707,0.120502145991,0.));
#10164 = ORIENTED_EDGE('',*,*,#10165,.T.);
#10165 = EDGE_CURVE('',#10158,#10166,#10168,.T.);
#10166 = VERTEX_POINT('',#10167);
#10167 = CARTESIAN_POINT('',(4.341990066107,31.007374339499,0.));
#10168 = LINE('',#10169,#10170);
#10169 = CARTESIAN_POINT('',(5.135183760764,30.833634121742,0.));
#10170 = VECTOR('',#10171,1.);
#10171 = DIRECTION('',(-0.976841080675,0.213966126073,0.));
#10172 = ORIENTED_EDGE('',*,*,#10173,.T.);
#10173 = EDGE_CURVE('',#10166,#10174,#10176,.T.);
#10174 = VERTEX_POINT('',#10175);
#10175 = CARTESIAN_POINT('',(3.979617053546,31.076086032445,0.));
#10176 = LINE('',#10177,#10178);
#10177 = CARTESIAN_POINT('',(4.341990066107,31.007374339499,0.));
#10178 = VECTOR('',#10179,1.);
#10179 = DIRECTION('',(-0.982493583363,0.186296426833,0.));
#10180 = ORIENTED_EDGE('',*,*,#10181,.T.);
#10181 = EDGE_CURVE('',#10174,#10182,#10184,.T.);
#10182 = VERTEX_POINT('',#10183);
#10183 = CARTESIAN_POINT('',(3.224989322219,31.121212960672,0.));
#10184 = LINE('',#10185,#10186);
#10185 = CARTESIAN_POINT('',(3.979617053546,31.076086032445,0.));
#10186 = VECTOR('',#10187,1.);
#10187 = DIRECTION('',(-0.998216746309,5.969361261965E-02,0.));
#10188 = ORIENTED_EDGE('',*,*,#10189,.T.);
#10189 = EDGE_CURVE('',#10182,#10190,#10192,.T.);
#10190 = VERTEX_POINT('',#10191);
#10191 = CARTESIAN_POINT('',(2.497785305348,31.164081116072,0.));
#10192 = LINE('',#10193,#10194);
#10193 = CARTESIAN_POINT('',(3.224989322219,31.121212960672,0.));
#10194 = VECTOR('',#10195,1.);
#10195 = DIRECTION('',(-0.998267006348,5.884712428112E-02,0.));
#10196 = ORIENTED_EDGE('',*,*,#10197,.T.);
#10197 = EDGE_CURVE('',#10190,#10198,#10200,.T.);
#10198 = VERTEX_POINT('',#10199);
#10199 = CARTESIAN_POINT('',(2.183654930445,31.224445937553,0.));
#10200 = LINE('',#10201,#10202);
#10201 = CARTESIAN_POINT('',(2.497785305348,31.164081116072,0.));
#10202 = VECTOR('',#10203,1.);
#10203 = DIRECTION('',(-0.982032448758,0.188712134178,0.));
#10204 = ORIENTED_EDGE('',*,*,#10205,.T.);
#10205 = EDGE_CURVE('',#10198,#10206,#10208,.T.);
#10206 = VERTEX_POINT('',#10207);
#10207 = CARTESIAN_POINT('',(1.822660443612,31.284707912078,0.));
#10208 = LINE('',#10209,#10210);
#10209 = CARTESIAN_POINT('',(2.183654930445,31.224445937553,0.));
#10210 = VECTOR('',#10211,1.);
#10211 = DIRECTION('',(-0.986351254681,0.16465479765,0.));
#10212 = ORIENTED_EDGE('',*,*,#10213,.T.);
#10213 = EDGE_CURVE('',#10206,#10214,#10216,.T.);
#10214 = VERTEX_POINT('',#10215);
#10215 = CARTESIAN_POINT('',(1.123367553924,31.326842903788,0.));
#10216 = LINE('',#10217,#10218);
#10217 = CARTESIAN_POINT('',(1.822660443612,31.284707912078,0.));
#10218 = VECTOR('',#10219,1.);
#10219 = DIRECTION('',(-0.998189672972,6.014463212137E-02,0.));
#10220 = ORIENTED_EDGE('',*,*,#10221,.T.);
#10221 = EDGE_CURVE('',#10214,#10222,#10224,.T.);
#10222 = VERTEX_POINT('',#10223);
#10223 = CARTESIAN_POINT('',(0.399692502255,31.338898055984,0.));
#10224 = LINE('',#10225,#10226);
#10225 = CARTESIAN_POINT('',(1.123367553924,31.326842903788,0.));
#10226 = VECTOR('',#10227,1.);
#10227 = DIRECTION('',(-0.999861280402,1.665592848947E-02,0.));
#10228 = ORIENTED_EDGE('',*,*,#10229,.T.);
#10229 = EDGE_CURVE('',#10222,#10230,#10232,.T.);
#10230 = VERTEX_POINT('',#10231);
#10231 = CARTESIAN_POINT('',(-3.444847052132E-02,31.308920511968,0.));
#10232 = LINE('',#10233,#10234);
#10233 = CARTESIAN_POINT('',(0.399692502255,31.338898055984,0.));
#10234 = VECTOR('',#10235,1.);
#10235 = DIRECTION('',(-0.997624522508,-6.888622569621E-02,0.));
#10236 = ORIENTED_EDGE('',*,*,#10237,.T.);
#10237 = EDGE_CURVE('',#10230,#10238,#10240,.T.);
#10238 = VERTEX_POINT('',#10239);
#10239 = CARTESIAN_POINT('',(-1.291445553928,31.230445802876,0.));
#10240 = LINE('',#10241,#10242);
#10241 = CARTESIAN_POINT('',(-3.444847052132E-02,31.308920511968,0.));
#10242 = VECTOR('',#10243,1.);
#10243 = DIRECTION('',(-0.998056906744,-6.230899534152E-02,0.));
#10244 = ORIENTED_EDGE('',*,*,#10245,.T.);
#10245 = EDGE_CURVE('',#10238,#10246,#10248,.T.);
#10246 = VERTEX_POINT('',#10247);
#10247 = CARTESIAN_POINT('',(-3.365706695413,31.140280179735,0.));
#10248 = LINE('',#10249,#10250);
#10249 = CARTESIAN_POINT('',(-1.291445553928,31.230445802876,0.));
#10250 = VECTOR('',#10251,1.);
#10251 = DIRECTION('',(-0.999056568898,-4.342778075814E-02,0.));
#10252 = ORIENTED_EDGE('',*,*,#10253,.T.);
#10253 = EDGE_CURVE('',#10246,#10254,#10256,.T.);
#10254 = VERTEX_POINT('',#10255);
#10255 = CARTESIAN_POINT('',(-4.549369243163,31.007074346233,0.));
#10256 = LINE('',#10257,#10258);
#10257 = CARTESIAN_POINT('',(-3.365706695413,31.140280179735,0.));
#10258 = VECTOR('',#10259,1.);
#10259 = DIRECTION('',(-0.993727230675,-0.111831082505,0.));
#10260 = ORIENTED_EDGE('',*,*,#10261,.T.);
#10261 = EDGE_CURVE('',#10254,#10262,#10264,.T.);
#10262 = VERTEX_POINT('',#10263);
#10263 = CARTESIAN_POINT('',(-5.683253211717,30.7991393078,0.));
#10264 = LINE('',#10265,#10266);
#10265 = CARTESIAN_POINT('',(-4.549369243163,31.007074346233,0.));
#10266 = VECTOR('',#10267,1.);
#10267 = DIRECTION('',(-0.983597892102,-0.180375127587,0.));
#10268 = ORIENTED_EDGE('',*,*,#10269,.T.);
#10269 = EDGE_CURVE('',#10262,#10270,#10272,.T.);
#10270 = VERTEX_POINT('',#10271);
#10271 = CARTESIAN_POINT('',(-6.441959802007,30.716645571275,0.));
#10272 = LINE('',#10273,#10274);
#10273 = CARTESIAN_POINT('',(-5.683253211717,30.7991393078,0.));
#10274 = VECTOR('',#10275,1.);
#10275 = DIRECTION('',(-0.994140854944,-0.108092370366,0.));
#10276 = ORIENTED_EDGE('',*,*,#10277,.T.);
#10277 = EDGE_CURVE('',#10270,#10278,#10280,.T.);
#10278 = VERTEX_POINT('',#10279);
#10279 = CARTESIAN_POINT('',(-6.701172381009,30.702528241103,0.));
#10280 = LINE('',#10281,#10282);
#10281 = CARTESIAN_POINT('',(-6.441959802007,30.716645571275,0.));
#10282 = VECTOR('',#10283,1.);
#10283 = DIRECTION('',(-0.998520216514,-5.438177280585E-02,0.));
#10284 = ORIENTED_EDGE('',*,*,#10285,.T.);
#10285 = EDGE_CURVE('',#10278,#10286,#10288,.T.);
#10286 = VERTEX_POINT('',#10287);
#10287 = CARTESIAN_POINT('',(-7.310841686809,30.574642876409,0.));
#10288 = LINE('',#10289,#10290);
#10289 = CARTESIAN_POINT('',(-6.701172381009,30.702528241103,0.));
#10290 = VECTOR('',#10291,1.);
#10291 = DIRECTION('',(-0.978700349016,-0.205294000975,0.));
#10292 = ORIENTED_EDGE('',*,*,#10293,.T.);
#10293 = EDGE_CURVE('',#10286,#10294,#10296,.T.);
#10294 = VERTEX_POINT('',#10295);
#10295 = CARTESIAN_POINT('',(-7.962410895389,30.431987255024,0.));
#10296 = LINE('',#10297,#10298);
#10297 = CARTESIAN_POINT('',(-7.310841686809,30.574642876409,0.));
#10298 = VECTOR('',#10299,1.);
#10299 = DIRECTION('',(-0.976860922965,-0.213875517962,0.));
#10300 = ORIENTED_EDGE('',*,*,#10301,.T.);
#10301 = EDGE_CURVE('',#10294,#10302,#10304,.T.);
#10302 = VERTEX_POINT('',#10303);
#10303 = CARTESIAN_POINT('',(-8.551940683406,30.248056089548,0.));
#10304 = LINE('',#10305,#10306);
#10305 = CARTESIAN_POINT('',(-7.962410895389,30.431987255024,0.));
#10306 = VECTOR('',#10307,1.);
#10307 = DIRECTION('',(-0.954616747251,-0.297836978679,0.));
#10308 = ORIENTED_EDGE('',*,*,#10309,.T.);
#10309 = EDGE_CURVE('',#10302,#10310,#10312,.T.);
#10310 = VERTEX_POINT('',#10311);
#10311 = CARTESIAN_POINT('',(-8.996956085867,30.058061089598,0.));
#10312 = LINE('',#10313,#10314);
#10313 = CARTESIAN_POINT('',(-8.551940683406,30.248056089548,0.));
#10314 = VECTOR('',#10315,1.);
#10315 = DIRECTION('',(-0.91968731324,-0.392651557828,0.));
#10316 = ORIENTED_EDGE('',*,*,#10317,.T.);
#10317 = EDGE_CURVE('',#10310,#10318,#10320,.T.);
#10318 = VERTEX_POINT('',#10319);
#10319 = CARTESIAN_POINT('',(-9.544843174584,29.896799268212,0.));
#10320 = LINE('',#10321,#10322);
#10321 = CARTESIAN_POINT('',(-8.996956085867,30.058061089598,0.));
#10322 = VECTOR('',#10323,1.);
#10323 = DIRECTION('',(-0.959309287886,-0.282357380238,0.));
#10324 = ORIENTED_EDGE('',*,*,#10325,.T.);
#10325 = EDGE_CURVE('',#10318,#10326,#10328,.T.);
#10326 = VERTEX_POINT('',#10327);
#10327 = CARTESIAN_POINT('',(-10.37111663381,29.679692376833,0.));
#10328 = LINE('',#10329,#10330);
#10329 = CARTESIAN_POINT('',(-9.544843174584,29.896799268212,0.));
#10330 = VECTOR('',#10331,1.);
#10331 = DIRECTION('',(-0.967170541451,-0.254128203372,0.));
#10332 = ORIENTED_EDGE('',*,*,#10333,.T.);
#10333 = EDGE_CURVE('',#10326,#10334,#10336,.T.);
#10334 = VERTEX_POINT('',#10335);
#10335 = CARTESIAN_POINT('',(-10.77474168755,29.616640850954,0.));
#10336 = LINE('',#10337,#10338);
#10337 = CARTESIAN_POINT('',(-10.37111663381,29.679692376833,0.));
#10338 = VECTOR('',#10339,1.);
#10339 = DIRECTION('',(-0.988017592023,-0.154341303135,0.));
#10340 = ORIENTED_EDGE('',*,*,#10341,.T.);
#10341 = EDGE_CURVE('',#10334,#10342,#10344,.T.);
#10342 = VERTEX_POINT('',#10343);
#10343 = CARTESIAN_POINT('',(-11.20668581504,29.538958035851,0.));
#10344 = LINE('',#10345,#10346);
#10345 = CARTESIAN_POINT('',(-10.77474168755,29.616640850954,0.));
#10346 = VECTOR('',#10347,1.);
#10347 = DIRECTION('',(-0.984209980635,-0.177004841791,0.));
#10348 = ORIENTED_EDGE('',*,*,#10349,.T.);
#10349 = EDGE_CURVE('',#10342,#10350,#10352,.T.);
#10350 = VERTEX_POINT('',#10351);
#10351 = CARTESIAN_POINT('',(-11.98051160235,29.285607105089,0.));
#10352 = LINE('',#10353,#10354);
#10353 = CARTESIAN_POINT('',(-11.20668581504,29.538958035851,0.));
#10354 = VECTOR('',#10355,1.);
#10355 = DIRECTION('',(-0.950361233514,-0.3111487198,0.));
#10356 = ORIENTED_EDGE('',*,*,#10357,.T.);
#10357 = EDGE_CURVE('',#10350,#10358,#10360,.T.);
#10358 = VERTEX_POINT('',#10359);
#10359 = CARTESIAN_POINT('',(-12.15115883207,29.177874229215,0.));
#10360 = LINE('',#10361,#10362);
#10361 = CARTESIAN_POINT('',(-11.98051160235,29.285607105089,0.));
#10362 = VECTOR('',#10363,1.);
#10363 = DIRECTION('',(-0.84558804488,-0.533835984509,0.));
#10364 = ORIENTED_EDGE('',*,*,#10365,.T.);
#10365 = EDGE_CURVE('',#10358,#10366,#10368,.T.);
#10366 = VERTEX_POINT('',#10367);
#10367 = CARTESIAN_POINT('',(-12.43941599274,29.03841927128,0.));
#10368 = LINE('',#10369,#10370);
#10369 = CARTESIAN_POINT('',(-12.15115883207,29.177874229215,0.));
#10370 = VECTOR('',#10371,1.);
#10371 = DIRECTION('',(-0.900189018488,-0.435499404125,0.));
#10372 = ORIENTED_EDGE('',*,*,#10373,.T.);
#10373 = EDGE_CURVE('',#10366,#10374,#10376,.T.);
#10374 = VERTEX_POINT('',#10375);
#10375 = CARTESIAN_POINT('',(-12.84312354571,28.939397229289,0.));
#10376 = LINE('',#10377,#10378);
#10377 = CARTESIAN_POINT('',(-12.43941599274,29.03841927128,0.));
#10378 = VECTOR('',#10379,1.);
#10379 = DIRECTION('',(-0.971211158766,-0.238220244919,0.));
#10380 = ORIENTED_EDGE('',*,*,#10381,.T.);
#10381 = EDGE_CURVE('',#10374,#10382,#10384,.T.);
#10382 = VERTEX_POINT('',#10383);
#10383 = CARTESIAN_POINT('',(-13.36286383849,28.762394584762,0.));
#10384 = LINE('',#10385,#10386);
#10385 = CARTESIAN_POINT('',(-12.84312354571,28.939397229289,0.));
#10386 = VECTOR('',#10387,1.);
#10387 = DIRECTION('',(-0.946611127909,-0.322377686137,0.));
#10388 = ORIENTED_EDGE('',*,*,#10389,.T.);
#10389 = EDGE_CURVE('',#10382,#10390,#10392,.T.);
#10390 = VERTEX_POINT('',#10391);
#10391 = CARTESIAN_POINT('',(-14.5028915732,28.278194424032,0.));
#10392 = LINE('',#10393,#10394);
#10393 = CARTESIAN_POINT('',(-13.36286383849,28.762394584762,0.));
#10394 = VECTOR('',#10395,1.);
#10395 = DIRECTION('',(-0.920421463435,-0.390927524804,0.));
#10396 = ORIENTED_EDGE('',*,*,#10397,.T.);
#10397 = EDGE_CURVE('',#10390,#10398,#10400,.T.);
#10398 = VERTEX_POINT('',#10399);
#10399 = CARTESIAN_POINT('',(-14.87669800838,28.084712002362,0.));
#10400 = LINE('',#10401,#10402);
#10401 = CARTESIAN_POINT('',(-14.5028915732,28.278194424032,0.));
#10402 = VECTOR('',#10403,1.);
#10403 = DIRECTION('',(-0.888087439105,-0.459674559339,0.));
#10404 = ORIENTED_EDGE('',*,*,#10405,.T.);
#10405 = EDGE_CURVE('',#10398,#10406,#10408,.T.);
#10406 = VERTEX_POINT('',#10407);
#10407 = CARTESIAN_POINT('',(-15.02844078231,27.915237865316,0.));
#10408 = LINE('',#10409,#10410);
#10409 = CARTESIAN_POINT('',(-14.87669800838,28.084712002362,0.));
#10410 = VECTOR('',#10411,1.);
#10411 = DIRECTION('',(-0.667058543661,-0.745005301544,0.));
#10412 = ORIENTED_EDGE('',*,*,#10413,.T.);
#10413 = EDGE_CURVE('',#10406,#10414,#10416,.T.);
#10414 = VERTEX_POINT('',#10415);
#10415 = CARTESIAN_POINT('',(-15.107528426,27.799848543657,0.));
#10416 = LINE('',#10417,#10418);
#10417 = CARTESIAN_POINT('',(-15.02844078231,27.915237865316,0.));
#10418 = VECTOR('',#10419,1.);
#10419 = DIRECTION('',(-0.56535105443,-0.824850401743,0.));
#10420 = ORIENTED_EDGE('',*,*,#10421,.T.);
#10421 = EDGE_CURVE('',#10414,#10422,#10424,.T.);
#10422 = VERTEX_POINT('',#10423);
#10423 = CARTESIAN_POINT('',(-15.20632853264,27.754988521204,0.));
#10424 = LINE('',#10425,#10426);
#10425 = CARTESIAN_POINT('',(-15.107528426,27.799848543657,0.));
#10426 = VECTOR('',#10427,1.);
#10427 = DIRECTION('',(-0.91053692246,-0.413427760119,0.));
#10428 = ORIENTED_EDGE('',*,*,#10429,.T.);
#10429 = EDGE_CURVE('',#10422,#10430,#10432,.T.);
#10430 = VERTEX_POINT('',#10431);
#10431 = CARTESIAN_POINT('',(-15.42410708686,27.69751995824,0.));
#10432 = LINE('',#10433,#10434);
#10433 = CARTESIAN_POINT('',(-15.20632853264,27.754988521204,0.));
#10434 = VECTOR('',#10435,1.);
#10435 = DIRECTION('',(-0.966901210233,-0.255151033019,0.));
#10436 = ORIENTED_EDGE('',*,*,#10437,.T.);
#10437 = EDGE_CURVE('',#10430,#10438,#10440,.T.);
#10438 = VERTEX_POINT('',#10439);
#10439 = CARTESIAN_POINT('',(-15.62627872802,27.585668792456,0.));
#10440 = LINE('',#10441,#10442);
#10441 = CARTESIAN_POINT('',(-15.42410708686,27.69751995824,0.));
#10442 = VECTOR('',#10443,1.);
#10443 = DIRECTION('',(-0.87501289606,-0.484099609304,0.));
#10444 = ORIENTED_EDGE('',*,*,#10445,.T.);
#10445 = EDGE_CURVE('',#10438,#10446,#10448,.T.);
#10446 = VERTEX_POINT('',#10447);
#10447 = CARTESIAN_POINT('',(-16.27786734819,27.329456896501,0.));
#10448 = LINE('',#10449,#10450);
#10449 = CARTESIAN_POINT('',(-15.62627872802,27.585668792456,0.));
#10450 = VECTOR('',#10451,1.);
#10451 = DIRECTION('',(-0.930639333615,-0.365937741601,0.));
#10452 = ORIENTED_EDGE('',*,*,#10453,.T.);
#10453 = EDGE_CURVE('',#10446,#10454,#10456,.T.);
#10454 = VERTEX_POINT('',#10455);
#10455 = CARTESIAN_POINT('',(-16.80478507393,27.237189114665,0.));
#10456 = LINE('',#10457,#10458);
#10457 = CARTESIAN_POINT('',(-16.27786734819,27.329456896501,0.));
#10458 = VECTOR('',#10459,1.);
#10459 = DIRECTION('',(-0.985012311592,-0.172484045672,0.));
#10460 = ORIENTED_EDGE('',*,*,#10461,.T.);
#10461 = EDGE_CURVE('',#10454,#10462,#10464,.T.);
#10462 = VERTEX_POINT('',#10463);
#10463 = CARTESIAN_POINT('',(-17.95335875823,27.177572070516,0.));
#10464 = LINE('',#10465,#10466);
#10465 = CARTESIAN_POINT('',(-16.80478507393,27.237189114665,0.));
#10466 = VECTOR('',#10467,1.);
#10467 = DIRECTION('',(-0.998655636544,-5.183550518987E-02,0.));
#10468 = ORIENTED_EDGE('',*,*,#10469,.T.);
#10469 = EDGE_CURVE('',#10462,#10470,#10472,.T.);
#10470 = VERTEX_POINT('',#10471);
#10471 = CARTESIAN_POINT('',(-19.654373974,27.136435493895,0.));
#10472 = LINE('',#10473,#10474);
#10473 = CARTESIAN_POINT('',(-17.95335875823,27.177572070516,0.));
#10474 = VECTOR('',#10475,1.);
#10475 = DIRECTION('',(-0.999707706299,-2.4176475482E-02,0.));
#10476 = ORIENTED_EDGE('',*,*,#10477,.T.);
#10477 = EDGE_CURVE('',#10470,#10478,#10480,.T.);
#10478 = VERTEX_POINT('',#10479);
#10479 = CARTESIAN_POINT('',(-22.39032261191,27.135202433338,0.));
#10480 = LINE('',#10481,#10482);
#10481 = CARTESIAN_POINT('',(-19.654373974,27.136435493895,0.));
#10482 = VECTOR('',#10483,1.);
#10483 = DIRECTION('',(-0.99999989844,-4.506884430769E-04,0.));
#10484 = ORIENTED_EDGE('',*,*,#10485,.T.);
#10485 = EDGE_CURVE('',#10478,#10486,#10488,.T.);
#10486 = VERTEX_POINT('',#10487);
#10487 = CARTESIAN_POINT('',(-24.49851762764,27.10537957335,0.));
#10488 = LINE('',#10489,#10490);
#10489 = CARTESIAN_POINT('',(-22.39032261191,27.135202433338,0.));
#10490 = VECTOR('',#10491,1.);
#10491 = DIRECTION('',(-0.99989995812,-1.414474288689E-02,0.));
#10492 = ORIENTED_EDGE('',*,*,#10493,.T.);
#10493 = EDGE_CURVE('',#10486,#10494,#10496,.T.);
#10494 = VERTEX_POINT('',#10495);
#10495 = CARTESIAN_POINT('',(-25.29997823038,27.095828317156,0.));
#10496 = LINE('',#10497,#10498);
#10497 = CARTESIAN_POINT('',(-24.49851762764,27.10537957335,0.));
#10498 = VECTOR('',#10499,1.);
#10499 = DIRECTION('',(-0.999928996398,-1.191646599732E-02,0.));
#10500 = ORIENTED_EDGE('',*,*,#10501,.T.);
#10501 = EDGE_CURVE('',#10494,#10502,#10504,.T.);
#10502 = VERTEX_POINT('',#10503);
#10503 = CARTESIAN_POINT('',(-25.64811042006,27.13437304019,0.));
#10504 = LINE('',#10505,#10506);
#10505 = CARTESIAN_POINT('',(-25.29997823038,27.095828317156,0.));
#10506 = VECTOR('',#10507,1.);
#10507 = DIRECTION('',(-0.99392647431,0.110046188787,0.));
#10508 = ORIENTED_EDGE('',*,*,#10509,.T.);
#10509 = EDGE_CURVE('',#10502,#10510,#10512,.T.);
#10510 = VERTEX_POINT('',#10511);
#10511 = CARTESIAN_POINT('',(-26.00467208984,27.173347900629,0.));
#10512 = LINE('',#10513,#10514);
#10513 = CARTESIAN_POINT('',(-25.64811042006,27.13437304019,0.));
#10514 = VECTOR('',#10515,1.);
#10515 = DIRECTION('',(-0.994078943172,0.108660272145,0.));
#10516 = ORIENTED_EDGE('',*,*,#10517,.T.);
#10517 = EDGE_CURVE('',#10510,#10518,#10520,.T.);
#10518 = VERTEX_POINT('',#10519);
#10519 = CARTESIAN_POINT('',(-26.82885880386,27.16537822658,0.));
#10520 = LINE('',#10521,#10522);
#10521 = CARTESIAN_POINT('',(-26.00467208984,27.173347900629,0.));
#10522 = VECTOR('',#10523,1.);
#10523 = DIRECTION('',(-0.99995325131,-9.669291364715E-03,0.));
#10524 = ORIENTED_EDGE('',*,*,#10525,.T.);
#10525 = EDGE_CURVE('',#10518,#10526,#10528,.T.);
#10526 = VERTEX_POINT('',#10527);
#10527 = CARTESIAN_POINT('',(-28.03019013879,27.130718526634,0.));
#10528 = LINE('',#10529,#10530);
#10529 = CARTESIAN_POINT('',(-26.82885880386,27.16537822658,0.));
#10530 = VECTOR('',#10531,1.);
#10531 = DIRECTION('',(-0.999584067392,-2.883907448302E-02,0.));
#10532 = ORIENTED_EDGE('',*,*,#10533,.T.);
#10533 = EDGE_CURVE('',#10526,#10534,#10536,.T.);
#10534 = VERTEX_POINT('',#10535);
#10535 = CARTESIAN_POINT('',(-28.54883185727,27.159484241233,0.));
#10536 = LINE('',#10537,#10538);
#10537 = CARTESIAN_POINT('',(-28.03019013879,27.130718526634,0.));
#10538 = VECTOR('',#10539,1.);
#10539 = DIRECTION('',(-0.998465436483,5.537844481067E-02,0.));
#10540 = ORIENTED_EDGE('',*,*,#10541,.T.);
#10541 = EDGE_CURVE('',#10534,#10542,#10544,.T.);
#10542 = VERTEX_POINT('',#10543);
#10543 = CARTESIAN_POINT('',(-28.60531175485,27.215790812816,0.));
#10544 = LINE('',#10545,#10546);
#10545 = CARTESIAN_POINT('',(-28.54883185727,27.159484241233,0.));
#10546 = VECTOR('',#10547,1.);
#10547 = DIRECTION('',(-0.708192600004,0.706019292441,0.));
#10548 = ORIENTED_EDGE('',*,*,#10549,.T.);
#10549 = EDGE_CURVE('',#10542,#10550,#10552,.T.);
#10550 = VERTEX_POINT('',#10551);
#10551 = CARTESIAN_POINT('',(-28.55492042173,27.30972075863,0.));
#10552 = LINE('',#10553,#10554);
#10553 = CARTESIAN_POINT('',(-28.60531175485,27.215790812816,0.));
#10554 = VECTOR('',#10555,1.);
#10555 = DIRECTION('',(0.472744124184,0.881199746397,0.));
#10556 = ORIENTED_EDGE('',*,*,#10557,.T.);
#10557 = EDGE_CURVE('',#10550,#10558,#10560,.T.);
#10558 = VERTEX_POINT('',#10559);
#10559 = CARTESIAN_POINT('',(-28.21859229459,27.639473467073,0.));
#10560 = LINE('',#10561,#10562);
#10561 = CARTESIAN_POINT('',(-28.55492042173,27.30972075863,0.));
#10562 = VECTOR('',#10563,1.);
#10563 = DIRECTION('',(0.714052407683,0.700092250408,0.));
#10564 = ORIENTED_EDGE('',*,*,#10565,.T.);
#10565 = EDGE_CURVE('',#10558,#10566,#10568,.T.);
#10566 = VERTEX_POINT('',#10567);
#10567 = CARTESIAN_POINT('',(-27.29271800091,28.541764978339,0.));
#10568 = LINE('',#10569,#10570);
#10569 = CARTESIAN_POINT('',(-28.21859229459,27.639473467073,0.));
#10570 = VECTOR('',#10571,1.);
#10571 = DIRECTION('',(0.716168659907,0.697927253062,0.));
#10572 = ORIENTED_EDGE('',*,*,#10573,.T.);
#10573 = EDGE_CURVE('',#10566,#10574,#10576,.T.);
#10574 = VERTEX_POINT('',#10575);
#10575 = CARTESIAN_POINT('',(-26.8632537032,28.917182286764,0.));
#10576 = LINE('',#10577,#10578);
#10577 = CARTESIAN_POINT('',(-27.29271800091,28.541764978339,0.));
#10578 = VECTOR('',#10579,1.);
#10579 = DIRECTION('',(0.752892806483,0.658143162197,0.));
#10580 = ORIENTED_EDGE('',*,*,#10581,.T.);
#10581 = EDGE_CURVE('',#10574,#10582,#10584,.T.);
#10582 = VERTEX_POINT('',#10583);
#10583 = CARTESIAN_POINT('',(-26.50616064133,29.134269325647,0.));
#10584 = LINE('',#10585,#10586);
#10585 = CARTESIAN_POINT('',(-26.8632537032,28.917182286764,0.));
#10586 = VECTOR('',#10587,1.);
#10587 = DIRECTION('',(0.854489575805,0.519468540762,0.));
#10588 = ORIENTED_EDGE('',*,*,#10589,.T.);
#10589 = EDGE_CURVE('',#10582,#10590,#10592,.T.);
#10590 = VERTEX_POINT('',#10591);
#10591 = CARTESIAN_POINT('',(-26.16463809579,29.334075870067,0.));
#10592 = LINE('',#10593,#10594);
#10593 = CARTESIAN_POINT('',(-26.50616064133,29.134269325647,0.));
#10594 = VECTOR('',#10595,1.);
#10595 = DIRECTION('',(0.863134647992,0.504973840348,0.));
#10596 = ORIENTED_EDGE('',*,*,#10597,.T.);
#10597 = EDGE_CURVE('',#10590,#10598,#10600,.T.);
#10598 = VERTEX_POINT('',#10599);
#10599 = CARTESIAN_POINT('',(-25.79449317052,29.620081950183,0.));
#10600 = LINE('',#10601,#10602);
#10601 = CARTESIAN_POINT('',(-26.16463809579,29.334075870067,0.));
#10602 = VECTOR('',#10603,1.);
#10603 = DIRECTION('',(0.79130051463,0.611427424595,0.));
#10604 = ORIENTED_EDGE('',*,*,#10605,.T.);
#10605 = EDGE_CURVE('',#10598,#10606,#10608,.T.);
#10606 = VERTEX_POINT('',#10607);
#10607 = CARTESIAN_POINT('',(-25.02965737277,30.225450714611,0.));
#10608 = LINE('',#10609,#10610);
#10609 = CARTESIAN_POINT('',(-25.79449317052,29.620081950183,0.));
#10610 = VECTOR('',#10611,1.);
#10611 = DIRECTION('',(0.784108805503,0.620623381072,0.));
#10612 = ORIENTED_EDGE('',*,*,#10613,.T.);
#10613 = EDGE_CURVE('',#10606,#10614,#10616,.T.);
#10614 = VERTEX_POINT('',#10615);
#10615 = CARTESIAN_POINT('',(-24.38787160223,30.703075287647,0.));
#10616 = LINE('',#10617,#10618);
#10617 = CARTESIAN_POINT('',(-25.02965737277,30.225450714611,0.));
#10618 = VECTOR('',#10619,1.);
#10619 = DIRECTION('',(0.802223308525,0.597024089346,0.));
#10620 = ORIENTED_EDGE('',*,*,#10621,.T.);
#10621 = EDGE_CURVE('',#10614,#10622,#10624,.T.);
#10622 = VERTEX_POINT('',#10623);
#10623 = CARTESIAN_POINT('',(-24.13169693603,30.883225655636,0.));
#10624 = LINE('',#10625,#10626);
#10625 = CARTESIAN_POINT('',(-24.38787160223,30.703075287647,0.));
#10626 = VECTOR('',#10627,1.);
#10627 = DIRECTION('',(0.817987756868,0.575235629645,0.));
#10628 = ORIENTED_EDGE('',*,*,#10629,.T.);
#10629 = EDGE_CURVE('',#10622,#10630,#10632,.T.);
#10630 = VERTEX_POINT('',#10631);
#10631 = CARTESIAN_POINT('',(-23.89142035664,31.007868446055,0.));
#10632 = LINE('',#10633,#10634);
#10633 = CARTESIAN_POINT('',(-24.13169693603,30.883225655636,0.));
#10634 = VECTOR('',#10635,1.);
#10635 = DIRECTION('',(0.887671582462,0.460477102242,0.));
#10636 = ORIENTED_EDGE('',*,*,#10637,.T.);
#10637 = EDGE_CURVE('',#10630,#10638,#10640,.T.);
#10638 = VERTEX_POINT('',#10639);
#10639 = CARTESIAN_POINT('',(-23.66514680823,31.128717203991,0.));
#10640 = LINE('',#10641,#10642);
#10641 = CARTESIAN_POINT('',(-23.89142035664,31.007868446055,0.));
#10642 = VECTOR('',#10643,1.);
#10643 = DIRECTION('',(0.88207837557,0.471102684509,0.));
#10644 = ORIENTED_EDGE('',*,*,#10645,.T.);
#10645 = EDGE_CURVE('',#10638,#10646,#10648,.T.);
#10646 = VERTEX_POINT('',#10647);
#10647 = CARTESIAN_POINT('',(-23.4426439599,31.299726600694,0.));
#10648 = LINE('',#10649,#10650);
#10649 = CARTESIAN_POINT('',(-23.66514680823,31.128717203991,0.));
#10650 = VECTOR('',#10651,1.);
#10651 = DIRECTION('',(0.792876452227,0.609382418112,0.));
#10652 = ORIENTED_EDGE('',*,*,#10653,.T.);
#10653 = EDGE_CURVE('',#10646,#10654,#10656,.T.);
#10654 = VERTEX_POINT('',#10655);
#10655 = CARTESIAN_POINT('',(-23.1172742782,31.579640170507,0.));
#10656 = LINE('',#10657,#10658);
#10657 = CARTESIAN_POINT('',(-23.4426439599,31.299726600694,0.));
#10658 = VECTOR('',#10659,1.);
#10659 = DIRECTION('',(0.758075021446,0.652167357248,0.));
#10660 = ORIENTED_EDGE('',*,*,#10661,.T.);
#10661 = EDGE_CURVE('',#10654,#10662,#10664,.T.);
#10662 = VERTEX_POINT('',#10663);
#10663 = CARTESIAN_POINT('',(-22.9225688173,31.703923410174,0.));
#10664 = LINE('',#10665,#10666);
#10665 = CARTESIAN_POINT('',(-23.1172742782,31.579640170507,0.));
#10666 = VECTOR('',#10667,1.);
#10667 = DIRECTION('',(0.842916008689,0.538045167524,0.));
#10668 = ORIENTED_EDGE('',*,*,#10669,.T.);
#10669 = EDGE_CURVE('',#10662,#10670,#10672,.T.);
#10670 = VERTEX_POINT('',#10671);
#10671 = CARTESIAN_POINT('',(-22.18733568425,32.095749909091,0.));
#10672 = LINE('',#10673,#10674);
#10673 = CARTESIAN_POINT('',(-22.9225688173,31.703923410174,0.));
#10674 = VECTOR('',#10675,1.);
#10675 = DIRECTION('',(0.882501338614,0.470309884378,0.));
#10676 = ORIENTED_EDGE('',*,*,#10677,.T.);
#10677 = EDGE_CURVE('',#10670,#10678,#10680,.T.);
#10678 = VERTEX_POINT('',#10679);
#10679 = CARTESIAN_POINT('',(-21.32858664598,32.52320502003,0.));
#10680 = LINE('',#10681,#10682);
#10681 = CARTESIAN_POINT('',(-22.18733568425,32.095749909091,0.));
#10682 = VECTOR('',#10683,1.);
#10683 = DIRECTION('',(0.895226134141,0.445612128146,0.));
#10684 = ORIENTED_EDGE('',*,*,#10685,.T.);
#10685 = EDGE_CURVE('',#10678,#10686,#10688,.T.);
#10686 = VERTEX_POINT('',#10687);
#10687 = CARTESIAN_POINT('',(-20.83892945458,32.781605102161,0.));
#10688 = LINE('',#10689,#10690);
#10689 = CARTESIAN_POINT('',(-21.32858664598,32.52320502003,0.));
#10690 = VECTOR('',#10691,1.);
#10691 = DIRECTION('',(0.884407195408,0.466716094333,0.));
#10692 = ORIENTED_EDGE('',*,*,#10693,.T.);
#10693 = EDGE_CURVE('',#10686,#10694,#10696,.T.);
#10694 = VERTEX_POINT('',#10695);
#10695 = CARTESIAN_POINT('',(-19.623783745,33.509159359225,0.));
#10696 = LINE('',#10697,#10698);
#10697 = CARTESIAN_POINT('',(-20.83892945458,32.781605102161,0.));
#10698 = VECTOR('',#10699,1.);
#10699 = DIRECTION('',(0.857970136247,0.513699567169,0.));
#10700 = ORIENTED_EDGE('',*,*,#10701,.T.);
#10701 = EDGE_CURVE('',#10694,#10702,#10704,.T.);
#10702 = VERTEX_POINT('',#10703);
#10703 = CARTESIAN_POINT('',(-19.49588082194,33.593775106942,0.));
#10704 = LINE('',#10705,#10706);
#10705 = CARTESIAN_POINT('',(-19.623783745,33.509159359225,0.));
#10706 = VECTOR('',#10707,1.);
#10707 = DIRECTION('',(0.834009899158,0.551749479479,0.));
#10708 = ORIENTED_EDGE('',*,*,#10709,.T.);
#10709 = EDGE_CURVE('',#10702,#10710,#10712,.T.);
#10710 = VERTEX_POINT('',#10711);
#10711 = CARTESIAN_POINT('',(-19.39052445301,33.653533324393,0.));
#10712 = LINE('',#10713,#10714);
#10713 = CARTESIAN_POINT('',(-19.49588082194,33.593775106942,0.));
#10714 = VECTOR('',#10715,1.);
#10715 = DIRECTION('',(0.869822829931,0.493364210834,0.));
#10716 = ORIENTED_EDGE('',*,*,#10717,.T.);
#10717 = EDGE_CURVE('',#10710,#10718,#10720,.T.);
#10718 = VERTEX_POINT('',#10719);
#10719 = CARTESIAN_POINT('',(-19.26793059801,33.678390854659,0.));
#10720 = LINE('',#10721,#10722);
#10721 = CARTESIAN_POINT('',(-19.39052445301,33.653533324393,0.));
#10722 = VECTOR('',#10723,1.);
#10723 = DIRECTION('',(0.980056419055,0.198719439081,0.));
#10724 = ORIENTED_EDGE('',*,*,#10725,.T.);
#10725 = EDGE_CURVE('',#10718,#10726,#10728,.T.);
#10726 = VERTEX_POINT('',#10727);
#10727 = CARTESIAN_POINT('',(-18.89459671356,33.806017861181,0.));
#10728 = LINE('',#10729,#10730);
#10729 = CARTESIAN_POINT('',(-19.26793059801,33.678390854659,0.));
#10730 = VECTOR('',#10731,1.);
#10731 = DIRECTION('',(0.946235748318,0.323477833251,0.));
#10732 = ORIENTED_EDGE('',*,*,#10733,.T.);
#10733 = EDGE_CURVE('',#10726,#10734,#10736,.T.);
#10734 = VERTEX_POINT('',#10735);
#10735 = CARTESIAN_POINT('',(-18.19804176705,34.101436505752,0.));
#10736 = LINE('',#10737,#10738);
#10737 = CARTESIAN_POINT('',(-18.89459671356,33.806017861181,0.));
#10738 = VECTOR('',#10739,1.);
#10739 = DIRECTION('',(0.920624312701,0.390449580438,0.));
#10740 = ORIENTED_EDGE('',*,*,#10741,.T.);
#10741 = EDGE_CURVE('',#10734,#10742,#10744,.T.);
#10742 = VERTEX_POINT('',#10743);
#10743 = CARTESIAN_POINT('',(-17.0225150992,34.67087445906,0.));
#10744 = LINE('',#10745,#10746);
#10745 = CARTESIAN_POINT('',(-18.19804176705,34.101436505752,0.));
#10746 = VECTOR('',#10747,1.);
#10747 = DIRECTION('',(0.899968641128,0.435954636385,0.));
#10748 = ORIENTED_EDGE('',*,*,#10749,.T.);
#10749 = EDGE_CURVE('',#10742,#10750,#10752,.T.);
#10750 = VERTEX_POINT('',#10751);
#10751 = CARTESIAN_POINT('',(-16.55710297547,34.863787775857,0.));
#10752 = LINE('',#10753,#10754);
#10753 = CARTESIAN_POINT('',(-17.0225150992,34.67087445906,0.));
#10754 = VECTOR('',#10755,1.);
#10755 = DIRECTION('',(0.923785958141,0.382909262805,0.));
#10756 = ORIENTED_EDGE('',*,*,#10757,.T.);
#10757 = EDGE_CURVE('',#10750,#10758,#10760,.T.);
#10758 = VERTEX_POINT('',#10759);
#10759 = CARTESIAN_POINT('',(-15.81243581288,35.106552914823,0.));
#10760 = LINE('',#10761,#10762);
#10761 = CARTESIAN_POINT('',(-16.55710297547,34.863787775857,0.));
#10762 = VECTOR('',#10763,1.);
#10763 = DIRECTION('',(0.950752833448,0.309950076127,0.));
#10764 = ORIENTED_EDGE('',*,*,#10765,.T.);
#10765 = EDGE_CURVE('',#10758,#10766,#10768,.T.);
#10766 = VERTEX_POINT('',#10767);
#10767 = CARTESIAN_POINT('',(-15.31600397887,35.290131147044,0.));
#10768 = LINE('',#10769,#10770);
#10769 = CARTESIAN_POINT('',(-15.81243581288,35.106552914823,0.));
#10770 = VECTOR('',#10771,1.);
#10771 = DIRECTION('',(0.937924265929,0.346840123662,0.));
#10772 = ORIENTED_EDGE('',*,*,#10773,.T.);
#10773 = EDGE_CURVE('',#10766,#10774,#10776,.T.);
#10774 = VERTEX_POINT('',#10775);
#10775 = CARTESIAN_POINT('',(-14.90985541929,35.49116192869,0.));
#10776 = LINE('',#10777,#10778);
#10777 = CARTESIAN_POINT('',(-15.31600397887,35.290131147044,0.));
#10778 = VECTOR('',#10779,1.);
#10779 = DIRECTION('',(0.896223622078,0.443602546464,0.));
#10780 = ORIENTED_EDGE('',*,*,#10781,.T.);
#10781 = EDGE_CURVE('',#10774,#10782,#10784,.T.);
#10782 = VERTEX_POINT('',#10783);
#10783 = CARTESIAN_POINT('',(-14.25828621071,35.767861600056,0.));
#10784 = LINE('',#10785,#10786);
#10785 = CARTESIAN_POINT('',(-14.90985541929,35.49116192869,0.));
#10786 = VECTOR('',#10787,1.);
#10787 = DIRECTION('',(0.920441354936,0.390880687836,0.));
#10788 = ORIENTED_EDGE('',*,*,#10789,.T.);
#10789 = EDGE_CURVE('',#10782,#10790,#10792,.T.);
#10790 = VERTEX_POINT('',#10791);
#10791 = CARTESIAN_POINT('',(-13.39227724025,36.05890800821,0.));
#10792 = LINE('',#10793,#10794);
#10793 = CARTESIAN_POINT('',(-14.25828621071,35.767861600056,0.));
#10794 = VECTOR('',#10795,1.);
#10795 = DIRECTION('',(0.947899958767,0.318568153101,0.));
#10796 = ORIENTED_EDGE('',*,*,#10797,.T.);
#10797 = EDGE_CURVE('',#10790,#10798,#10800,.T.);
#10798 = VERTEX_POINT('',#10799);
#10799 = CARTESIAN_POINT('',(-12.86523333921,36.169729050058,0.));
#10800 = LINE('',#10801,#10802);
#10801 = CARTESIAN_POINT('',(-13.39227724025,36.05890800821,0.));
#10802 = VECTOR('',#10803,1.);
#10803 = DIRECTION('',(0.97860050003,0.205769437334,0.));
#10804 = ORIENTED_EDGE('',*,*,#10805,.T.);
#10805 = EDGE_CURVE('',#10798,#10806,#10808,.T.);
#10806 = VERTEX_POINT('',#10807);
#10807 = CARTESIAN_POINT('',(-12.33776238334,36.26705039493,0.));
#10808 = LINE('',#10809,#10810);
#10809 = CARTESIAN_POINT('',(-12.86523333921,36.169729050058,0.));
#10810 = VECTOR('',#10811,1.);
#10811 = DIRECTION('',(0.983401449531,0.181443073883,0.));
#10812 = ORIENTED_EDGE('',*,*,#10813,.T.);
#10813 = EDGE_CURVE('',#10806,#10814,#10816,.T.);
#10814 = VERTEX_POINT('',#10815);
#10815 = CARTESIAN_POINT('',(-11.71678583021,36.442722922255,0.));
#10816 = LINE('',#10817,#10818);
#10817 = CARTESIAN_POINT('',(-12.33776238334,36.26705039493,0.));
#10818 = VECTOR('',#10819,1.);
#10819 = DIRECTION('',(0.962236716819,0.272214071651,0.));
#10820 = ORIENTED_EDGE('',*,*,#10821,.T.);
#10821 = EDGE_CURVE('',#10814,#10822,#10824,.T.);
#10822 = VERTEX_POINT('',#10823);
#10823 = CARTESIAN_POINT('',(-10.71239168165,36.732692883983,0.));
#10824 = LINE('',#10825,#10826);
#10825 = CARTESIAN_POINT('',(-11.71678583021,36.442722922255,0.));
#10826 = VECTOR('',#10827,1.);
#10827 = DIRECTION('',(0.960762207195,0.277373360698,0.));
#10828 = ORIENTED_EDGE('',*,*,#10829,.T.);
#10829 = EDGE_CURVE('',#10822,#10830,#10832,.T.);
#10830 = VERTEX_POINT('',#10831);
#10831 = CARTESIAN_POINT('',(-10.2343814403,36.837549353833,0.));
#10832 = LINE('',#10833,#10834);
#10833 = CARTESIAN_POINT('',(-10.71239168165,36.732692883983,0.));
#10834 = VECTOR('',#10835,1.);
#10835 = DIRECTION('',(0.976775404227,0.214265745508,0.));
#10836 = ORIENTED_EDGE('',*,*,#10837,.T.);
#10837 = EDGE_CURVE('',#10830,#10838,#10840,.T.);
#10838 = VERTEX_POINT('',#10839);
#10839 = CARTESIAN_POINT('',(-9.90457863825,36.888583502404,0.));
#10840 = LINE('',#10841,#10842);
#10841 = CARTESIAN_POINT('',(-10.2343814403,36.837549353833,0.));
#10842 = VECTOR('',#10843,1.);
#10843 = DIRECTION('',(0.988238356027,0.152921390512,0.));
#10844 = ORIENTED_EDGE('',*,*,#10845,.T.);
#10845 = EDGE_CURVE('',#10838,#10846,#10848,.T.);
#10846 = VERTEX_POINT('',#10847);
#10847 = CARTESIAN_POINT('',(-9.38970580001,37.006480856001,0.));
#10848 = LINE('',#10849,#10850);
#10849 = CARTESIAN_POINT('',(-9.90457863825,36.888583502404,0.));
#10850 = VECTOR('',#10851,1.);
#10851 = DIRECTION('',(0.9747711916,0.223206460541,0.));
#10852 = ORIENTED_EDGE('',*,*,#10853,.T.);
#10853 = EDGE_CURVE('',#10846,#10854,#10856,.T.);
#10854 = VERTEX_POINT('',#10855);
#10855 = CARTESIAN_POINT('',(-8.676058347699,37.186317995727,0.));
#10856 = LINE('',#10857,#10858);
#10857 = CARTESIAN_POINT('',(-9.38970580001,37.006480856001,0.));
#10858 = VECTOR('',#10859,1.);
#10859 = DIRECTION('',(0.969685110741,0.244357905554,0.));
#10860 = ORIENTED_EDGE('',*,*,#10861,.T.);
#10861 = EDGE_CURVE('',#10854,#10862,#10864,.T.);
#10862 = VERTEX_POINT('',#10863);
#10863 = CARTESIAN_POINT('',(-8.086528559682,37.345261486798,0.));
#10864 = LINE('',#10865,#10866);
#10865 = CARTESIAN_POINT('',(-8.676058347699,37.186317995727,0.));
#10866 = VECTOR('',#10867,1.);
#10867 = DIRECTION('',(0.965523630083,0.260315423574,0.));
#10868 = ORIENTED_EDGE('',*,*,#10869,.T.);
#10869 = EDGE_CURVE('',#10862,#10870,#10872,.T.);
#10870 = VERTEX_POINT('',#10871);
#10871 = CARTESIAN_POINT('',(-7.465979061383,37.462841200466,0.));
#10872 = LINE('',#10873,#10874);
#10873 = CARTESIAN_POINT('',(-8.086528559682,37.345261486798,0.));
#10874 = VECTOR('',#10875,1.);
#10875 = DIRECTION('',(0.982518599235,0.186164449231,0.));
#10876 = ORIENTED_EDGE('',*,*,#10877,.T.);
#10877 = EDGE_CURVE('',#10870,#10878,#10880,.T.);
#10878 = VERTEX_POINT('',#10879);
#10879 = CARTESIAN_POINT('',(-6.690272776927,37.548515747946,0.));
#10880 = LINE('',#10881,#10882);
#10881 = CARTESIAN_POINT('',(-7.465979061383,37.462841200466,0.));
#10882 = VECTOR('',#10883,1.);
#10883 = DIRECTION('',(0.99395595433,0.109779601259,0.));
#10884 = ORIENTED_EDGE('',*,*,#10885,.T.);
#10885 = EDGE_CURVE('',#10878,#10886,#10888,.T.);
#10886 = VERTEX_POINT('',#10887);
#10887 = CARTESIAN_POINT('',(-5.759448529479,37.626019890589,0.));
#10888 = LINE('',#10889,#10890);
#10889 = CARTESIAN_POINT('',(-6.690272776927,37.548515747946,0.));
#10890 = VECTOR('',#10891,1.);
#10891 = DIRECTION('',(0.99655147469,8.297685396268E-02,0.));
#10892 = ORIENTED_EDGE('',*,*,#10893,.T.);
#10893 = EDGE_CURVE('',#10886,#10894,#10896,.T.);
#10894 = VERTEX_POINT('',#10895);
#10895 = CARTESIAN_POINT('',(-4.890663702594,37.718894276456,0.));
#10896 = LINE('',#10897,#10898);
#10897 = CARTESIAN_POINT('',(-5.759448529479,37.626019890589,0.));
#10898 = VECTOR('',#10899,1.);
#10899 = DIRECTION('',(0.994334548823,0.106295837256,0.));
#10900 = ORIENTED_EDGE('',*,*,#10901,.T.);
#10901 = EDGE_CURVE('',#10894,#10902,#10904,.T.);
#10902 = VERTEX_POINT('',#10903);
#10903 = CARTESIAN_POINT('',(-4.332173036442,37.825374239277,0.));
#10904 = LINE('',#10905,#10906);
#10905 = CARTESIAN_POINT('',(-4.890663702594,37.718894276456,0.));
#10906 = VECTOR('',#10907,1.);
#10907 = DIRECTION('',(0.982305967547,0.18728317095,0.));
#10908 = ORIENTED_EDGE('',*,*,#10909,.T.);
#10909 = EDGE_CURVE('',#10902,#10910,#10912,.T.);
#10910 = VERTEX_POINT('',#10911);
#10911 = CARTESIAN_POINT('',(-3.648768831077,37.924153639655,0.));
#10912 = LINE('',#10913,#10914);
#10913 = CARTESIAN_POINT('',(-4.332173036442,37.825374239277,0.));
#10914 = VECTOR('',#10915,1.);
#10915 = DIRECTION('',(0.989714939092,0.143053623992,0.));
#10916 = ORIENTED_EDGE('',*,*,#10917,.T.);
#10917 = EDGE_CURVE('',#10910,#10918,#10920,.T.);
#10918 = VERTEX_POINT('',#10919);
#10919 = CARTESIAN_POINT('',(-2.532563962108,37.983188343934,0.));
#10920 = LINE('',#10921,#10922);
#10921 = CARTESIAN_POINT('',(-3.648768831077,37.924153639655,0.));
#10922 = VECTOR('',#10923,1.);
#10923 = DIRECTION('',(0.99860431627,5.281495551748E-02,0.));
#10924 = ORIENTED_EDGE('',*,*,#10925,.T.);
#10925 = EDGE_CURVE('',#10918,#9188,#10926,.T.);
#10926 = LINE('',#10927,#10928);
#10927 = CARTESIAN_POINT('',(-2.532563962108,37.983188343934,0.));
#10928 = VECTOR('',#10929,1.);
#10929 = DIRECTION('',(0.999988992309,-4.692042350898E-03,0.));
#10930 = PLANE('',#10931);
#10931 = AXIS2_PLACEMENT_3D('',#10932,#10933,#10934);
#10932 = CARTESIAN_POINT('',(4.510953823889,29.80895149273,0.));
#10933 = DIRECTION('',(-0.,-0.,-1.));
#10934 = DIRECTION('',(-1.,0.,0.));
#10935 = SHELL_BASED_SURFACE_MODEL('',(#10936));
#10936 = OPEN_SHELL('',(#10937));
#10937 = ADVANCED_FACE('',(#10938),#11436,.T.);
#10938 = FACE_BOUND('',#10939,.T.);
#10939 = EDGE_LOOP('',(#10940,#10950,#10958,#10966,#10974,#10982,#10990,
    #10998,#11006,#11014,#11022,#11030,#11038,#11046,#11054,#11062,
    #11070,#11078,#11086,#11094,#11102,#11110,#11118,#11126,#11134,
    #11142,#11150,#11158,#11166,#11174,#11182,#11190,#11198,#11206,
    #11214,#11222,#11230,#11238,#11246,#11254,#11262,#11270,#11278,
    #11286,#11294,#11302,#11310,#11318,#11326,#11334,#11342,#11350,
    #11358,#11366,#11374,#11382,#11390,#11398,#11406,#11414,#11422,
    #11430));
#10940 = ORIENTED_EDGE('',*,*,#10941,.T.);
#10941 = EDGE_CURVE('',#10942,#10944,#10946,.T.);
#10942 = VERTEX_POINT('',#10943);
#10943 = CARTESIAN_POINT('',(3.938081117955,-10.56991444761,0.));
#10944 = VERTEX_POINT('',#10945);
#10945 = CARTESIAN_POINT('',(3.979596732045,-10.56202087479,0.));
#10946 = LINE('',#10947,#10948);
#10947 = CARTESIAN_POINT('',(3.938081117955,-10.56991444761,0.));
#10948 = VECTOR('',#10949,1.);
#10949 = DIRECTION('',(0.982400116126,0.186788682298,0.));
#10950 = ORIENTED_EDGE('',*,*,#10951,.T.);
#10951 = EDGE_CURVE('',#10944,#10952,#10954,.T.);
#10952 = VERTEX_POINT('',#10953);
#10953 = CARTESIAN_POINT('',(4.01257549572,-10.62020302468,0.));
#10954 = LINE('',#10955,#10956);
#10955 = CARTESIAN_POINT('',(3.979596732045,-10.56202087479,0.));
#10956 = VECTOR('',#10957,1.);
#10957 = DIRECTION('',(0.493113058985,-0.869965235546,0.));
#10958 = ORIENTED_EDGE('',*,*,#10959,.T.);
#10959 = EDGE_CURVE('',#10952,#10960,#10962,.T.);
#10960 = VERTEX_POINT('',#10961);
#10961 = CARTESIAN_POINT('',(4.076339817452,-11.00702311024,0.));
#10962 = LINE('',#10963,#10964);
#10963 = CARTESIAN_POINT('',(4.01257549572,-10.62020302468,0.));
#10964 = VECTOR('',#10965,1.);
#10965 = DIRECTION('',(0.162647327607,-0.986684269066,0.));
#10966 = ORIENTED_EDGE('',*,*,#10967,.T.);
#10967 = EDGE_CURVE('',#10960,#10968,#10970,.T.);
#10968 = VERTEX_POINT('',#10969);
#10969 = CARTESIAN_POINT('',(4.107854826417,-11.7127586475,0.));
#10970 = LINE('',#10971,#10972);
#10971 = CARTESIAN_POINT('',(4.076339817452,-11.00702311024,0.));
#10972 = VECTOR('',#10973,1.);
#10973 = DIRECTION('',(4.461109281389E-02,-0.999004429619,0.));
#10974 = ORIENTED_EDGE('',*,*,#10975,.T.);
#10975 = EDGE_CURVE('',#10968,#10976,#10978,.T.);
#10976 = VERTEX_POINT('',#10977);
#10977 = CARTESIAN_POINT('',(4.072848462193,-14.00889166578,0.));
#10978 = LINE('',#10979,#10980);
#10979 = CARTESIAN_POINT('',(4.107854826417,-11.7127586475,0.));
#10980 = VECTOR('',#10981,1.);
#10981 = DIRECTION('',(-1.524401953922E-02,-0.999883803183,0.));
#10982 = ORIENTED_EDGE('',*,*,#10983,.T.);
#10983 = EDGE_CURVE('',#10976,#10984,#10986,.T.);
#10984 = VERTEX_POINT('',#10985);
#10985 = CARTESIAN_POINT('',(4.063399873971,-14.75101986042,0.));
#10986 = LINE('',#10987,#10988);
#10987 = CARTESIAN_POINT('',(4.072848462193,-14.00889166578,0.));
#10988 = VECTOR('',#10989,1.);
#10989 = DIRECTION('',(-1.273071497381E-02,-0.999918961164,0.));
#10990 = ORIENTED_EDGE('',*,*,#10991,.T.);
#10991 = EDGE_CURVE('',#10984,#10992,#10994,.T.);
#10992 = VERTEX_POINT('',#10993);
#10993 = CARTESIAN_POINT('',(4.094977667275,-15.08073231241,0.));
#10994 = LINE('',#10995,#10996);
#10995 = CARTESIAN_POINT('',(4.063399873971,-14.75101986042,0.));
#10996 = VECTOR('',#10997,1.);
#10997 = DIRECTION('',(9.5337487291E-02,-0.995445007781,0.));
#10998 = ORIENTED_EDGE('',*,*,#10999,.T.);
#10999 = EDGE_CURVE('',#10992,#11000,#11002,.T.);
#11000 = VERTEX_POINT('',#11001);
#11001 = CARTESIAN_POINT('',(4.123502989089,-15.41385277614,0.));
#11002 = LINE('',#11003,#11004);
#11003 = CARTESIAN_POINT('',(4.094977667275,-15.08073231241,0.));
#11004 = VECTOR('',#11005,1.);
#11005 = DIRECTION('',(8.531841798641E-02,-0.996353736156,0.));
#11006 = ORIENTED_EDGE('',*,*,#11007,.T.);
#11007 = EDGE_CURVE('',#11000,#11008,#11010,.T.);
#11008 = VERTEX_POINT('',#11009);
#11009 = CARTESIAN_POINT('',(4.103285824973,-16.19100739043,0.));
#11010 = LINE('',#11011,#11012);
#11011 = CARTESIAN_POINT('',(4.123502989089,-15.41385277614,0.));
#11012 = VECTOR('',#11013,1.);
#11013 = DIRECTION('',(-2.60055415924E-02,-0.999661798713,0.));
#11014 = ORIENTED_EDGE('',*,*,#11015,.T.);
#11015 = EDGE_CURVE('',#11008,#11016,#11018,.T.);
#11016 = VERTEX_POINT('',#11017);
#11017 = CARTESIAN_POINT('',(4.052039244783,-18.06697557531,0.));
#11018 = LINE('',#11019,#11020);
#11019 = CARTESIAN_POINT('',(4.103285824973,-16.19100739043,0.));
#11020 = VECTOR('',#11021,1.);
#11021 = DIRECTION('',(-2.730721670012E-02,-0.999627088427,0.));
#11022 = ORIENTED_EDGE('',*,*,#11023,.T.);
#11023 = EDGE_CURVE('',#11016,#11024,#11026,.T.);
#11024 = VERTEX_POINT('',#11025);
#11025 = CARTESIAN_POINT('',(4.067122045089,-18.6747332567,0.));
#11026 = LINE('',#11027,#11028);
#11027 = CARTESIAN_POINT('',(4.052039244783,-18.06697557531,0.));
#11028 = VECTOR('',#11029,1.);
#11029 = DIRECTION('',(2.480948943967E-02,-0.999692197246,0.));
#11030 = ORIENTED_EDGE('',*,*,#11031,.T.);
#11031 = EDGE_CURVE('',#11024,#11032,#11034,.T.);
#11032 = VERTEX_POINT('',#11033);
#11033 = CARTESIAN_POINT('',(4.109225769495,-19.00513834021,0.));
#11034 = LINE('',#11035,#11036);
#11035 = CARTESIAN_POINT('',(4.067122045089,-18.6747332567,0.));
#11036 = VECTOR('',#11037,1.);
#11037 = DIRECTION('',(0.126408406965,-0.991978283355,0.));
#11038 = ORIENTED_EDGE('',*,*,#11039,.T.);
#11039 = EDGE_CURVE('',#11032,#11040,#11042,.T.);
#11040 = VERTEX_POINT('',#11041);
#11041 = CARTESIAN_POINT('',(4.139112328595,-19.4753579324,0.));
#11042 = LINE('',#11043,#11044);
#11043 = CARTESIAN_POINT('',(4.109225769495,-19.00513834021,0.));
#11044 = VECTOR('',#11045,1.);
#11045 = DIRECTION('',(6.343073605479E-02,-0.997986243254,0.));
#11046 = ORIENTED_EDGE('',*,*,#11047,.T.);
#11047 = EDGE_CURVE('',#11040,#11048,#11050,.T.);
#11048 = VERTEX_POINT('',#11049);
#11049 = CARTESIAN_POINT('',(4.093715914354,-20.53483929763,0.));
#11050 = LINE('',#11051,#11052);
#11051 = CARTESIAN_POINT('',(4.139112328595,-19.4753579324,0.));
#11052 = VECTOR('',#11053,1.);
#11053 = DIRECTION('',(-4.28084916553E-02,-0.999083296348,0.));
#11054 = ORIENTED_EDGE('',*,*,#11055,.T.);
#11055 = EDGE_CURVE('',#11048,#11056,#11058,.T.);
#11056 = VERTEX_POINT('',#11057);
#11057 = CARTESIAN_POINT('',(4.014303126643,-21.86056248074,0.));
#11058 = LINE('',#11059,#11060);
#11059 = CARTESIAN_POINT('',(4.093715914354,-20.53483929763,0.));
#11060 = VECTOR('',#11061,1.);
#11061 = DIRECTION('',(-5.97943047179E-02,-0.9982107198,0.));
#11062 = ORIENTED_EDGE('',*,*,#11063,.T.);
#11063 = EDGE_CURVE('',#11056,#11064,#11066,.T.);
#11064 = VERTEX_POINT('',#11065);
#11065 = CARTESIAN_POINT('',(3.05243975733,-21.90379680439,0.));
#11066 = LINE('',#11067,#11068);
#11067 = CARTESIAN_POINT('',(4.014303126643,-21.86056248074,0.));
#11068 = VECTOR('',#11069,1.);
#11069 = DIRECTION('',(-0.998991343936,-4.490317072697E-02,0.));
#11070 = ORIENTED_EDGE('',*,*,#11071,.T.);
#11071 = EDGE_CURVE('',#11064,#11072,#11074,.T.);
#11072 = VERTEX_POINT('',#11073);
#11073 = CARTESIAN_POINT('',(0.70267486547,-21.98551188192,0.));
#11074 = LINE('',#11075,#11076);
#11075 = CARTESIAN_POINT('',(3.05243975733,-21.90379680439,0.));
#11076 = VECTOR('',#11077,1.);
#11077 = DIRECTION('',(-0.999395867942,-3.475484339656E-02,0.));
#11078 = ORIENTED_EDGE('',*,*,#11079,.T.);
#11079 = EDGE_CURVE('',#11072,#11080,#11082,.T.);
#11080 = VERTEX_POINT('',#11081);
#11081 = CARTESIAN_POINT('',(0.193800509807,-21.97069226972,0.));
#11082 = LINE('',#11083,#11084);
#11083 = CARTESIAN_POINT('',(0.70267486547,-21.98551188192,0.));
#11084 = VECTOR('',#11085,1.);
#11085 = DIRECTION('',(-0.999576214189,2.910999875662E-02,0.));
#11086 = ORIENTED_EDGE('',*,*,#11087,.T.);
#11087 = EDGE_CURVE('',#11080,#11088,#11090,.T.);
#11088 = VERTEX_POINT('',#11089);
#11089 = CARTESIAN_POINT('',(-4.465896339247E-02,-21.91964350751,0.));
#11090 = LINE('',#11091,#11092);
#11091 = CARTESIAN_POINT('',(0.193800509807,-21.97069226972,0.));
#11092 = VECTOR('',#11093,1.);
#11093 = DIRECTION('',(-0.977844146426,0.209334243018,0.));
#11094 = ORIENTED_EDGE('',*,*,#11095,.T.);
#11095 = EDGE_CURVE('',#11088,#11096,#11098,.T.);
#11096 = VERTEX_POINT('',#11097);
#11097 = CARTESIAN_POINT('',(-0.453051684006,-21.85769269221,0.));
#11098 = LINE('',#11099,#11100);
#11099 = CARTESIAN_POINT('',(-4.465896339247E-02,-21.91964350751,0.));
#11100 = VECTOR('',#11101,1.);
#11101 = DIRECTION('',(-0.988689266327,0.149978447285,0.));
#11102 = ORIENTED_EDGE('',*,*,#11103,.T.);
#11103 = EDGE_CURVE('',#11096,#11104,#11106,.T.);
#11104 = VERTEX_POINT('',#11105);
#11105 = CARTESIAN_POINT('',(-1.143706419078,-21.82882936951,0.));
#11106 = LINE('',#11107,#11108);
#11107 = CARTESIAN_POINT('',(-0.453051684006,-21.85769269221,0.));
#11108 = VECTOR('',#11109,1.);
#11109 = DIRECTION('',(-0.999127888029,4.175480046546E-02,0.));
#11110 = ORIENTED_EDGE('',*,*,#11111,.T.);
#11111 = EDGE_CURVE('',#11104,#11112,#11114,.T.);
#11112 = VERTEX_POINT('',#11113);
#11113 = CARTESIAN_POINT('',(-1.805975353093,-21.83765270087,0.));
#11114 = LINE('',#11115,#11116);
#11115 = CARTESIAN_POINT('',(-1.143706419078,-21.82882936951,0.));
#11116 = VECTOR('',#11117,1.);
#11117 = DIRECTION('',(-0.999911262211,-1.33217005076E-02,0.));
#11118 = ORIENTED_EDGE('',*,*,#11119,.T.);
#11119 = EDGE_CURVE('',#11112,#11120,#11122,.T.);
#11120 = VERTEX_POINT('',#11121);
#11121 = CARTESIAN_POINT('',(-2.129210670531,-21.88876184775,0.));
#11122 = LINE('',#11123,#11124);
#11123 = CARTESIAN_POINT('',(-1.805975353093,-21.83765270087,0.));
#11124 = VECTOR('',#11125,1.);
#11125 = DIRECTION('',(-0.987729051867,-0.156177207358,0.));
#11126 = ORIENTED_EDGE('',*,*,#11127,.T.);
#11127 = EDGE_CURVE('',#11120,#11128,#11130,.T.);
#11128 = VERTEX_POINT('',#11129);
#11129 = CARTESIAN_POINT('',(-2.469584899586,-21.93949517587,0.));
#11130 = LINE('',#11131,#11132);
#11131 = CARTESIAN_POINT('',(-2.129210670531,-21.88876184775,0.));
#11132 = VECTOR('',#11133,1.);
#11133 = DIRECTION('',(-0.989073534761,-0.147423006467,0.));
#11134 = ORIENTED_EDGE('',*,*,#11135,.T.);
#11135 = EDGE_CURVE('',#11128,#11136,#11138,.T.);
#11136 = VERTEX_POINT('',#11137);
#11137 = CARTESIAN_POINT('',(-3.1623630799,-21.94922152005,0.));
#11138 = LINE('',#11139,#11140);
#11139 = CARTESIAN_POINT('',(-2.469584899586,-21.93949517587,0.));
#11140 = VECTOR('',#11141,1.);
#11141 = DIRECTION('',(-0.999901459066,-1.403823909194E-02,0.));
#11142 = ORIENTED_EDGE('',*,*,#11143,.T.);
#11143 = EDGE_CURVE('',#11136,#11144,#11146,.T.);
#11144 = VERTEX_POINT('',#11145);
#11145 = CARTESIAN_POINT('',(-3.863221331806,-21.9222108212,0.));
#11146 = LINE('',#11147,#11148);
#11147 = CARTESIAN_POINT('',(-3.1623630799,-21.94922152005,0.));
#11148 = VECTOR('',#11149,1.);
#11149 = DIRECTION('',(-0.999258181256,3.851087110794E-02,0.));
#11150 = ORIENTED_EDGE('',*,*,#11151,.T.);
#11151 = EDGE_CURVE('',#11144,#11152,#11154,.T.);
#11152 = VERTEX_POINT('',#11153);
#11153 = CARTESIAN_POINT('',(-4.227835775638,-21.86273302025,0.));
#11154 = LINE('',#11155,#11156);
#11155 = CARTESIAN_POINT('',(-3.863221331806,-21.9222108212,0.));
#11156 = VECTOR('',#11157,1.);
#11157 = DIRECTION('',(-0.986954862843,0.160997200941,0.));
#11158 = ORIENTED_EDGE('',*,*,#11159,.T.);
#11159 = EDGE_CURVE('',#11152,#11160,#11162,.T.);
#11160 = VERTEX_POINT('',#11161);
#11161 = CARTESIAN_POINT('',(-4.298068021796,-21.70600708051,0.));
#11162 = LINE('',#11163,#11164);
#11163 = CARTESIAN_POINT('',(-4.227835775638,-21.86273302025,0.));
#11164 = VECTOR('',#11165,1.);
#11165 = DIRECTION('',(-0.408938523568,0.912561934305,0.));
#11166 = ORIENTED_EDGE('',*,*,#11167,.T.);
#11167 = EDGE_CURVE('',#11160,#11168,#11170,.T.);
#11168 = VERTEX_POINT('',#11169);
#11169 = CARTESIAN_POINT('',(-4.347819379278,-21.41424860194,0.));
#11170 = LINE('',#11171,#11172);
#11171 = CARTESIAN_POINT('',(-4.298068021796,-21.70600708051,0.));
#11172 = VECTOR('',#11173,1.);
#11173 = DIRECTION('',(-0.168095979319,0.985770633432,0.));
#11174 = ORIENTED_EDGE('',*,*,#11175,.T.);
#11175 = EDGE_CURVE('',#11168,#11176,#11178,.T.);
#11176 = VERTEX_POINT('',#11177);
#11177 = CARTESIAN_POINT('',(-4.38632164835,-20.61787566904,0.));
#11178 = LINE('',#11179,#11180);
#11179 = CARTESIAN_POINT('',(-4.347819379278,-21.41424860194,0.));
#11180 = VECTOR('',#11181,1.);
#11181 = DIRECTION('',(-4.829062858232E-02,0.998833327033,0.));
#11182 = ORIENTED_EDGE('',*,*,#11183,.T.);
#11183 = EDGE_CURVE('',#11176,#11184,#11186,.T.);
#11184 = VERTEX_POINT('',#11185);
#11185 = CARTESIAN_POINT('',(-4.344227023124,-19.85809750294,0.));
#11186 = LINE('',#11187,#11188);
#11187 = CARTESIAN_POINT('',(-4.38632164835,-20.61787566904,0.));
#11188 = VECTOR('',#11189,1.);
#11189 = DIRECTION('',(5.531899828352E-02,0.998468731823,0.));
#11190 = ORIENTED_EDGE('',*,*,#11191,.T.);
#11191 = EDGE_CURVE('',#11184,#11192,#11194,.T.);
#11192 = VERTEX_POINT('',#11193);
#11193 = CARTESIAN_POINT('',(-4.293232262733,-19.61208248288,0.));
#11194 = LINE('',#11195,#11196);
#11195 = CARTESIAN_POINT('',(-4.344227023124,-19.85809750294,0.));
#11196 = VECTOR('',#11197,1.);
#11197 = DIRECTION('',(0.202968572074,0.979185252519,0.));
#11198 = ORIENTED_EDGE('',*,*,#11199,.T.);
#11199 = EDGE_CURVE('',#11192,#11200,#11202,.T.);
#11200 = VERTEX_POINT('',#11201);
#11201 = CARTESIAN_POINT('',(-4.222419943868,-19.51939738504,0.));
#11202 = LINE('',#11203,#11204);
#11203 = CARTESIAN_POINT('',(-4.293232262733,-19.61208248288,0.));
#11204 = VECTOR('',#11205,1.);
#11205 = DIRECTION('',(0.607101002432,0.794624674199,0.));
#11206 = ORIENTED_EDGE('',*,*,#11207,.T.);
#11207 = EDGE_CURVE('',#11200,#11208,#11210,.T.);
#11208 = VERTEX_POINT('',#11209);
#11209 = CARTESIAN_POINT('',(-4.020507022713,-19.44186263647,0.));
#11210 = LINE('',#11211,#11212);
#11211 = CARTESIAN_POINT('',(-4.222419943868,-19.51939738504,0.));
#11212 = VECTOR('',#11213,1.);
#11213 = DIRECTION('',(0.93353766498,0.358479327247,0.));
#11214 = ORIENTED_EDGE('',*,*,#11215,.T.);
#11215 = EDGE_CURVE('',#11208,#11216,#11218,.T.);
#11216 = VERTEX_POINT('',#11217);
#11217 = CARTESIAN_POINT('',(-3.719167364744,-19.25956130573,0.));
#11218 = LINE('',#11219,#11220);
#11219 = CARTESIAN_POINT('',(-4.020507022713,-19.44186263647,0.));
#11220 = VECTOR('',#11221,1.);
#11221 = DIRECTION('',(0.855611325283,0.517618836642,0.));
#11222 = ORIENTED_EDGE('',*,*,#11223,.T.);
#11223 = EDGE_CURVE('',#11216,#11224,#11226,.T.);
#11224 = VERTEX_POINT('',#11225);
#11225 = CARTESIAN_POINT('',(-3.431269015059,-19.04794776531,0.));
#11226 = LINE('',#11227,#11228);
#11227 = CARTESIAN_POINT('',(-3.719167364744,-19.25956130573,0.));
#11228 = VECTOR('',#11229,1.);
#11229 = DIRECTION('',(0.805753080418,0.59225161325,0.));
#11230 = ORIENTED_EDGE('',*,*,#11231,.T.);
#11231 = EDGE_CURVE('',#11224,#11232,#11234,.T.);
#11232 = VERTEX_POINT('',#11233);
#11233 = CARTESIAN_POINT('',(-3.269680018756,-18.88247638768,0.));
#11234 = LINE('',#11235,#11236);
#11235 = CARTESIAN_POINT('',(-3.431269015059,-19.04794776531,0.));
#11236 = VECTOR('',#11237,1.);
#11237 = DIRECTION('',(0.698663823537,0.715450111245,0.));
#11238 = ORIENTED_EDGE('',*,*,#11239,.T.);
#11239 = EDGE_CURVE('',#11232,#11240,#11242,.T.);
#11240 = VERTEX_POINT('',#11241);
#11241 = CARTESIAN_POINT('',(-3.137590259803,-18.75427531316,0.));
#11242 = LINE('',#11243,#11244);
#11243 = CARTESIAN_POINT('',(-3.269680018756,-18.88247638768,0.));
#11244 = VECTOR('',#11245,1.);
#11245 = DIRECTION('',(0.717590714372,0.696465050556,0.));
#11246 = ORIENTED_EDGE('',*,*,#11247,.T.);
#11247 = EDGE_CURVE('',#11240,#11248,#11250,.T.);
#11248 = VERTEX_POINT('',#11249);
#11249 = CARTESIAN_POINT('',(-2.867840830684,-18.5651783629,0.));
#11250 = LINE('',#11251,#11252);
#11251 = CARTESIAN_POINT('',(-3.137590259803,-18.75427531316,0.));
#11252 = VECTOR('',#11253,1.);
#11253 = DIRECTION('',(0.818843332611,0.574017069989,0.));
#11254 = ORIENTED_EDGE('',*,*,#11255,.T.);
#11255 = EDGE_CURVE('',#11248,#11256,#11258,.T.);
#11256 = VERTEX_POINT('',#11257);
#11257 = CARTESIAN_POINT('',(-2.142682309414,-18.15167514467,0.));
#11258 = LINE('',#11259,#11260);
#11259 = CARTESIAN_POINT('',(-2.867840830684,-18.5651783629,0.));
#11260 = VECTOR('',#11261,1.);
#11261 = DIRECTION('',(0.868693322797,0.495350291136,0.));
#11262 = ORIENTED_EDGE('',*,*,#11263,.T.);
#11263 = EDGE_CURVE('',#11256,#11264,#11266,.T.);
#11264 = VERTEX_POINT('',#11265);
#11265 = CARTESIAN_POINT('',(-1.810336893239,-17.928887958,0.));
#11266 = LINE('',#11267,#11268);
#11267 = CARTESIAN_POINT('',(-2.142682309414,-18.15167514467,0.));
#11268 = VECTOR('',#11269,1.);
#11269 = DIRECTION('',(0.830636168821,0.556815548495,0.));
#11270 = ORIENTED_EDGE('',*,*,#11271,.T.);
#11271 = EDGE_CURVE('',#11264,#11272,#11274,.T.);
#11272 = VERTEX_POINT('',#11273);
#11273 = CARTESIAN_POINT('',(-1.37478676083,-17.57349768166,0.));
#11274 = LINE('',#11275,#11276);
#11275 = CARTESIAN_POINT('',(-1.810336893239,-17.928887958,0.));
#11276 = VECTOR('',#11277,1.);
#11277 = DIRECTION('',(0.774801354835,0.632204761566,0.));
#11278 = ORIENTED_EDGE('',*,*,#11279,.T.);
#11279 = EDGE_CURVE('',#11272,#11280,#11282,.T.);
#11280 = VERTEX_POINT('',#11281);
#11281 = CARTESIAN_POINT('',(-0.979487759836,-17.20968663844,0.));
#11282 = LINE('',#11283,#11284);
#11283 = CARTESIAN_POINT('',(-1.37478676083,-17.57349768166,0.));
#11284 = VECTOR('',#11285,1.);
#11285 = DIRECTION('',(0.7358048983,0.677193585053,0.));
#11286 = ORIENTED_EDGE('',*,*,#11287,.T.);
#11287 = EDGE_CURVE('',#11280,#11288,#11290,.T.);
#11288 = VERTEX_POINT('',#11289);
#11289 = CARTESIAN_POINT('',(-0.767895737905,-16.96163715118,0.));
#11290 = LINE('',#11291,#11292);
#11291 = CARTESIAN_POINT('',(-0.979487759836,-17.20968663844,0.));
#11292 = VECTOR('',#11293,1.);
#11293 = DIRECTION('',(0.648982825751,0.760803057224,0.));
#11294 = ORIENTED_EDGE('',*,*,#11295,.T.);
#11295 = EDGE_CURVE('',#11288,#11296,#11298,.T.);
#11296 = VERTEX_POINT('',#11297);
#11297 = CARTESIAN_POINT('',(-0.430117201518,-16.5637137303,0.));
#11298 = LINE('',#11299,#11300);
#11299 = CARTESIAN_POINT('',(-0.767895737905,-16.96163715118,0.));
#11300 = VECTOR('',#11301,1.);
#11301 = DIRECTION('',(0.647140671478,0.762370612838,0.));
#11302 = ORIENTED_EDGE('',*,*,#11303,.T.);
#11303 = EDGE_CURVE('',#11296,#11304,#11306,.T.);
#11304 = VERTEX_POINT('',#11305);
#11305 = CARTESIAN_POINT('',(9.248387336555E-02,-16.12809703785,0.));
#11306 = LINE('',#11307,#11308);
#11307 = CARTESIAN_POINT('',(-0.430117201518,-16.5637137303,0.));
#11308 = VECTOR('',#11309,1.);
#11309 = DIRECTION('',(0.768137567079,0.640284841334,0.));
#11310 = ORIENTED_EDGE('',*,*,#11311,.T.);
#11311 = EDGE_CURVE('',#11304,#11312,#11314,.T.);
#11312 = VERTEX_POINT('',#11313);
#11313 = CARTESIAN_POINT('',(0.655478026868,-15.56901546973,0.));
#11314 = LINE('',#11315,#11316);
#11315 = CARTESIAN_POINT('',(9.248387336555E-02,-16.12809703785,0.));
#11316 = VECTOR('',#11317,1.);
#11317 = DIRECTION('',(0.709568090475,0.704636874553,0.));
#11318 = ORIENTED_EDGE('',*,*,#11319,.T.);
#11319 = EDGE_CURVE('',#11312,#11320,#11322,.T.);
#11320 = VERTEX_POINT('',#11321);
#11321 = CARTESIAN_POINT('',(0.942905948961,-15.23488859476,0.));
#11322 = LINE('',#11323,#11324);
#11323 = CARTESIAN_POINT('',(0.655478026868,-15.56901546973,0.));
#11324 = VECTOR('',#11325,1.);
#11325 = DIRECTION('',(0.652142051,0.758096791523,0.));
#11326 = ORIENTED_EDGE('',*,*,#11327,.T.);
#11327 = EDGE_CURVE('',#11320,#11328,#11330,.T.);
#11328 = VERTEX_POINT('',#11329);
#11329 = CARTESIAN_POINT('',(1.066654186558,-15.04990359265,0.));
#11330 = LINE('',#11331,#11332);
#11331 = CARTESIAN_POINT('',(0.942905948961,-15.23488859476,0.));
#11332 = VECTOR('',#11333,1.);
#11333 = DIRECTION('',(0.556021221502,0.831168094455,0.));
#11334 = ORIENTED_EDGE('',*,*,#11335,.T.);
#11335 = EDGE_CURVE('',#11328,#11336,#11338,.T.);
#11336 = VERTEX_POINT('',#11337);
#11337 = CARTESIAN_POINT('',(1.376928935707,-14.61143696418,0.));
#11338 = LINE('',#11339,#11340);
#11339 = CARTESIAN_POINT('',(1.066654186558,-15.04990359265,0.));
#11340 = VECTOR('',#11341,1.);
#11341 = DIRECTION('',(0.577638204405,0.816292903811,0.));
#11342 = ORIENTED_EDGE('',*,*,#11343,.T.);
#11343 = EDGE_CURVE('',#11336,#11344,#11346,.T.);
#11344 = VERTEX_POINT('',#11345);
#11345 = CARTESIAN_POINT('',(1.687203684856,-14.19929915647,0.));
#11346 = LINE('',#11347,#11348);
#11347 = CARTESIAN_POINT('',(1.376928935707,-14.61143696418,0.));
#11348 = VECTOR('',#11349,1.);
#11349 = DIRECTION('',(0.601452250426,0.798908749769,0.));
#11350 = ORIENTED_EDGE('',*,*,#11351,.T.);
#11351 = EDGE_CURVE('',#11344,#11352,#11354,.T.);
#11352 = VERTEX_POINT('',#11353);
#11353 = CARTESIAN_POINT('',(1.894987700074,-13.86658456599,0.));
#11354 = LINE('',#11355,#11356);
#11355 = CARTESIAN_POINT('',(1.687203684856,-14.19929915647,0.));
#11356 = VECTOR('',#11357,1.);
#11357 = DIRECTION('',(0.529700822843,0.848184554375,0.));
#11358 = ORIENTED_EDGE('',*,*,#11359,.T.);
#11359 = EDGE_CURVE('',#11352,#11360,#11362,.T.);
#11360 = VERTEX_POINT('',#11361);
#11361 = CARTESIAN_POINT('',(2.150480534406,-13.59599505158,0.));
#11362 = LINE('',#11363,#11364);
#11363 = CARTESIAN_POINT('',(1.894987700074,-13.86658456599,0.));
#11364 = VECTOR('',#11365,1.);
#11365 = DIRECTION('',(0.686532731591,0.727098898675,0.));
#11366 = ORIENTED_EDGE('',*,*,#11367,.T.);
#11367 = EDGE_CURVE('',#11360,#11368,#11370,.T.);
#11368 = VERTEX_POINT('',#11369);
#11369 = CARTESIAN_POINT('',(2.242015249341,-13.53114494475,0.));
#11370 = LINE('',#11371,#11372);
#11371 = CARTESIAN_POINT('',(2.150480534406,-13.59599505158,0.));
#11372 = VECTOR('',#11373,1.);
#11373 = DIRECTION('',(0.815969744851,0.578094607732,0.));
#11374 = ORIENTED_EDGE('',*,*,#11375,.T.);
#11375 = EDGE_CURVE('',#11368,#11376,#11378,.T.);
#11376 = VERTEX_POINT('',#11377);
#11377 = CARTESIAN_POINT('',(2.355879351312,-13.37776097962,0.));
#11378 = LINE('',#11379,#11380);
#11379 = CARTESIAN_POINT('',(2.242015249341,-13.53114494475,0.));
#11380 = VECTOR('',#11381,1.);
#11381 = DIRECTION('',(0.59605993244,0.802939946035,0.));
#11382 = ORIENTED_EDGE('',*,*,#11383,.T.);
#11383 = EDGE_CURVE('',#11376,#11384,#11386,.T.);
#11384 = VERTEX_POINT('',#11385);
#11385 = CARTESIAN_POINT('',(2.45300824194,-13.19759268924,0.));
#11386 = LINE('',#11387,#11388);
#11387 = CARTESIAN_POINT('',(2.355879351312,-13.37776097962,0.));
#11388 = VECTOR('',#11389,1.);
#11389 = DIRECTION('',(0.474536067309,0.880236059715,0.));
#11390 = ORIENTED_EDGE('',*,*,#11391,.T.);
#11391 = EDGE_CURVE('',#11384,#11392,#11394,.T.);
#11392 = VERTEX_POINT('',#11393);
#11393 = CARTESIAN_POINT('',(2.494337322846,-13.05238960666,0.));
#11394 = LINE('',#11395,#11396);
#11395 = CARTESIAN_POINT('',(2.45300824194,-13.19759268924,0.));
#11396 = VECTOR('',#11397,1.);
#11397 = DIRECTION('',(0.273756387535,0.961799064402,0.));
#11398 = ORIENTED_EDGE('',*,*,#11399,.T.);
#11399 = EDGE_CURVE('',#11392,#11400,#11402,.T.);
#11400 = VERTEX_POINT('',#11401);
#11401 = CARTESIAN_POINT('',(2.622977886073,-12.77800164811,0.));
#11402 = LINE('',#11403,#11404);
#11403 = CARTESIAN_POINT('',(2.494337322846,-13.05238960666,0.));
#11404 = VECTOR('',#11405,1.);
#11405 = DIRECTION('',(0.424491250153,0.905432039715,0.));
#11406 = ORIENTED_EDGE('',*,*,#11407,.T.);
#11407 = EDGE_CURVE('',#11400,#11408,#11410,.T.);
#11408 = VERTEX_POINT('',#11409);
#11409 = CARTESIAN_POINT('',(3.121331466835,-11.93392647714,0.));
#11410 = LINE('',#11411,#11412);
#11411 = CARTESIAN_POINT('',(2.622977886073,-12.77800164811,0.));
#11412 = VECTOR('',#11413,1.);
#11413 = DIRECTION('',(0.508413120591,0.861113290346,0.));
#11414 = ORIENTED_EDGE('',*,*,#11415,.T.);
#11415 = EDGE_CURVE('',#11408,#11416,#11418,.T.);
#11416 = VERTEX_POINT('',#11417);
#11417 = CARTESIAN_POINT('',(3.575271344767,-11.17234945436,0.));
#11418 = LINE('',#11419,#11420);
#11419 = CARTESIAN_POINT('',(3.121331466835,-11.93392647714,0.));
#11420 = VECTOR('',#11421,1.);
#11421 = DIRECTION('',(0.512000304007,0.858985266868,0.));
#11422 = ORIENTED_EDGE('',*,*,#11423,.T.);
#11423 = EDGE_CURVE('',#11416,#11424,#11426,.T.);
#11424 = VERTEX_POINT('',#11425);
#11425 = CARTESIAN_POINT('',(3.791710499735,-10.81765153379,0.));
#11426 = LINE('',#11427,#11428);
#11427 = CARTESIAN_POINT('',(3.575271344767,-11.17234945436,0.));
#11428 = VECTOR('',#11429,1.);
#11429 = DIRECTION('',(0.520887978751,0.85362504274,0.));
#11430 = ORIENTED_EDGE('',*,*,#11431,.T.);
#11431 = EDGE_CURVE('',#11424,#10942,#11432,.T.);
#11432 = LINE('',#11433,#11434);
#11433 = CARTESIAN_POINT('',(3.791710499735,-10.81765153379,0.));
#11434 = VECTOR('',#11435,1.);
#11435 = DIRECTION('',(0.508679138247,0.860956174443,0.));
#11436 = PLANE('',#11437);
#11437 = AXIS2_PLACEMENT_3D('',#11438,#11439,#11440);
#11438 = CARTESIAN_POINT('',(1.124018640304,-17.61203169324,0.));
#11439 = DIRECTION('',(-0.,-0.,-1.));
#11440 = DIRECTION('',(-1.,0.,0.));
#11441 = ( GEOMETRIC_REPRESENTATION_CONTEXT(3) 
GLOBAL_UNCERTAINTY_ASSIGNED_CONTEXT((#11445)) 
GLOBAL_UNIT_ASSIGNED_CONTEXT((#11442,#11443,#11444)) 
REPRESENTATION_CONTEXT('Context #1',
  '3D Context with UNIT and UNCERTAINTY') );
#11442 = ( LENGTH_UNIT() NAMED_UNIT(*) SI_UNIT(.MILLI.,.METRE.) );
#11443 = ( NAMED_UNIT(*) PLANE_ANGLE_UNIT() SI_UNIT($,.RADIAN.) );
#11444 = ( NAMED_UNIT(*) SI_UNIT($,.STERADIAN.) SOLID_ANGLE_UNIT() );
#11445 = UNCERTAINTY_MEASURE_WITH_UNIT(LENGTH_MEASURE(1.E-07),#11442,
  'distance_accuracy_value','confusion accuracy');
#11446 = CONTEXT_DEPENDENT_SHAPE_REPRESENTATION(#11447,#11449);
#11447 = ( REPRESENTATION_RELATIONSHIP('','',#222,#10) 
REPRESENTATION_RELATIONSHIP_WITH_TRANSFORMATION(#11448) 
SHAPE_REPRESENTATION_RELATIONSHIP() );
#11448 = ITEM_DEFINED_TRANSFORMATION('','',#11,#23);
#11449 = PRODUCT_DEFINITION_SHAPE('Placement','Placement of an item',
  #11450);
#11450 = NEXT_ASSEMBLY_USAGE_OCCURRENCE('3','=>[0:1:1:4]','',#5,#217,$);
#11451 = PRODUCT_RELATED_PRODUCT_CATEGORY('part',$,(#219));
#11452 = SHAPE_DEFINITION_REPRESENTATION(#11453,#11459);
#11453 = PRODUCT_DEFINITION_SHAPE('','',#11454);
#11454 = PRODUCT_DEFINITION('design','',#11455,#11458);
#11455 = PRODUCT_DEFINITION_FORMATION('','',#11456);
#11456 = PRODUCT('TopFpcStiffener~5c17','TopFpcStiffener~5c17','',(
    #11457));
#11457 = PRODUCT_CONTEXT('',#2,'mechanical');
#11458 = PRODUCT_DEFINITION_CONTEXT('part definition',#2,'design');
#11459 = SHAPE_REPRESENTATION('',(#11),#11460);
#11460 = ( GEOMETRIC_REPRESENTATION_CONTEXT(3) 
GLOBAL_UNCERTAINTY_ASSIGNED_CONTEXT((#11464)) 
GLOBAL_UNIT_ASSIGNED_CONTEXT((#11461,#11462,#11463)) 
REPRESENTATION_CONTEXT('Context #1',
  '3D Context with UNIT and UNCERTAINTY') );
#11461 = ( LENGTH_UNIT() NAMED_UNIT(*) SI_UNIT(.MILLI.,.METRE.) );
#11462 = ( NAMED_UNIT(*) PLANE_ANGLE_UNIT() SI_UNIT($,.RADIAN.) );
#11463 = ( NAMED_UNIT(*) SI_UNIT($,.STERADIAN.) SOLID_ANGLE_UNIT() );
#11464 = UNCERTAINTY_MEASURE_WITH_UNIT(LENGTH_MEASURE(1.E-07),#11461,
  'distance_accuracy_value','confusion accuracy');
#11465 = CONTEXT_DEPENDENT_SHAPE_REPRESENTATION(#11466,#11468);
#11466 = ( REPRESENTATION_RELATIONSHIP('','',#11459,#10) 
REPRESENTATION_RELATIONSHIP_WITH_TRANSFORMATION(#11467) 
SHAPE_REPRESENTATION_RELATIONSHIP() );
#11467 = ITEM_DEFINED_TRANSFORMATION('','',#11,#27);
#11468 = PRODUCT_DEFINITION_SHAPE('Placement','Placement of an item',
  #11469);
#11469 = NEXT_ASSEMBLY_USAGE_OCCURRENCE('4','=>[0:1:1:5]','',#5,#11454,$
  );
#11470 = PRODUCT_RELATED_PRODUCT_CATEGORY('part',$,(#11456));
#11471 = SHAPE_DEFINITION_REPRESENTATION(#11472,#11478);
#11472 = PRODUCT_DEFINITION_SHAPE('','',#11473);
#11473 = PRODUCT_DEFINITION('design','',#11474,#11477);
#11474 = PRODUCT_DEFINITION_FORMATION('','',#11475);
#11475 = PRODUCT('BottomFpcStiffener~5c17','BottomFpcStiffener~5c17','',
  (#11476));
#11476 = PRODUCT_CONTEXT('',#2,'mechanical');
#11477 = PRODUCT_DEFINITION_CONTEXT('part definition',#2,'design');
#11478 = SHAPE_REPRESENTATION('',(#11),#11479);
#11479 = ( GEOMETRIC_REPRESENTATION_CONTEXT(3) 
GLOBAL_UNCERTAINTY_ASSIGNED_CONTEXT((#11483)) 
GLOBAL_UNIT_ASSIGNED_CONTEXT((#11480,#11481,#11482)) 
REPRESENTATION_CONTEXT('Context #1',
  '3D Context with UNIT and UNCERTAINTY') );
#11480 = ( LENGTH_UNIT() NAMED_UNIT(*) SI_UNIT(.MILLI.,.METRE.) );
#11481 = ( NAMED_UNIT(*) PLANE_ANGLE_UNIT() SI_UNIT($,.RADIAN.) );
#11482 = ( NAMED_UNIT(*) SI_UNIT($,.STERADIAN.) SOLID_ANGLE_UNIT() );
#11483 = UNCERTAINTY_MEASURE_WITH_UNIT(LENGTH_MEASURE(1.E-07),#11480,
  'distance_accuracy_value','confusion accuracy');
#11484 = CONTEXT_DEPENDENT_SHAPE_REPRESENTATION(#11485,#11487);
#11485 = ( REPRESENTATION_RELATIONSHIP('','',#11478,#10) 
REPRESENTATION_RELATIONSHIP_WITH_TRANSFORMATION(#11486) 
SHAPE_REPRESENTATION_RELATIONSHIP() );
#11486 = ITEM_DEFINED_TRANSFORMATION('','',#11,#31);
#11487 = PRODUCT_DEFINITION_SHAPE('Placement','Placement of an item',
  #11488);
#11488 = NEXT_ASSEMBLY_USAGE_OCCURRENCE('5','=>[0:1:1:6]','',#5,#11473,$
  );
#11489 = PRODUCT_RELATED_PRODUCT_CATEGORY('part',$,(#11475));
#11490 = MECHANICAL_DESIGN_GEOMETRIC_PRESENTATION_REPRESENTATION('',(
    #11491,#11499,#11506,#11513,#11520,#11527),#11441);
#11491 = STYLED_ITEM('color',(#11492),#225);
#11492 = PRESENTATION_STYLE_ASSIGNMENT((#11493));
#11493 = SURFACE_STYLE_USAGE(.BOTH.,#11494);
#11494 = SURFACE_SIDE_STYLE('',(#11495));
#11495 = SURFACE_STYLE_FILL_AREA(#11496);
#11496 = FILL_AREA_STYLE('',(#11497));
#11497 = FILL_AREA_STYLE_COLOUR('',#11498);
#11498 = COLOUR_RGB('',0.,0.553236914241,0.749387990722);
#11499 = STYLED_ITEM('color',(#11500),#273);
#11500 = PRESENTATION_STYLE_ASSIGNMENT((#11501));
#11501 = SURFACE_STYLE_USAGE(.BOTH.,#11502);
#11502 = SURFACE_SIDE_STYLE('',(#11503));
#11503 = SURFACE_STYLE_FILL_AREA(#11504);
#11504 = FILL_AREA_STYLE('',(#11505));
#11505 = FILL_AREA_STYLE_COLOUR('',#11498);
#11506 = STYLED_ITEM('color',(#11507),#6363);
#11507 = PRESENTATION_STYLE_ASSIGNMENT((#11508));
#11508 = SURFACE_STYLE_USAGE(.BOTH.,#11509);
#11509 = SURFACE_SIDE_STYLE('',(#11510));
#11510 = SURFACE_STYLE_FILL_AREA(#11511);
#11511 = FILL_AREA_STYLE('',(#11512));
#11512 = FILL_AREA_STYLE_COLOUR('',#11498);
#11513 = STYLED_ITEM('color',(#11514),#8725);
#11514 = PRESENTATION_STYLE_ASSIGNMENT((#11515));
#11515 = SURFACE_STYLE_USAGE(.BOTH.,#11516);
#11516 = SURFACE_SIDE_STYLE('',(#11517));
#11517 = SURFACE_STYLE_FILL_AREA(#11518);
#11518 = FILL_AREA_STYLE('',(#11519));
#11519 = FILL_AREA_STYLE_COLOUR('',#11498);
#11520 = STYLED_ITEM('color',(#11521),#9183);
#11521 = PRESENTATION_STYLE_ASSIGNMENT((#11522));
#11522 = SURFACE_STYLE_USAGE(.BOTH.,#11523);
#11523 = SURFACE_SIDE_STYLE('',(#11524));
#11524 = SURFACE_STYLE_FILL_AREA(#11525);
#11525 = FILL_AREA_STYLE('',(#11526));
#11526 = FILL_AREA_STYLE_COLOUR('',#11498);
#11527 = STYLED_ITEM('color',(#11528),#10937);
#11528 = PRESENTATION_STYLE_ASSIGNMENT((#11529));
#11529 = SURFACE_STYLE_USAGE(.BOTH.,#11530);
#11530 = SURFACE_SIDE_STYLE('',(#11531));
#11531 = SURFACE_STYLE_FILL_AREA(#11532);
#11532 = FILL_AREA_STYLE('',(#11533));
#11533 = FILL_AREA_STYLE_COLOUR('',#11498);
#11534 = MECHANICAL_DESIGN_GEOMETRIC_PRESENTATION_REPRESENTATION('',(
    #11535,#11545,#11553),#137);
#11535 = STYLED_ITEM('color',(#11536),#49);
#11536 = PRESENTATION_STYLE_ASSIGNMENT((#11537,#11543));
#11537 = SURFACE_STYLE_USAGE(.BOTH.,#11538);
#11538 = SURFACE_SIDE_STYLE('',(#11539));
#11539 = SURFACE_STYLE_FILL_AREA(#11540);
#11540 = FILL_AREA_STYLE('',(#11541));
#11541 = FILL_AREA_STYLE_COLOUR('',#11542);
#11542 = COLOUR_RGB('',0.,0.377508427907,0.578582128266);
#11543 = CURVE_STYLE('',#11544,POSITIVE_LENGTH_MEASURE(0.1),#11542);
#11544 = DRAUGHTING_PRE_DEFINED_CURVE_FONT('continuous');
#11545 = OVER_RIDING_STYLED_ITEM('overriding color',(#11546),#51,#11535
  );
#11546 = PRESENTATION_STYLE_ASSIGNMENT((#11547));
#11547 = SURFACE_STYLE_USAGE(.BOTH.,#11548);
#11548 = SURFACE_SIDE_STYLE('',(#11549));
#11549 = SURFACE_STYLE_FILL_AREA(#11550);
#11550 = FILL_AREA_STYLE('',(#11551));
#11551 = FILL_AREA_STYLE_COLOUR('',#11552);
#11552 = COLOUR_RGB('',0.937179583391,0.9357410338,0.649182888601);
#11553 = OVER_RIDING_STYLED_ITEM('overriding color',(#11554),#93,#11535
  );
#11554 = PRESENTATION_STYLE_ASSIGNMENT((#11555));
#11555 = SURFACE_STYLE_USAGE(.BOTH.,#11556);
#11556 = SURFACE_SIDE_STYLE('',(#11557));
#11557 = SURFACE_STYLE_FILL_AREA(#11558);
#11558 = FILL_AREA_STYLE('',(#11559));
#11559 = FILL_AREA_STYLE_COLOUR('',#11552);
#11560 = MECHANICAL_DESIGN_GEOMETRIC_PRESENTATION_REPRESENTATION('',(
    #11561),#204);
#11561 = STYLED_ITEM('color',(#11562),#158);
#11562 = PRESENTATION_STYLE_ASSIGNMENT((#11563));
#11563 = SURFACE_STYLE_USAGE(.BOTH.,#11564);
#11564 = SURFACE_SIDE_STYLE('',(#11565));
#11565 = SURFACE_STYLE_FILL_AREA(#11566);
#11566 = FILL_AREA_STYLE('',(#11567));
#11567 = FILL_AREA_STYLE_COLOUR('',#11498);
ENDSEC;
END-ISO-10303-21;
